candidate_id,proposed_url,page_type,cluster,parent_url,commercial_parent,primary_intent,secondary_intents,district,brand,series,model,condition,gsc_evidence,gsc_clicks,gsc_impressions,gsc_position,commercial_value,local_value,topical_value,unique_content,internal_link_value,positive_score,cannibalization_risk,doorway_risk,thin_content_risk,uniqueness_source,required_inlinks,recommended_outlinks,priority,release_wave,status,reason,locked_core_cluster,cluster_lock_state
B0-0001,/บริการ/รับซื้อ-macbook-อุบล/,service,Core/Existing,/บริการ/รับซื้อโน้ตบุ๊ก-อุบล/,/บริการ/รับซื้อโน้ตบุ๊ก-อุบล/,รับซื้อ MacBook,,,,,,,4,6.0,41.0,7.66,5,4,5,4,3,25,0,0,0,Existing source content.,/บริการ/รับซื้อโน้ตบุ๊ก-อุบล/,,P0,W0,EXISTING_OWNER,PROTECT_WINNER,notebook,LOCKED
B0-0002,/บริการ/รับซื้อโน้ตบุ๊ก-acer-อุบล/,service,Core/Existing,/บริการ/รับซื้อโน้ตบุ๊ก-อุบล/,/บริการ/รับซื้อโน้ตบุ๊ก-อุบล/,โน้ตบุ๊ก Acer,,,,,,,2,0.0,1.0,16.0,5,4,5,4,3,23,0,0,0,Existing source content.,/บริการ/รับซื้อโน้ตบุ๊ก-อุบล/,,P1,W0,EXISTING_OWNER,KEEP_OWNER,notebook,LOCKED
B0-0003,/บริการ/รับซื้อ-iphone-16-pro-อุบล/,service,Core/Existing,/บริการ/รับซื้อ-iphone-อุบล/,/บริการ/รับซื้อ-iphone-อุบล/,iPhone 16 Pro,,,,,,,2,1.0,4.0,1.25,5,4,5,4,3,23,0,0,0,Existing source content.,/บริการ/รับซื้อ-iphone-อุบล/,,P1,W0,EXISTING_OWNER,KEEP_OWNER,mobile,LOCKED
B0-0004,/บริการ/รับซื้อ-macbook-air-m3-อุบล/,service,Core/Existing,/บริการ/รับซื้อ-macbook-อุบล/,/บริการ/รับซื้อ-macbook-อุบล/,MacBook Air M3,,,,,,,0,0.0,0.0,,5,4,5,4,3,21,0,0,0,Existing source content.,/บริการ/รับซื้อ-macbook-อุบล/,,P1,W0,EXISTING_OWNER,KEEP_OWNER,notebook,LOCKED
B0-0005,/บริการ/รับซื้อ-iphone-16-pro-max-อุบล/,service,Core/Existing,/บริการ/รับซื้อ-iphone-อุบล/,/บริการ/รับซื้อ-iphone-อุบล/,iPhone 16 Pro Max,,,,,,,2,0.0,1.0,17.0,5,4,5,4,3,23,0,0,0,Existing source content.,/บริการ/รับซื้อ-iphone-อุบล/,,P1,W0,EXISTING_OWNER,KEEP_OWNER,mobile,LOCKED
B0-0006,/บริการ/รับซื้อคอมพิวเตอร์-พิบูลมังสาหาร/,service,Core/Existing,/บริการ/,/บริการ/,คอมพิวเตอร์ พิบูล,,,,,,,2,0.0,1.0,11.0,5,4,5,4,3,23,0,0,0,Existing source content.,/บริการ/,,P1,W0,EXISTING_OWNER,KEEP_OWNER,local_existing,LOCKED
B0-0007,/บริการ/รับซื้อ-ipad-mini-อุบล/,service,Core/Existing,/บริการ/รับซื้อ-ipad-อุบล/,/บริการ/รับซื้อ-ipad-อุบล/,iPad mini,,,,,,,2,0.0,1.0,13.0,5,4,5,4,3,23,0,0,0,Existing source content.,/บริการ/รับซื้อ-ipad-อุบล/,,P1,W0,EXISTING_OWNER,KEEP_OWNER,tablet,LOCKED
B0-0008,/บริการ/รับซื้อกล้อง-พิบูลมังสาหาร/,service,Core/Existing,/บริการ/,/บริการ/,กล้อง พิบูล,,,,,,,0,0.0,0.0,,5,4,5,4,3,21,0,0,0,Existing source content.,/บริการ/,,P1,W0,EXISTING_OWNER,KEEP_OWNER,local_existing,LOCKED
B0-0009,/บริการ/รับซื้อ-macbook-มหาวิทยาลัยอุบล/,service,Core/Existing,/บริการ/,/บริการ/,MacBook ม.อุบล,,,,,,,0,0.0,0.0,,5,4,5,4,3,21,0,0,0,Existing source content.,/บริการ/,,P1,W0,EXISTING_OWNER,KEEP_OWNER,local_existing,LOCKED
B0-0010,/บริการ/รับซื้อโดรน-dji-อุบล/,service,Core/Existing,/บริการ/รับซื้อกล้อง-อุบล/,/บริการ/รับซื้อกล้อง-อุบล/,โดรน DJI,,,,,,,2,0.0,2.0,5.0,5,4,5,4,3,23,0,0,0,Existing source content.,/บริการ/รับซื้อกล้อง-อุบล/,,P1,W0,EXISTING_OWNER,KEEP_OWNER,camera,LOCKED
B0-0011,/บริการ/รับซื้อคอมร้านเกม-อุบล/,service,Core/Existing,/บริการ/รับซื้อคอมบริษัท-อุบล/,/บริการ/รับซื้อคอมบริษัท-อุบล/,รับซื้อคอมร้านเกม,,,,,,,2,0.0,1.0,9.0,5,4,5,4,3,23,0,0,0,Existing source content.,/บริการ/รับซื้อคอมบริษัท-อุบล/,,P1,W0,EXISTING_OWNER,KEEP_OWNER,b2b_corporate,LOCKED
B0-0012,/บริการ/รับซื้อการ์ดจอ-อุบล/,service,Core/Existing,/บริการ/รับซื้อ-อะไหล่คอม-อุบล/,/บริการ/รับซื้อ-อะไหล่คอม-อุบล/,รับซื้อการ์ดจอ,,,,,,,2,0.0,1.0,3.0,5,4,5,4,3,23,0,0,0,Existing source content.,/บริการ/รับซื้อ-อะไหล่คอม-อุบล/,,P1,W0,EXISTING_OWNER,KEEP_OWNER,pc_hardware,LOCKED
B0-0013,/บริการ/รับซื้อ-apple-pencil-อุบล/,service,Core/Existing,/บริการ/รับซื้อ-ipad-อุบล/,/บริการ/รับซื้อ-ipad-อุบล/,Apple Pencil,,,,,,,2,0.0,1.0,2.0,5,4,5,4,3,23,0,0,0,Existing source content.,/บริการ/รับซื้อ-ipad-อุบล/,,P1,W0,EXISTING_OWNER,KEEP_OWNER,tablet,LOCKED
B0-0014,/บริการ/รับซื้อ-เครื่องเกม-อุบล/,service,Core/Existing,/บริการ/,/บริการ/,รับซื้อเครื่องเกม,,,,,,,5,20.0,132.0,8.48,5,4,5,4,3,26,0,0,0,Existing source content.,/บริการ/,,P0,W0,EXISTING_OWNER,PROTECT_WINNER,gaming,LOCKED
B0-0015,/บริการ/รับซื้อคอมโรงเรียน-อุบล/,service,Core/Existing,/บริการ/รับซื้อคอมบริษัท-อุบล/,/บริการ/รับซื้อคอมบริษัท-อุบล/,รับซื้อคอมโรงเรียน,,,,,,,0,0.0,0.0,,5,4,5,4,3,21,0,0,0,Existing source content.,/บริการ/รับซื้อคอมบริษัท-อุบล/,,P1,W0,EXISTING_OWNER,KEEP_OWNER,b2b_corporate,LOCKED
B0-0016,/บริการ/รับซื้อ-macbook-air-m2-อุบล/,service,Core/Existing,/บริการ/รับซื้อ-macbook-อุบล/,/บริการ/รับซื้อ-macbook-อุบล/,MacBook Air M2,,,,,,,0,0.0,0.0,,5,4,5,4,3,21,0,0,0,Existing source content.,/บริการ/รับซื้อ-macbook-อุบล/,,P1,W0,EXISTING_OWNER,KEEP_OWNER,notebook,LOCKED
B0-0017,/บริการ/รับซื้อโน้ตบุ๊ก-อุบล/,service,Core/Existing,/บริการ/,/บริการ/,รับซื้อโน้ตบุ๊ก,,,,,,,2,1.0,19.0,10.95,5,4,5,4,3,23,0,0,0,Existing source content.,/บริการ/,,P1,W0,EXISTING_OWNER,KEEP_OWNER,notebook,LOCKED
B0-0018,/บริการ/รับซื้อ-ipad-gen-10-อุบล/,service,Core/Existing,/บริการ/รับซื้อ-ipad-อุบล/,/บริการ/รับซื้อ-ipad-อุบล/,iPad Gen 10,,,,,,,2,1.0,2.0,2.0,5,4,5,4,3,23,0,0,0,Existing source content.,/บริการ/รับซื้อ-ipad-อุบล/,,P1,W0,EXISTING_OWNER,KEEP_OWNER,tablet,LOCKED
B0-0019,/บริการ/รับซื้อโน้ตบุ๊กจอแตก-อุบล/,service,Core/Existing,/บริการ/รับซื้อโน้ตบุ๊ก-อุบล/,/บริการ/รับซื้อโน้ตบุ๊ก-อุบล/,รับซื้อโน้ตบุ๊กจอแตก,,,,,,,2,0.0,1.0,27.0,5,4,5,4,3,23,0,0,0,Existing source content.,/บริการ/รับซื้อโน้ตบุ๊ก-อุบล/,,P1,W0,EXISTING_OWNER,KEEP_OWNER,notebook,LOCKED
B0-0020,/บริการ/รับซื้อ-iphone-15-pro-max-อุบล/,service,Core/Existing,/บริการ/รับซื้อ-iphone-อุบล/,/บริการ/รับซื้อ-iphone-อุบล/,iPhone 15 Pro Max,,,,,,,0,0.0,0.0,,5,4,5,4,3,21,0,0,0,Existing source content.,/บริการ/รับซื้อ-iphone-อุบล/,,P1,W0,EXISTING_OWNER,KEEP_OWNER,mobile,LOCKED
B0-0021,/บริการ/รับซื้อ-iphone-15-pro-อุบล/,service,Core/Existing,/บริการ/รับซื้อ-iphone-อุบล/,/บริการ/รับซื้อ-iphone-อุบล/,iPhone 15 Pro,,,,,,,0,0.0,0.0,,5,4,5,4,3,21,0,0,0,Existing source content.,/บริการ/รับซื้อ-iphone-อุบล/,,P1,W0,EXISTING_OWNER,KEEP_OWNER,mobile,LOCKED
B0-0022,/บริการ/รับซื้อ-cpu-อุบล/,service,Core/Existing,/บริการ/รับซื้อ-อะไหล่คอม-อุบล/,/บริการ/รับซื้อ-อะไหล่คอม-อุบล/,รับซื้อ CPU,,,,,,,0,0.0,0.0,,5,4,5,4,3,21,0,0,0,Existing source content.,/บริการ/รับซื้อ-อะไหล่คอม-อุบล/,,P1,W0,EXISTING_OWNER,KEEP_OWNER,pc_hardware,LOCKED
B0-0023,/บริการ/รับซื้อ-ipad-มหาวิทยาลัยอุบล/,service,Core/Existing,/บริการ/,/บริการ/,iPad ม.อุบล,,,,,,,2,0.0,1.0,8.0,5,4,5,4,3,23,0,0,0,Existing source content.,/บริการ/,,P1,W0,EXISTING_OWNER,KEEP_OWNER,local_existing,LOCKED
B0-0024,/บริการ/รับซื้อโน้ตบุ๊ก-lenovo-อุบล/,service,Core/Existing,/บริการ/รับซื้อโน้ตบุ๊ก-อุบล/,/บริการ/รับซื้อโน้ตบุ๊ก-อุบล/,รับซื้อ Lenovo,,,,,,,0,0.0,0.0,,5,4,5,4,3,21,0,0,0,Existing source content.,/บริการ/รับซื้อโน้ตบุ๊ก-อุบล/,,P1,W0,EXISTING_OWNER,KEEP_OWNER,notebook,LOCKED
B0-0025,/บริการ/รับซื้อ-macbook-จอแตก-อุบล/,service,Core/Existing,/บริการ/รับซื้อ-macbook-อุบล/,/บริการ/รับซื้อ-macbook-อุบล/,MacBook จอแตก,,,,,,,0,0.0,0.0,,5,4,5,4,3,21,0,0,0,Existing source content.,/บริการ/รับซื้อ-macbook-อุบล/,,P1,W0,EXISTING_OWNER,KEEP_OWNER,notebook,LOCKED
B0-0026,/บริการ/รับซื้อโน้ตบุ๊ก-วารินชำราบ/,service,Core/Existing,/บริการ/,/บริการ/,โน้ตบุ๊ก วารินชำราบ,,,,,,,0,0.0,0.0,,5,4,5,4,3,21,0,0,0,Existing source content.,/บริการ/,,P1,W0,EXISTING_OWNER,KEEP_OWNER,local_existing,LOCKED
B0-0027,/บริการ/รับซื้อ-steam-deck-อุบล/,service,Core/Existing,/บริการ/รับซื้อ-เครื่องเกม-อุบล/,/บริการ/รับซื้อ-เครื่องเกม-อุบล/,รับซื้อ Steam Deck,,,,,,,0,0.0,0.0,,5,4,5,4,3,21,0,0,0,Existing source content.,/บริการ/รับซื้อ-เครื่องเกม-อุบล/,,P1,W0,EXISTING_OWNER,KEEP_OWNER,gaming,LOCKED
B0-0028,/บริการ/รับซื้อ-ipad-อุบล/,service,Core/Existing,/บริการ/รับซื้อแท็บเล็ต-อุบล/,/บริการ/รับซื้อแท็บเล็ต-อุบล/,รับซื้อ iPad,,,,,,,5,11.0,235.0,7.99,5,4,5,4,3,26,0,0,0,Existing source content.,/บริการ/รับซื้อแท็บเล็ต-อุบล/,,P0,W0,EXISTING_OWNER,PROTECT_WINNER,tablet,LOCKED
B0-0029,/บริการ/รับซื้อลำโพง-jbl-marshall-อุบล/,service,Core/Existing,/บริการ/รับซื้อ-เครื่องเสียง-อุบล/,/บริการ/รับซื้อ-เครื่องเสียง-อุบล/,รับซื้อลำโพง JBL Marshall,,,,,,,2,0.0,3.0,8.67,5,4,5,4,3,23,0,0,0,Existing source content.,/บริการ/รับซื้อ-เครื่องเสียง-อุบล/,,P1,W0,EXISTING_OWNER,KEEP_OWNER,audio,LOCKED
B0-0030,/บริการ/รับซื้อ-dji-osmo-อุบล/,service,Core/Existing,/บริการ/รับซื้อกล้อง-อุบล/,/บริการ/รับซื้อกล้อง-อุบล/,DJI Osmo,,,,,,,0,0.0,0.0,,5,4,5,4,3,21,0,0,0,Existing source content.,/บริการ/รับซื้อกล้อง-อุบล/,,P1,W0,EXISTING_OWNER,KEEP_OWNER,camera,LOCKED
B0-0031,/บริการ/รับซื้อ-nintendo-switch-อุบล/,service,Core/Existing,/บริการ/รับซื้อ-เครื่องเกม-อุบล/,/บริการ/รับซื้อ-เครื่องเกม-อุบล/,รับซื้อ Nintendo Switch,,,,,,,2,1.0,6.0,9.33,5,4,5,4,3,23,0,0,0,Existing source content.,/บริการ/รับซื้อ-เครื่องเกม-อุบล/,,P1,W0,EXISTING_OWNER,KEEP_OWNER,gaming,LOCKED
B0-0032,/บริการ/รับซื้อ-apple-อุบล/,service,Core/Existing,/บริการ/,/บริการ/,รับซื้อ MacBook/iMac/Apple,,,,,,,5,2.0,102.0,10.82,5,4,5,4,3,26,0,0,0,Existing source content.,/บริการ/,,P1,W0,EXISTING_OWNER,KEEP_OWNER,apple_ecosystem,LOCKED
B0-0033,/บริการ/รับซื้อคอมยกล็อต-อุบล/,service,Core/Existing,/บริการ/,/บริการ/,รับซื้อคอมยกล็อต,,,,,,,0,0.0,0.0,,5,4,5,4,3,21,0,0,0,Existing source content.,/บริการ/,,P1,W0,EXISTING_OWNER,KEEP_OWNER,b2b_lot,LOCKED
B0-0034,/บริการ/รับซื้อกล้อง-canon-อุบล/,service,Core/Existing,/บริการ/รับซื้อกล้อง-อุบล/,/บริการ/รับซื้อกล้อง-อุบล/,รับซื้อ Canon,,,,,,,2,1.0,19.0,7.37,5,4,5,4,3,23,0,0,0,Existing source content.,/บริการ/รับซื้อกล้อง-อุบล/,,P1,W0,EXISTING_OWNER,KEEP_OWNER,camera,LOCKED
B0-0035,/บริการ/รับซื้อ-macbook-แบตเสื่อม-อุบล/,service,Core/Existing,/บริการ/รับซื้อ-macbook-อุบล/,/บริการ/รับซื้อ-macbook-อุบล/,MacBook แบตเสื่อม,,,,,,,0,0.0,0.0,,5,4,5,4,3,21,0,0,0,Existing source content.,/บริการ/รับซื้อ-macbook-อุบล/,,P1,W0,EXISTING_OWNER,KEEP_OWNER,notebook,LOCKED
B0-0036,/บริการ/รับซื้อเลนส์-canon-rf-ef-อุบล/,service,Core/Existing,/บริการ/รับซื้อเลนส์กล้อง-อุบล/,/บริการ/รับซื้อเลนส์กล้อง-อุบล/,รับซื้อเลนส์ Canon,,,,,,,2,0.0,2.0,15.5,5,4,5,4,3,23,0,0,0,Existing source content.,/บริการ/รับซื้อเลนส์กล้อง-อุบล/,,P1,W0,EXISTING_OWNER,KEEP_OWNER,camera_lens,LOCKED
B0-0037,/บริการ/รับซื้อ-realme-อุบล/,service,Core/Existing,/บริการ/รับซื้อมือถือ-อุบล/,/บริการ/รับซื้อมือถือ-อุบล/,รับซื้อ realme,,,,,,,0,0.0,0.0,,5,4,5,4,3,21,0,0,0,Existing source content.,/บริการ/รับซื้อมือถือ-อุบล/,,P1,W0,EXISTING_OWNER,KEEP_OWNER,mobile,LOCKED
B0-0038,/บริการ/รับซื้อ-macbook-pro-m2-อุบล/,service,Core/Existing,/บริการ/รับซื้อ-macbook-อุบล/,/บริการ/รับซื้อ-macbook-อุบล/,MacBook Pro M2,,,,,,,0,0.0,0.0,,5,4,5,4,3,21,0,0,0,Existing source content.,/บริการ/รับซื้อ-macbook-อุบล/,,P1,W0,EXISTING_OWNER,KEEP_OWNER,notebook,LOCKED
B0-0039,/บริการ/รับซื้อ-redmi-อุบล/,service,Core/Existing,/บริการ/รับซื้อมือถือ-อุบล/,/บริการ/รับซื้อมือถือ-อุบล/,รับซื้อ Redmi,,,,,,,0,0.0,0.0,,5,4,5,4,3,21,0,0,0,Existing source content.,/บริการ/รับซื้อมือถือ-อุบล/,,P1,W0,EXISTING_OWNER,KEEP_OWNER,mobile,LOCKED
B0-0040,/บริการ/รับซื้อ-imac-อุบล/,service,Core/Existing,/บริการ/รับซื้อ-apple-อุบล/,/บริการ/รับซื้อ-apple-อุบล/,รับซื้อ iMac,,,,,,,2,2.0,7.0,8.29,5,4,5,4,3,23,0,0,0,Existing source content.,/บริการ/รับซื้อ-apple-อุบล/,,P1,W0,EXISTING_OWNER,KEEP_OWNER,apple_ecosystem,LOCKED
B0-0041,/บริการ/รับซื้อแท็บเล็ต-อุบล/,service,Core/Existing,/บริการ/,/บริการ/,รับซื้อแท็บเล็ต,,,,,,,4,1.0,28.0,6.86,5,4,5,4,3,25,0,0,0,Existing source content.,/บริการ/,,P1,W0,EXISTING_OWNER,KEEP_OWNER,tablet,LOCKED
B0-0042,/บริการ/รับซื้อ-iphone-วารินชำราบ/,service,Core/Existing,/บริการ/,/บริการ/,iPhone วารินชำราบ,,,,,,,0,0.0,0.0,,5,4,5,4,3,21,0,0,0,Existing source content.,/บริการ/,,P1,W0,EXISTING_OWNER,KEEP_OWNER,local_existing,LOCKED
B0-0043,/บริการ/รับซื้อ-xiaomi-อุบล/,service,Core/Existing,/บริการ/รับซื้อมือถือ-อุบล/,/บริการ/รับซื้อมือถือ-อุบล/,รับซื้อ Xiaomi,,,,,,,0,0.0,0.0,,5,4,5,4,3,21,0,0,0,Existing source content.,/บริการ/รับซื้อมือถือ-อุบล/,,P1,W0,EXISTING_OWNER,KEEP_OWNER,mobile,LOCKED
B0-0044,/บริการ/รับซื้อ-iphone-13-pro-max-อุบล/,service,Core/Existing,/บริการ/รับซื้อ-iphone-อุบล/,/บริการ/รับซื้อ-iphone-อุบล/,iPhone 13 Pro Max,,,,,,,2,0.0,2.0,9.5,5,4,5,4,3,23,0,0,0,Existing source content.,/บริการ/รับซื้อ-iphone-อุบล/,,P1,W0,EXISTING_OWNER,KEEP_OWNER,mobile,LOCKED
B0-0045,/บริการ/รับซื้อกล้อง-nikon-อุบล/,service,Core/Existing,/บริการ/รับซื้อกล้อง-อุบล/,/บริการ/รับซื้อกล้อง-อุบล/,รับซื้อ Nikon,,,,,,,0,0.0,0.0,,5,4,5,4,3,21,0,0,0,Existing source content.,/บริการ/รับซื้อกล้อง-อุบล/,,P1,W0,EXISTING_OWNER,KEEP_OWNER,camera,LOCKED
B0-0046,/บริการ/รับซื้อ-ps5-อุบล/,service,Core/Existing,/บริการ/รับซื้อ-เครื่องเกม-อุบล/,/บริการ/รับซื้อ-เครื่องเกม-อุบล/,รับซื้อ PS5,,,,,,,2,3.0,6.0,8.0,5,4,5,4,3,23,0,0,0,Existing source content.,/บริการ/รับซื้อ-เครื่องเกม-อุบล/,,P1,W0,EXISTING_OWNER,KEEP_OWNER,gaming,LOCKED
B0-0047,/บริการ/รับซื้อ-iphone-อุบล/,service,Core/Existing,/บริการ/รับซื้อมือถือ-อุบล/,/บริการ/รับซื้อมือถือ-อุบล/,รับซื้อ iPhone,,,,,,,5,8.0,123.0,8.826016260162604,5,4,5,4,3,26,0,0,0,Existing source content.,/บริการ/รับซื้อมือถือ-อุบล/,,P0,W0,EXISTING_OWNER,PROTECT_WINNER,mobile,LOCKED
B0-0048,/บริการ/รับซื้อมือถือ-เดชอุดม/,service,Core/Existing,/บริการ/,/บริการ/,มือถือ เดชอุดม,,,,,,,4,3.0,20.0,4.85,5,4,5,4,3,25,0,0,0,Existing source content.,/บริการ/,,P1,W0,EXISTING_OWNER,KEEP_OWNER,local_existing,LOCKED
B0-0049,/บริการ/รับซื้อกล้อง-vlog-อุบล/,service,Core/Existing,/บริการ/รับซื้อกล้อง-อุบล/,/บริการ/รับซื้อกล้อง-อุบล/,กล้อง Vlog,,,,,,,2,0.0,1.0,6.0,5,4,5,4,3,23,0,0,0,Existing source content.,/บริการ/รับซื้อกล้อง-อุบล/,,P1,W0,EXISTING_OWNER,KEEP_OWNER,camera,LOCKED
B0-0050,/บริการ/รับซื้อ-เครื่องเสียง-อุบล/,service,Core/Existing,/บริการ/,/บริการ/,รับซื้อเครื่องเสียง JBL/Marshall,,,,,,,0,0.0,0.0,,5,4,5,4,3,21,0,0,0,Existing source content.,/บริการ/,,P1,W0,EXISTING_OWNER,KEEP_OWNER,audio,LOCKED
B0-0051,/บริการ/รับซื้อ-iphone-จอแตก-อุบล/,service,Core/Existing,/บริการ/รับซื้อ-iphone-อุบล/,/บริการ/รับซื้อ-iphone-อุบล/,iPhone จอแตก,,,,,,,0,0.0,0.0,,5,4,5,4,3,21,0,0,0,Existing source content.,/บริการ/รับซื้อ-iphone-อุบล/,,P1,W0,EXISTING_OWNER,KEEP_OWNER,mobile,LOCKED
B0-0052,/บริการ/รับซื้อเครื่องเกมพกพา-อุบล/,service,Core/Existing,/บริการ/รับซื้อ-เครื่องเกม-อุบล/,/บริการ/รับซื้อ-เครื่องเกม-อุบล/,รับซื้อเครื่องเกมพกพา,,,,,,,0,0.0,0.0,,5,4,5,4,3,21,0,0,0,Existing source content.,/บริการ/รับซื้อ-เครื่องเกม-อุบล/,,P1,W0,EXISTING_OWNER,KEEP_OWNER,gaming,LOCKED
B0-0053,/บริการ/รับซื้อมือถือ-อุบล/,service,Core/Existing,/บริการ/,/บริการ/,รับซื้อโทรศัพท์มือถือ,,,,,,,5,65.0,870.0,7.879999999999999,5,4,5,4,3,26,0,0,0,Existing source content.,/บริการ/,,P0,W0,EXISTING_OWNER,PROTECT_WINNER,mobile,LOCKED
B0-0054,/บริการ/รับซื้อโน้ตบุ๊กเปิดไม่ติด-อุบล/,service,Core/Existing,/บริการ/รับซื้อโน้ตบุ๊ก-อุบล/,/บริการ/รับซื้อโน้ตบุ๊ก-อุบล/,รับซื้อโน้ตบุ๊กเปิดไม่ติด,,,,,,,2,0.0,1.0,30.0,5,4,5,4,3,23,0,0,0,Existing source content.,/บริการ/รับซื้อโน้ตบุ๊ก-อุบล/,,P1,W0,EXISTING_OWNER,KEEP_OWNER,notebook,LOCKED
B0-0055,/บริการ/รับซื้อโน้ตบุ๊ก-เดชอุดม/,service,Core/Existing,/บริการ/,/บริการ/,โน้ตบุ๊ก เดชอุดม,,,,,,,0,0.0,0.0,,5,4,5,4,3,21,0,0,0,Existing source content.,/บริการ/,,P1,W0,EXISTING_OWNER,KEEP_OWNER,local_existing,LOCKED
B0-0056,/บริการ/รับซื้อกล้อง-อุบล/,service,Core/Existing,/บริการ/,/บริการ/,รับซื้อกล้อง,,,,,,,4,8.0,70.0,7.690000000000001,5,4,5,4,3,25,0,0,0,Existing source content.,/บริการ/,,P0,W0,EXISTING_OWNER,PROTECT_WINNER,camera,LOCKED
B0-0057,/บริการ/รับซื้อคอมสำนักงาน-อุบล/,service,Core/Existing,/บริการ/รับซื้อคอมบริษัท-อุบล/,/บริการ/รับซื้อคอมบริษัท-อุบล/,รับซื้อคอมสำนักงาน,,,,,,,2,0.0,2.0,7.0,5,4,5,4,3,23,0,0,0,Existing source content.,/บริการ/รับซื้อคอมบริษัท-อุบล/,,P1,W0,EXISTING_OWNER,KEEP_OWNER,b2b_corporate,LOCKED
B0-0058,/บริการ/รับซื้อโน้ตบุ๊ก-msi-อุบล/,service,Core/Existing,/บริการ/รับซื้อโน้ตบุ๊ก-อุบล/,/บริการ/รับซื้อโน้ตบุ๊ก-อุบล/,รับซื้อ MSI,,,,,,,0,0.0,0.0,,5,4,5,4,3,21,0,0,0,Existing source content.,/บริการ/รับซื้อโน้ตบุ๊ก-อุบล/,,P1,W0,EXISTING_OWNER,KEEP_OWNER,notebook,LOCKED
B0-0059,/บริการ/รับซื้อเลนส์-sony-fe-อุบล/,service,Core/Existing,/บริการ/รับซื้อเลนส์กล้อง-อุบล/,/บริการ/รับซื้อเลนส์กล้อง-อุบล/,รับซื้อเลนส์ Sony FE,,,,,,,0,0.0,0.0,,5,4,5,4,3,21,0,0,0,Existing source content.,/บริการ/รับซื้อเลนส์กล้อง-อุบล/,,P1,W0,EXISTING_OWNER,KEEP_OWNER,camera_lens,LOCKED
B0-0060,/บริการ/รับซื้อ-rtx-อุบล/,service,Core/Existing,/บริการ/รับซื้อการ์ดจอ-อุบล/,/บริการ/รับซื้อการ์ดจอ-อุบล/,รับซื้อ การ์ดจอ RTX,,,,,,,0,0.0,0.0,,5,4,5,4,3,21,0,0,0,Existing source content.,/บริการ/รับซื้อการ์ดจอ-อุบล/,,P1,W0,EXISTING_OWNER,KEEP_OWNER,pc_hardware,LOCKED
B0-0061,/บริการ/รับซื้อ-xbox-อุบล/,service,Core/Existing,/บริการ/รับซื้อ-เครื่องเกม-อุบล/,/บริการ/รับซื้อ-เครื่องเกม-อุบล/,รับซื้อ Xbox,,,,,,,2,0.0,3.0,8.0,5,4,5,4,3,23,0,0,0,Existing source content.,/บริการ/รับซื้อ-เครื่องเกม-อุบล/,,P1,W0,EXISTING_OWNER,KEEP_OWNER,gaming,LOCKED
B0-0062,/บริการ/รับซื้อโน้ตบุ๊ก-hp-อุบล/,service,Core/Existing,/บริการ/รับซื้อโน้ตบุ๊ก-อุบล/,/บริการ/รับซื้อโน้ตบุ๊ก-อุบล/,รับซื้อ HP,,,,,,,0,0.0,0.0,,5,4,5,4,3,21,0,0,0,Existing source content.,/บริการ/รับซื้อโน้ตบุ๊ก-อุบล/,,P1,W0,EXISTING_OWNER,KEEP_OWNER,notebook,LOCKED
B0-0063,/บริการ/รับซื้อสมาร์ทวอทช์-แก็ดเจ็ต-อุบล/,service,Core/Existing,/บริการ/,/บริการ/,รับซื้อสมาร์ทวอทช์/แก็ดเจ็ต,,,,,,,2,0.0,7.0,10.570000000000002,5,4,5,4,3,23,0,0,0,Existing source content.,/บริการ/,,P1,W0,EXISTING_OWNER,KEEP_OWNER,gadget,LOCKED
B0-0064,/บริการ/รับซื้อกล้อง-sony-อุบล/,service,Core/Existing,/บริการ/รับซื้อกล้อง-อุบล/,/บริการ/รับซื้อกล้อง-อุบล/,รับซื้อกล้อง Sony,,,,,,,4,1.0,23.0,11.78,5,4,5,4,3,25,0,0,0,Existing source content.,/บริการ/รับซื้อกล้อง-อุบล/,,P1,W0,EXISTING_OWNER,KEEP_OWNER,camera,LOCKED
B0-0065,/บริการ/รับซื้ออุปกรณ์ไอทียกล็อต-อุบล/,service,Core/Existing,/บริการ/รับซื้อคอมยกล็อต-อุบล/,/บริการ/รับซื้อคอมยกล็อต-อุบล/,รับซื้ออุปกรณ์ไอทียกล็อต,,,,,,,2,0.0,2.0,7.5,5,4,5,4,3,23,0,0,0,Existing source content.,/บริการ/รับซื้อคอมยกล็อต-อุบล/,,P1,W0,EXISTING_OWNER,KEEP_OWNER,b2b_lot,LOCKED
B0-0066,/บริการ/รับซื้อจอคอม-อุบล/,service,Core/Existing,/บริการ/รับซื้อคอมพิวเตอร์-อุบล/,/บริการ/รับซื้อคอมพิวเตอร์-อุบล/,รับซื้อจอคอม,,,,,,,2,0.0,1.0,15.0,5,4,5,4,3,23,0,0,0,Existing source content.,/บริการ/รับซื้อทีวี-อุบล/,,P1,W0,EXISTING_OWNER,KEEP_OWNER,computer,LOCKED
B0-0067,/บริการ/รับซื้อ-apple-watch-อุบล/,service,Core/Existing,/บริการ/,/บริการ/,รับซื้อ Apple Watch,,,,,,,0,0.0,0.0,,5,4,5,4,3,21,0,0,0,Existing source content.,/บริการ/,,P1,W0,EXISTING_OWNER,KEEP_OWNER,apple_watch,LOCKED
B0-0068,/บริการ/รับซื้อกล้องพร้อมเลนส์-อุบล/,service,Core/Existing,/บริการ/รับซื้อกล้อง-อุบล/,/บริการ/รับซื้อกล้อง-อุบล/,รับซื้อกล้องพร้อมเลนส์,,,,,,,2,0.0,13.0,10.54,5,4,5,4,3,23,0,0,0,Existing source content.,/บริการ/รับซื้อกล้อง-อุบล/,,P1,W0,EXISTING_OWNER,KEEP_OWNER,camera,LOCKED
B0-0069,/บริการ/รับซื้อ-ipad-pro-อุบล/,service,Core/Existing,/บริการ/รับซื้อ-ipad-อุบล/,/บริการ/รับซื้อ-ipad-อุบล/,iPad Pro,,,,,,,2,0.0,2.0,13.0,5,4,5,4,3,23,0,0,0,Existing source content.,/บริการ/รับซื้อ-ipad-อุบล/,,P1,W0,EXISTING_OWNER,KEEP_OWNER,tablet,LOCKED
B0-0070,/บริการ/รับซื้อ-oppo-อุบล/,service,Core/Existing,/บริการ/รับซื้อมือถือ-อุบล/,/บริการ/รับซื้อมือถือ-อุบล/,รับซื้อ OPPO,,,,,,,2,0.0,1.0,7.0,5,4,5,4,3,23,0,0,0,Existing source content.,/บริการ/รับซื้อมือถือ-อุบล/,,P1,W0,EXISTING_OWNER,KEEP_OWNER,mobile,LOCKED
B0-0071,/บริการ/รับซื้อ-ssd-อุบล/,service,Core/Existing,/บริการ/รับซื้อ-อะไหล่คอม-อุบล/,/บริการ/รับซื้อ-อะไหล่คอม-อุบล/,รับซื้อ SSD,,,,,,,2,0.0,1.0,10.0,5,4,5,4,3,23,0,0,0,Existing source content.,/บริการ/รับซื้อ-อะไหล่คอม-อุบล/,,P1,W0,EXISTING_OWNER,KEEP_OWNER,pc_hardware,LOCKED
B0-0072,/บริการ/รับซื้อ-iphone-14-pro-max-อุบล/,service,Core/Existing,/บริการ/รับซื้อ-iphone-อุบล/,/บริการ/รับซื้อ-iphone-อุบล/,iPhone 14 Pro Max,,,,,,,2,1.0,2.0,10.0,5,4,5,4,3,23,0,0,0,Existing source content.,/บริการ/รับซื้อ-iphone-อุบล/,,P1,W0,EXISTING_OWNER,KEEP_OWNER,mobile,LOCKED
B0-0073,/บริการ/รับซื้อ-samsung-อุบล/,service,Core/Existing,/บริการ/รับซื้อมือถือ-อุบล/,/บริการ/รับซื้อมือถือ-อุบล/,รับซื้อ Samsung,,,,,,,4,4.0,61.0,9.3,5,4,5,4,3,25,0,0,0,Existing source content.,/บริการ/รับซื้อมือถือ-อุบล/,,P1,W0,EXISTING_OWNER,KEEP_OWNER,mobile,LOCKED
B0-0074,/บริการ/รับซื้อ-poco-อุบล/,service,Core/Existing,/บริการ/รับซื้อมือถือ-อุบล/,/บริการ/รับซื้อมือถือ-อุบล/,รับซื้อ POCO,,,,,,,2,0.0,4.0,9.5,5,4,5,4,3,23,0,0,0,Existing source content.,/บริการ/รับซื้อมือถือ-อุบล/,,P1,W0,EXISTING_OWNER,KEEP_OWNER,mobile,LOCKED
B0-0075,/บริการ/รับซื้อโน้ตบุ๊กยกล็อต-อุบล/,service,Core/Existing,/บริการ/รับซื้อคอมยกล็อต-อุบล/,/บริการ/รับซื้อคอมยกล็อต-อุบล/,รับซื้อโน้ตบุ๊กยกล็อต,,,,,,,0,0.0,0.0,,5,4,5,4,3,21,0,0,0,Existing source content.,/บริการ/รับซื้อคอมยกล็อต-อุบล/,,P1,W0,EXISTING_OWNER,KEEP_OWNER,b2b_lot,LOCKED
B0-0076,/บริการ/รับซื้อคอมบริษัท-อุบล/,service,Core/Existing,/บริการ/,/บริการ/,รับซื้อคอมบริษัท,,,,,,,2,0.0,2.0,11.0,5,4,5,4,3,23,0,0,0,Existing source content.,/บริการ/,,P1,W0,EXISTING_OWNER,KEEP_OWNER,b2b_corporate,LOCKED
B0-0077,/บริการ/รับซื้อ-nintendo-switch-oled-อุบล/,service,Core/Existing,/บริการ/รับซื้อ-เครื่องเกม-อุบล/,/บริการ/รับซื้อ-เครื่องเกม-อุบล/,รับซื้อ Switch OLED,,,,,,,0,0.0,0.0,,5,4,5,4,3,21,0,0,0,Existing source content.,/บริการ/รับซื้อ-เครื่องเกม-อุบล/,,P1,W0,EXISTING_OWNER,KEEP_OWNER,gaming,LOCKED
B0-0078,/บริการ/รับซื้อ-pc-gaming-อุบล/,service,Core/Existing,/บริการ/รับซื้อคอมพิวเตอร์-อุบล/,/บริการ/รับซื้อคอมพิวเตอร์-อุบล/,รับซื้อ PC Gaming / คอมตั้งโต๊ะ,,,,,,,4,2.0,47.0,12.13,5,4,5,4,3,25,0,0,0,Existing source content.,/บริการ/รับซื้อคอมพิวเตอร์-อุบล/,,P1,W0,EXISTING_OWNER,KEEP_OWNER,computer,LOCKED
B0-0079,/บริการ/รับเทิร์นไอที-อุบล/,service,Core/Existing,/บริการ/,/บริการ/,รับเทิร์นสินค้าไอที,,,,,,,0,0.0,0.0,,5,4,5,4,3,21,0,0,0,Existing source content.,/บริการ/,,P1,W0,EXISTING_OWNER,KEEP_OWNER,trade_in,LOCKED
B0-0080,/บริการ/รับซื้อเลนส์กล้อง-อุบล/,service,Core/Existing,/บริการ/,/บริการ/,รับซื้อเลนส์กล้อง,,,,,,,4,0.0,20.0,8.35,5,4,5,4,3,25,0,0,0,Existing source content.,/บริการ/,,P1,W0,EXISTING_OWNER,KEEP_OWNER,camera_lens,LOCKED
B0-0081,/บริการ/รับซื้อ-macbook-pro-m3-อุบล/,service,Core/Existing,/บริการ/รับซื้อ-macbook-อุบล/,/บริการ/รับซื้อ-macbook-อุบล/,MacBook Pro M3,,,,,,,0,0.0,0.0,,5,4,5,4,3,21,0,0,0,Existing source content.,/บริการ/รับซื้อ-macbook-อุบล/,,P1,W0,EXISTING_OWNER,KEEP_OWNER,notebook,LOCKED
B0-0082,/บริการ/รับซื้อ-macbook-pro-m4-อุบล/,service,Core/Existing,/บริการ/รับซื้อ-macbook-อุบล/,/บริการ/รับซื้อ-macbook-อุบล/,MacBook Pro M4,,,,,,,2,0.0,1.0,7.0,5,4,5,4,3,23,0,0,0,Existing source content.,/บริการ/รับซื้อ-macbook-อุบล/,,P1,W0,EXISTING_OWNER,KEEP_OWNER,notebook,LOCKED
B0-0083,/บริการ/รับซื้อ-samsung-galaxy-s-ultra-อุบล/,service,Core/Existing,/บริการ/รับซื้อ-samsung-อุบล/,/บริการ/รับซื้อ-samsung-อุบล/,Samsung Galaxy S Ultra,,,,,,,2,2.0,14.0,6.5,5,4,5,4,3,23,0,0,0,Existing source content.,/บริการ/รับซื้อ-samsung-อุบล/,,P1,W0,EXISTING_OWNER,KEEP_OWNER,mobile,LOCKED
B0-0084,/บริการ/รับซื้อ-rog-ally-อุบล/,service,Core/Existing,/บริการ/รับซื้อ-เครื่องเกม-อุบล/,/บริการ/รับซื้อ-เครื่องเกม-อุบล/,รับซื้อ ROG Ally,,,,,,,2,0.0,1.0,9.0,5,4,5,4,3,23,0,0,0,Existing source content.,/บริการ/รับซื้อ-เครื่องเกม-อุบล/,,P1,W0,EXISTING_OWNER,KEEP_OWNER,gaming,LOCKED
B0-0085,/บริการ/notebook-broken-ubon/,service,Core/Existing,/บริการ/รับซื้อโน้ตบุ๊ก-อุบล/,/บริการ/รับซื้อโน้ตบุ๊ก-อุบล/,รับซื้อโน้ตบุ๊กเสียหลายอาการ,,,,,,,0,0.0,0.0,,5,4,5,4,3,21,0,0,0,Existing source content.,/บริการ/รับซื้อโน้ตบุ๊ก-อุบล/,,P1,W0,EXISTING_OWNER,KEEP_OWNER,notebook,LOCKED
B0-0086,/บริการ/รับซื้อโน้ตบุ๊ก-asus-อุบล/,service,Core/Existing,/บริการ/รับซื้อโน้ตบุ๊ก-อุบล/,/บริการ/รับซื้อโน้ตบุ๊ก-อุบล/,โน้ตบุ๊ก ASUS,,,,,,,2,0.0,5.0,9.0,5,4,5,4,3,23,0,0,0,Existing source content.,/บริการ/รับซื้อโน้ตบุ๊ก-อุบล/,,P1,W0,EXISTING_OWNER,KEEP_OWNER,notebook,LOCKED
B0-0087,/บริการ/รับซื้ออุปกรณ์คอม-อุบล/,service,Core/Existing,/บริการ/รับซื้อ-อะไหล่คอม-อุบล/,/บริการ/รับซื้อ-อะไหล่คอม-อุบล/,รับซื้ออุปกรณ์คอม,,,,,,,2,0.0,12.0,7.169999999999999,5,4,5,4,3,23,0,0,0,Existing source content.,/บริการ/รับซื้อ-อะไหล่คอม-อุบล/,,P1,W0,EXISTING_OWNER,KEEP_OWNER,pc_hardware,LOCKED
B0-0088,/บริการ/รับซื้อโน้ตบุ๊ก-gaming-อุบล/,service,Core/Existing,/บริการ/รับซื้อโน้ตบุ๊ก-อุบล/,/บริการ/รับซื้อโน้ตบุ๊ก-อุบล/,รับซื้อโน้ตบุ๊กเกมมิ่ง,,,,,,,0,0.0,0.0,,5,4,5,4,3,21,0,0,0,Existing source content.,/บริการ/รับซื้อโน้ตบุ๊ก-อุบล/,,P1,W0,EXISTING_OWNER,KEEP_OWNER,notebook,LOCKED
B0-0089,/บริการ/รับซื้อ-iphone-แบตเสื่อม-อุบล/,service,Core/Existing,/บริการ/รับซื้อ-iphone-อุบล/,/บริการ/รับซื้อ-iphone-อุบล/,iPhone แบตเสื่อม,,,,,,,0,0.0,0.0,,5,4,5,4,3,21,0,0,0,Existing source content.,/บริการ/รับซื้อ-iphone-อุบล/,,P1,W0,EXISTING_OWNER,KEEP_OWNER,mobile,LOCKED
B0-0090,/บริการ/รับซื้อ-อะไหล่คอม-อุบล/,service,Core/Existing,/บริการ/,/บริการ/,รับซื้อการ์ดจอ/อะไหล่คอม,,,,,,,5,15.0,168.0,7.79,5,4,5,4,3,26,0,0,0,Existing source content.,/บริการ/,,P0,W0,EXISTING_OWNER,PROTECT_WINNER,pc_hardware,LOCKED
B0-0091,/บริการ/รับซื้อ-vivo-อุบล/,service,Core/Existing,/บริการ/รับซื้อมือถือ-อุบล/,/บริการ/รับซื้อมือถือ-อุบล/,รับซื้อ vivo,,,,,,,2,0.0,1.0,6.0,5,4,5,4,3,23,0,0,0,Existing source content.,/บริการ/รับซื้อมือถือ-อุบล/,,P1,W0,EXISTING_OWNER,KEEP_OWNER,mobile,LOCKED
B0-0092,/บริการ/รับซื้อคอมประกอบ-อุบล/,service,Core/Existing,/บริการ/รับซื้อคอมพิวเตอร์-อุบล/,/บริการ/รับซื้อคอมพิวเตอร์-อุบล/,รับซื้อ คอมประกอบ,,,,,,,2,0.0,1.0,10.0,5,4,5,4,3,23,0,0,0,Existing source content.,/บริการ/รับซื้อคอมพิวเตอร์-อุบล/,,P1,W0,EXISTING_OWNER,KEEP_OWNER,computer,LOCKED
B0-0093,/บริการ/รับซื้อ-gopro-อุบล/,service,Core/Existing,/บริการ/รับซื้อกล้อง-อุบล/,/บริการ/รับซื้อกล้อง-อุบล/,GoPro,,,,,,,2,0.0,2.0,9.0,5,4,5,4,3,23,0,0,0,Existing source content.,/บริการ/รับซื้อกล้อง-อุบล/,,P1,W0,EXISTING_OWNER,KEEP_OWNER,camera,LOCKED
B0-0094,/บริการ/รับซื้อจอเกมมิ่ง-อุบล/,service,Core/Existing,/บริการ/รับซื้อจอคอม-อุบล/,/บริการ/รับซื้อจอคอม-อุบล/,รับซื้อจอเกมมิ่ง,,,,,,,2,1.0,1.0,19.0,5,4,5,4,3,23,0,0,0,Existing source content.,/บริการ/รับซื้อจอคอม-อุบล/,,P1,W0,EXISTING_OWNER,KEEP_OWNER,computer,LOCKED
B0-0095,/บริการ/รับซื้อทีวี-อุบล/,service,Core/Existing,/บริการ/,/บริการ/,รับซื้อทีวี/เครื่องใช้ไฟฟ้า,,,,,,,0,0.0,0.0,,5,4,5,4,3,21,0,0,0,Existing source content.,/บริการ/,,P1,W0,EXISTING_OWNER,KEEP_OWNER,tv_electronics,LOCKED
B0-0096,/บริการ/รับซื้อ-macbook-air-m4-อุบล/,service,Core/Existing,/บริการ/รับซื้อ-macbook-อุบล/,/บริการ/รับซื้อ-macbook-อุบล/,MacBook Air M4,,,,,,,0,0.0,0.0,,5,4,5,4,3,21,0,0,0,Existing source content.,/บริการ/รับซื้อ-macbook-อุบล/,,P1,W0,EXISTING_OWNER,KEEP_OWNER,notebook,LOCKED
B0-0097,/บริการ/รับซื้อ-ram-อุบล/,service,Core/Existing,/บริการ/รับซื้อ-อะไหล่คอม-อุบล/,/บริการ/รับซื้อ-อะไหล่คอม-อุบล/,รับซื้อ RAM,,,,,,,2,1.0,4.0,4.25,5,4,5,4,3,23,0,0,0,Existing source content.,/บริการ/รับซื้อ-อะไหล่คอม-อุบล/,,P1,W0,EXISTING_OWNER,KEEP_OWNER,pc_hardware,LOCKED
B0-0098,/บริการ/รับซื้อคอมพิวเตอร์-อุบล/,service,Core/Existing,/บริการ/,/บริการ/,รับซื้อคอมพิวเตอร์,,,,,,,5,7.0,106.0,10.36,5,4,5,4,3,26,0,0,0,Existing source content.,/บริการ/,,P0,W0,EXISTING_OWNER,PROTECT_WINNER,computer,LOCKED
B0-0099,/บริการ/รับซื้อ-magic-keyboard-ipad-อุบล/,service,Core/Existing,/บริการ/รับซื้อ-ipad-อุบล/,/บริการ/รับซื้อ-ipad-อุบล/,Magic Keyboard iPad,,,,,,,0,0.0,0.0,,5,4,5,4,3,21,0,0,0,Existing source content.,/บริการ/รับซื้อ-ipad-อุบล/,,P1,W0,EXISTING_OWNER,KEEP_OWNER,tablet,LOCKED
B0-0100,/บริการ/รับซื้อกล้อง-เสีย-อุบล/,service,Core/Existing,/บริการ/รับซื้อกล้อง-อุบล/,/บริการ/รับซื้อกล้อง-อุบล/,รับซื้อกล้องเสีย,,,,,,,0,0.0,0.0,,5,4,5,4,3,21,0,0,0,Existing source content.,/บริการ/รับซื้อกล้อง-อุบล/,,P1,W0,EXISTING_OWNER,KEEP_OWNER,camera,LOCKED
B0-0101,/บริการ/รับซื้อกล้อง-fujifilm-อุบล/,service,Core/Existing,/บริการ/รับซื้อกล้อง-อุบล/,/บริการ/รับซื้อกล้อง-อุบล/,รับซื้อ Fujifilm,,,,,,,2,0.0,1.0,20.0,5,4,5,4,3,23,0,0,0,Existing source content.,/บริการ/รับซื้อกล้อง-อุบล/,,P1,W0,EXISTING_OWNER,KEEP_OWNER,camera,LOCKED
B0-0102,/บริการ/รับซื้อ-ipad-air-อุบล/,service,Core/Existing,/บริการ/รับซื้อ-ipad-อุบล/,/บริการ/รับซื้อ-ipad-อุบล/,iPad Air,,,,,,,2,0.0,3.0,8.0,5,4,5,4,3,23,0,0,0,Existing source content.,/บริการ/รับซื้อ-ipad-อุบล/,,P1,W0,EXISTING_OWNER,KEEP_OWNER,tablet,LOCKED
B0-0103,/บริการ/รับซื้อ-ipad-gen-9-อุบล/,service,Core/Existing,/บริการ/รับซื้อ-ipad-อุบล/,/บริการ/รับซื้อ-ipad-อุบล/,iPad Gen 9,,,,,,,0,0.0,0.0,,5,4,5,4,3,21,0,0,0,Existing source content.,/บริการ/รับซื้อ-ipad-อุบล/,,P1,W0,EXISTING_OWNER,KEEP_OWNER,tablet,LOCKED
B0-0104,/บริการ/รับซื้อโน้ตบุ๊ก-dell-อุบล/,service,Core/Existing,/บริการ/รับซื้อโน้ตบุ๊ก-อุบล/,/บริการ/รับซื้อโน้ตบุ๊ก-อุบล/,รับซื้อ Dell,,,,,,,0,0.0,0.0,,5,4,5,4,3,21,0,0,0,Existing source content.,/บริการ/รับซื้อโน้ตบุ๊ก-อุบล/,,P1,W0,EXISTING_OWNER,KEEP_OWNER,notebook,LOCKED
B0-0105,/พื้นที่/don-mot-daeng/,district,Local,/พื้นที่/,/พื้นที่/,อำเภอดอนมดแดง,,don-mot-daeng,,,,,2,0.0,3.0,3.67,2,5,5,4,3,21,0,0,0,Existing source content.,/พื้นที่/,,P1,W0,EXISTING_OWNER,KEEP_OWNER,non_core_local,LOCKED
B0-0106,/พื้นที่/ubon-university/,landmark,Local,/พื้นที่/,/พื้นที่/,มหาวิทยาลัยอุบลราชธานี,,ubon-university,,,,,2,0.0,1.0,3.0,2,5,3,4,3,19,0,0,0,Existing source content.,/พื้นที่/,,P1,W0,EXISTING_OWNER,KEEP_OWNER,non_core_local,LOCKED
B0-0107,/พื้นที่/tan-sum/,district,Local,/พื้นที่/,/พื้นที่/,อำเภอตาลสุม,,tan-sum,,,,,4,0.0,30.0,8.03,2,5,5,4,3,23,0,0,0,Existing source content.,/พื้นที่/,,P1,W0,EXISTING_OWNER,KEEP_OWNER,non_core_local,LOCKED
B0-0108,/พื้นที่/nam-yuen/,district,Local,/พื้นที่/,/พื้นที่/,อำเภอน้ำยืน,,nam-yuen,,,,,4,7.0,63.0,7.587619047619048,2,5,5,4,3,23,0,0,0,Existing source content.,/พื้นที่/,,P0,W0,EXISTING_OWNER,PROTECT_WINNER,non_core_local,LOCKED
B0-0109,/พื้นที่/buntharik/,district,Local,/พื้นที่/,/พื้นที่/,อำเภอบุณฑริก,,buntharik,,,,,4,3.0,37.0,7.859999999999999,2,5,5,4,3,23,0,0,0,Existing source content.,/พื้นที่/,,P1,W0,EXISTING_OWNER,KEEP_OWNER,non_core_local,LOCKED
B0-0110,/พื้นที่/na-chaluai/,district,Local,/พื้นที่/,/พื้นที่/,อำเภอนาจะหลวย,,na-chaluai,,,,,4,4.0,36.0,8.19,2,5,5,4,3,23,0,0,0,Existing source content.,/พื้นที่/,,P1,W0,EXISTING_OWNER,KEEP_OWNER,non_core_local,LOCKED
B0-0111,/พื้นที่/kut-khaopun/,district,Local,/พื้นที่/,/พื้นที่/,อำเภอกุดข้าวปุ้น,,kut-khaopun,,,,,4,2.0,62.0,8.18,2,5,5,4,3,23,0,0,0,Existing source content.,/พื้นที่/,,P1,W0,EXISTING_OWNER,KEEP_OWNER,non_core_local,LOCKED
B0-0112,/พื้นที่/khong-chiam/,district,Local,/พื้นที่/,/พื้นที่/,อำเภอโขงเจียม,,khong-chiam,,,,,4,1.0,56.0,6.089999999999999,2,5,5,4,3,23,0,0,0,Existing source content.,/พื้นที่/,,P0,W0,EXISTING_OWNER,PROTECT_WINNER,non_core_local,LOCKED
B0-0113,/พื้นที่/sawang-wirawong/,district,Local,/พื้นที่/,/พื้นที่/,อำเภอสว่างวีระวงศ์,,sawang-wirawong,,,,,4,0.0,24.0,7.71,2,5,5,4,3,23,0,0,0,Existing source content.,/พื้นที่/,,P1,W0,EXISTING_OWNER,KEEP_OWNER,non_core_local,LOCKED
B0-0114,/พื้นที่/na-yia/,district,Local,/พื้นที่/,/พื้นที่/,อำเภอนาเยีย,,na-yia,,,,,2,1.0,9.0,6.67,2,5,5,4,3,21,0,0,0,Existing source content.,/พื้นที่/,,P1,W0,EXISTING_OWNER,KEEP_OWNER,non_core_local,LOCKED
B0-0115,/พื้นที่/na-tan/,district,Local,/พื้นที่/,/พื้นที่/,อำเภอนาตาล,,na-tan,,,,,2,2.0,12.0,7.25,2,5,5,4,3,21,0,0,0,Existing source content.,/พื้นที่/,,P1,W0,EXISTING_OWNER,KEEP_OWNER,non_core_local,LOCKED
B0-0116,/พื้นที่/trakan-phuet-phon/,district,Local,/พื้นที่/,/พื้นที่/,อำเภอตระการพืชผล,,trakan-phuet-phon,,,,,4,2.0,46.0,7.59,2,5,5,4,3,23,0,0,0,Existing source content.,/พื้นที่/,,P0,W0,EXISTING_OWNER,PROTECT_WINNER,non_core_local,LOCKED
B0-0117,/พื้นที่/muang-sam-sip/,district,Local,/พื้นที่/,/พื้นที่/,อำเภอม่วงสามสิบ,,muang-sam-sip,,,,,4,1.0,26.0,5.69,2,5,5,4,3,23,0,0,0,Existing source content.,/พื้นที่/,,P1,W0,EXISTING_OWNER,KEEP_OWNER,non_core_local,LOCKED
B0-0118,/พื้นที่/khemarat/,district,Local,/พื้นที่/,/พื้นที่/,อำเภอเขมราฐ,,khemarat,,,,,4,4.0,71.0,7.489999999999999,2,5,5,4,3,23,0,0,0,Existing source content.,/พื้นที่/,,P0,W0,EXISTING_OWNER,PROTECT_WINNER,non_core_local,LOCKED
B0-0119,/พื้นที่/samrong/,district,Local,/พื้นที่/,/พื้นที่/,อำเภอสำโรง,,samrong,,,,,4,3.0,44.0,7.0,2,5,5,4,3,23,0,0,0,Existing source content.,/พื้นที่/,,P1,W0,EXISTING_OWNER,KEEP_OWNER,non_core_local,LOCKED
B0-0120,/พื้นที่/det-udom/,district,Local,/พื้นที่/,/พื้นที่/,อำเภอเดชอุดม,,det-udom,,,,,5,12.0,221.0,7.16,2,5,5,4,3,24,0,0,0,Existing source content.,/พื้นที่/,,P0,W0,EXISTING_OWNER,PROTECT_WINNER,non_core_local,LOCKED
B0-0121,/พื้นที่/sirindhorn/,district,Local,/พื้นที่/,/พื้นที่/,อำเภอสิรินธร,,sirindhorn,,,,,4,2.0,54.0,7.13,2,5,5,4,3,23,0,0,0,Existing source content.,/พื้นที่/,,P0,W0,EXISTING_OWNER,PROTECT_WINNER,non_core_local,LOCKED
B0-0122,/พื้นที่/si-mueang-mai/,district,Local,/พื้นที่/,/พื้นที่/,อำเภอศรีเมืองใหม่,,si-mueang-mai,,,,,4,2.0,31.0,5.81,2,5,5,4,3,23,0,0,0,Existing source content.,/พื้นที่/,,P1,W0,EXISTING_OWNER,KEEP_OWNER,non_core_local,LOCKED
B0-0123,/พื้นที่/warin-chamrap/,district,Local,/พื้นที่/,/พื้นที่/,อำเภอวารินชำราบ,,warin-chamrap,,,,,5,18.0,214.0,6.640000000000001,2,5,5,4,3,24,0,0,0,Existing source content.,/พื้นที่/,,P0,W0,EXISTING_OWNER,PROTECT_WINNER,non_core_local,LOCKED
B0-0124,/พื้นที่/khueang-nai/,district,Local,/พื้นที่/,/พื้นที่/,อำเภอเขื่องใน,,khueang-nai,,,,,5,6.0,140.0,8.41,2,5,5,4,3,24,0,0,0,Existing source content.,/พื้นที่/,,P0,W0,EXISTING_OWNER,PROTECT_WINNER,non_core_local,LOCKED
B0-0125,/พื้นที่/mueang-ubon-ratchathani/,district,Local,/พื้นที่/,/พื้นที่/,อำเภอเมืองอุบลราชธานี,,mueang-ubon-ratchathani,,,,,4,4.0,46.0,7.65,2,5,5,4,3,23,0,0,0,Existing source content.,/พื้นที่/,,P0,W0,EXISTING_OWNER,PROTECT_WINNER,non_core_local,LOCKED
B0-0126,/พื้นที่/lao-suea-kok/,district,Local,/พื้นที่/,/พื้นที่/,อำเภอเหล่าเสือโก้ก,,lao-suea-kok,,,,,4,2.0,21.0,8.71,2,5,5,4,3,23,0,0,0,Existing source content.,/พื้นที่/,,P1,W0,EXISTING_OWNER,KEEP_OWNER,non_core_local,LOCKED
B0-0127,/พื้นที่/phibun-mangsahan/,district,Local,/พื้นที่/,/พื้นที่/,อำเภอพิบูลมังสาหาร,,phibun-mangsahan,,,,,0,0.0,0.0,,2,5,5,4,3,19,0,0,0,Existing source content.,/พื้นที่/,,P1,W0,EXISTING_OWNER,KEEP_OWNER,non_core_local,LOCKED
B0-0128,/พื้นที่/nam-khun/,district,Local,/พื้นที่/,/พื้นที่/,อำเภอน้ำขุ่น,,nam-khun,,,,,4,2.0,37.0,7.49,2,5,5,4,3,23,0,0,0,Existing source content.,/พื้นที่/,,P1,W0,EXISTING_OWNER,KEEP_OWNER,non_core_local,LOCKED
B0-0129,/พื้นที่/pho-sai/,district,Local,/พื้นที่/,/พื้นที่/,อำเภอโพธิ์ไทร,,pho-sai,,,,,4,3.0,26.0,6.58,2,5,5,4,3,23,0,0,0,Existing source content.,/พื้นที่/,,P1,W0,EXISTING_OWNER,KEEP_OWNER,non_core_local,LOCKED
B0-0130,/พื้นที่/thung-si-udom/,district,Local,/พื้นที่/,/พื้นที่/,อำเภอทุ่งศรีอุดม,,thung-si-udom,,,,,4,1.0,20.0,7.75,2,5,5,4,3,23,0,0,0,Existing source content.,/พื้นที่/,,P1,W0,EXISTING_OWNER,KEEP_OWNER,non_core_local,LOCKED
B0-0131,/บทความ/check-notebook-before-selling/,guide,Guide,/บทความ/,/บทความ/,"เช็กสเปกโน๊ตบุ๊คก่อนขาย ต้องดู CPU, RAM, SSD และรุ่นอย่างไร",,,,,,,2,0.0,1.0,9.0,2,2,3,4,3,16,0,0,0,Existing source content.,/บทความ/,,P1,W0,EXISTING_SUPPORT,KEEP_SUPPORT,non_core_guide,LOCKED
B0-0132,/บทความ/prepare-iphone-for-sale/,guide,Guide,/บทความ/,/บทความ/,วิธีเตรียม iPhone เครื่องเก่าให้พร้อมขาย ได้ราคาดี ไม่มีข้อมูลหลุด,,,,,,,2,0.0,1.0,10.0,2,2,3,4,3,16,0,0,0,Existing source content.,/บทความ/,,P1,W0,EXISTING_SUPPORT,KEEP_SUPPORT,non_core_guide,LOCKED
B0-0133,/บทความ/gpu-mining-before-selling/,guide,Guide,/บทความ/,/บทความ/,การ์ดจอขุดเหมืองขายได้ไหม ก่อนขายต้องเช็กอะไรบ้าง,,,,,,,0,0.0,0.0,,2,2,3,4,3,14,0,0,0,Existing source content.,/บทความ/,,P1,W0,EXISTING_SUPPORT,KEEP_SUPPORT,non_core_guide,LOCKED
B0-0134,/บทความ/gpu-second-hand/,guide,Guide,/บทความ/,/บทความ/,ขายการ์ดจอมือสอง ต้องเตรียมข้อมูลอะไรบ้าง,,,,,,,0,0.0,0.0,,2,2,3,4,3,14,0,0,0,Existing source content.,/บทความ/,,P1,W0,EXISTING_SUPPORT,KEEP_SUPPORT,non_core_guide,LOCKED
B0-0135,/บทความ/ลบข้อมูลก่อนขาย-iphone-ipad-macbook/,guide,Guide,/บทความ/,/บทความ/,"ลบข้อมูลก่อนขาย iPhone, iPad, MacBook ต้องเตรียมอะไรบ้าง",,,,,,,4,0.0,22.0,8.86,2,2,3,4,3,18,0,0,0,Existing source content.,/บทความ/,,P1,W0,EXISTING_SUPPORT,KEEP_SUPPORT,non_core_guide,LOCKED
B0-0136,/บทความ/check-ipad-battery/,guide,Guide,/บทความ/,/บทความ/,วิธีเช็ก Battery Health iPhone/iPad ก่อนส่งประเมินราคา,,,,,,,2,0.0,11.0,9.82,2,2,3,4,3,16,0,0,0,Existing source content.,/บทความ/,,P1,W0,EXISTING_SUPPORT,KEEP_SUPPORT,non_core_guide,LOCKED
B0-0137,/บทความ/trade-in-vs-sell-cash/,guide,Guide,/บทความ/,/บทความ/,เทิร์นเครื่องใหม่ vs ขายรับเงินสด แบบไหนตอบโจทย์คุณมากที่สุด?,,,,,,,2,0.0,2.0,6.0,2,2,3,4,3,16,0,0,0,Existing source content.,/บทความ/,,P1,W0,EXISTING_SUPPORT,KEEP_SUPPORT,non_core_guide,LOCKED
B0-0138,/บทความ/วิธีถ่ายรูปสินค้าไอทีส่งประเมินราคา/,guide,Guide,/บทความ/,/บทความ/,วิธีถ่ายรูปสินค้าไอทีให้ร้านประเมินราคาเบื้องต้นได้ง่ายขึ้น,,,,,,,0,0.0,0.0,,2,2,3,4,3,14,0,0,0,Existing source content.,/บทความ/,,P1,W0,EXISTING_SUPPORT,KEEP_SUPPORT,non_core_guide,LOCKED
B0-0139,/บทความ/camera-shutter-count/,guide,Guide,/บทความ/,/บทความ/,ยอดชัตเตอร์กล้อง (Shutter Count) คืออะไร? ทำไมมีผลกับราคารับซื้อ,,,,,,,4,1.0,59.0,8.53,2,2,3,4,3,18,0,0,0,Existing source content.,/บทความ/,,P1,W0,EXISTING_SUPPORT,KEEP_SUPPORT,non_core_guide,LOCKED
B0-0140,/บทความ/apple-watch-unpair/,guide,Guide,/บทความ/,/บทความ/,วิธีเลิกจับคู่ (Unpair) Apple Watch อย่างถูกต้องก่อนนำไปขาย,,,,,,,4,0.0,83.0,8.99,2,2,3,4,3,18,0,0,0,Existing source content.,/บทความ/,,P1,W0,EXISTING_SUPPORT,KEEP_SUPPORT,non_core_guide,LOCKED
B0-0141,/บทความ/prepare-macbook-trade-in/,guide,Guide,/บทความ/,/บทความ/,วิธีล้างเครื่อง MacBook ก่อนขาย ป้องกันข้อมูลสำคัญรั่วไหล,,,,,,,0,0.0,0.0,,2,2,3,4,3,14,0,0,0,Existing source content.,/บทความ/,,P1,W0,EXISTING_SUPPORT,KEEP_SUPPORT,non_core_guide,LOCKED
B0-0142,/บทความ/check-mirrorless-camera-before-selling/,guide,Guide,/บทความ/,/บทความ/,ขายกล้องมือสองต้องเช็กอะไรบ้างก่อนส่งรูปประเมิน,,,,,,,2,0.0,3.0,5.0,2,2,3,4,3,16,0,0,0,Existing source content.,/บทความ/,,P1,W0,EXISTING_SUPPORT,KEEP_SUPPORT,non_core_guide,LOCKED
B0-0143,/บทความ/sell-it-products-from-ubon-districts/,guide,Guide,/บทความ/,/บทความ/,อยู่ต่างอำเภอในอุบล อยากขายสินค้าไอที ต้องส่งรูปอะไรบ้าง,,,,,,,2,0.0,2.0,12.5,2,2,3,4,3,16,0,0,0,Existing source content.,/บทความ/,,P1,W0,EXISTING_SUPPORT,KEEP_SUPPORT,non_core_guide,LOCKED
B0-0144,/บทความ/check-pc-spec-before-selling/,guide,Guide,/บทความ/,/บทความ/,เช็กสเปกคอมก่อนขาย ต้องดู CPU RAM SSD GPU ยังไง,,,,,,,2,0.0,8.0,6.12,2,2,3,4,3,16,0,0,0,Existing source content.,/บทความ/,,P1,W0,EXISTING_SUPPORT,KEEP_SUPPORT,non_core_guide,LOCKED
B0-0145,/บทความ/ubon-university-student-device-selling-guide/,guide,Guide,/บทความ/,/บทความ/,นักศึกษา ม.อุบล จะขาย iPad หรือ MacBook ต้องเตรียมอะไรบ้าง,,,,,,,2,0.0,5.0,7.2,2,2,3,4,3,16,0,0,0,Existing source content.,/บทความ/,,P1,W0,EXISTING_SUPPORT,KEEP_SUPPORT,non_core_guide,LOCKED
B0-0146,/บทความ/smartphone-box-accessories/,guide,Guide,/บทความ/,/บทความ/,กล่องและอุปกรณ์เสริมมือถือ หายไป มีผลกับราคารับซื้อแค่ไหน?,,,,,,,2,0.0,2.0,3.0,2,2,3,4,3,16,0,0,0,Existing source content.,/บทความ/,,P1,W0,EXISTING_SUPPORT,KEEP_SUPPORT,non_core_guide,LOCKED
B0-0147,/บทความ/iphone-icloud-before-selling/,guide,Guide,/บทความ/,/บทความ/,iPhone ติด iCloud ขายได้ไหม และต้องเตรียมเครื่องอย่างไรก่อนขาย,,,,,,,5,2.0,140.0,10.5,2,2,3,4,3,19,0,0,0,Existing source content.,/บทความ/,,P1,W0,EXISTING_SUPPORT,KEEP_SUPPORT,non_core_guide,LOCKED
B0-0148,/บทความ/sell-speaker-jbl-marshall/,guide,Guide,/บทความ/,/บทความ/,"วิธีเช็คสภาพลำโพงบลูทูธ (JBL, Marshall) มือสองก่อนขายต่อ",,,,,,,0,0.0,0.0,,2,2,3,4,3,14,0,0,0,Existing source content.,/บทความ/,,P1,W0,EXISTING_SUPPORT,KEEP_SUPPORT,non_core_guide,LOCKED
B0-0149,/บทความ/sell-smartwatch/,guide,Guide,/บทความ/,/บทความ/,"เตรียมขาย Smartwatch ยี่ห้ออื่นๆ (Garmin, Suunto, Samsung) ต้องเช็คความพร้อมตรงไหน",,,,,,,2,0.0,1.0,9.0,2,2,3,4,3,16,0,0,0,Existing source content.,/บทความ/,,P1,W0,EXISTING_SUPPORT,KEEP_SUPPORT,non_core_guide,LOCKED
B0-0150,/บทความ/เตรียมขายคอมบริษัทเก่า-ลบข้อมูลอย่างไร/,guide,Guide,/บทความ/,/บทความ/,บริษัทในอุบลจะขายคอมเก่า ต้องเตรียมรายการเครื่องและข้อมูลอย่างไร,,,,,,,2,0.0,9.0,8.22,2,2,3,4,3,16,0,0,0,Existing source content.,/บทความ/,,P1,W0,EXISTING_SUPPORT,KEEP_SUPPORT,non_core_guide,LOCKED
B0-0151,/บทความ/sell-broken-phone/,guide,Guide,/บทความ/,/บทความ/,โทรศัพท์จอแตก แบตเสื่อม หรือเปิดไม่ติด ยังขายได้ไหม? ร้านประเมินราคาอย่างไร,,,,,,,2,0.0,3.0,7.330000000000001,2,2,3,4,3,16,0,0,0,Existing source content.,/บทความ/,,P1,W0,EXISTING_SUPPORT,KEEP_SUPPORT,non_core_guide,LOCKED
B0-0152,/บทความ/game-console-condition/,guide,Guide,/บทความ/,/บทความ/,"PS5, Nintendo Switch มือสอง ก่อนขายควรเตรียมอะไรบ้าง",,,,,,,0,0.0,0.0,,2,2,3,4,3,14,0,0,0,Existing source content.,/บทความ/,,P1,W0,EXISTING_SUPPORT,KEEP_SUPPORT,non_core_guide,LOCKED
B0-0153,/บทความ/sell-gaming-pc/,guide,Guide,/บทความ/,/บทความ/,ขาย PC Gaming ยกเซ็ต หรือแยกชิ้นอะไหล่ขาย แบบไหนคุ้มกว่ากัน?,,,,,,,2,0.0,3.0,7.669999999999999,2,2,3,4,3,16,0,0,0,Existing source content.,/บทความ/,,P1,W0,EXISTING_SUPPORT,KEEP_SUPPORT,non_core_guide,LOCKED
B0-0154,/บทความ/check-game-console-before-selling/,guide,Guide,/บทความ/,/บทความ/,ขาย PS5 หรือ Nintendo Switch มือสอง ต้องเตรียมอะไรบ้าง,,,,,,,0,0.0,0.0,,2,2,3,4,3,14,0,0,0,Existing source content.,/บทความ/,,P1,W0,EXISTING_SUPPORT,KEEP_SUPPORT,non_core_guide,LOCKED
B0-0155,/บทความ/เช็ก-cycle-count-macbook-ก่อนขาย/,guide,Guide,/บทความ/,/บทความ/,วิธีเช็ก Cycle Count และ Battery Condition ของ MacBook ก่อนขาย,,,,,,,4,0.0,31.0,11.26,2,2,3,4,3,18,0,0,0,Existing source content.,/บทความ/,,P1,W0,EXISTING_SUPPORT,KEEP_SUPPORT,non_core_guide,LOCKED
B0-0156,/บทความ/sell-samsung-galaxy/,guide,Guide,/บทความ/,/บทความ/,ขาย Samsung Galaxy S Series/Z Fold มือสอง เช็คตรงไหนบ้างให้ได้ราคาดี,,,,,,,2,0.0,2.0,14.0,2,2,3,4,3,16,0,0,0,Existing source content.,/บทความ/,,P1,W0,EXISTING_SUPPORT,KEEP_SUPPORT,non_core_guide,LOCKED
B0-0157,/บทความ/sell-camera-lenses/,guide,Guide,/บทความ/,/บทความ/,ขายเลนส์กล้องมือสอง ดูแลรักษาอย่างไรให้ราคายังปังเมื่อถึงเวลาขาย,,,,,,,2,0.0,2.0,7.0,2,2,3,4,3,16,0,0,0,Existing source content.,/บทความ/,,P1,W0,EXISTING_SUPPORT,KEEP_SUPPORT,non_core_guide,LOCKED
B0-0158,/ตัวอย่างเคสประเมิน/case-sony-camera-with-lens-ubon/,example,Proof,/ตัวอย่างเคสประเมิน/,/ตัวอย่างเคสประเมิน/,ตัวอย่างเคสประเมินราคากล้อง Sony พร้อมเลนส์ในอุบล,,,,,,,0,0.0,0.0,,2,2,3,4,3,14,0,0,0,Existing source content.,/ตัวอย่างเคสประเมิน/,,P1,W0,EXISTING_SUPPORT,KEEP_SUPPORT,non_core_proof,LOCKED
B0-0159,/ตัวอย่างเคสประเมิน/case-macbook-air-m1-warin-chamrap/,example,Proof,/ตัวอย่างเคสประเมิน/,/ตัวอย่างเคสประเมิน/,ตัวอย่างเคสประเมินราคา MacBook Air M1 ที่วารินชำราบ,,,,,,,0,0.0,0.0,,2,2,3,4,3,14,0,0,0,Existing source content.,/ตัวอย่างเคสประเมิน/,,P1,W0,EXISTING_SUPPORT,KEEP_SUPPORT,non_core_proof,LOCKED
B0-0160,/ตัวอย่างเคสประเมิน/case-oppo-vivo-upgrade-phone/,example,Proof,/ตัวอย่างเคสประเมิน/,/ตัวอย่างเคสประเมิน/,ตัวอย่างเคสประเมินราคา OPPO และ vivo มือสองจากลูกค้าเปลี่ยนเครื่อง,,,,,,,0,0.0,0.0,,2,2,3,4,3,14,0,0,0,Existing source content.,/ตัวอย่างเคสประเมิน/,,P1,W0,EXISTING_SUPPORT,KEEP_SUPPORT,non_core_proof,LOCKED
B0-0161,/ตัวอย่างเคสประเมิน/case-macbook-air-m2-ubon-university/,example,Proof,/ตัวอย่างเคสประเมิน/,/ตัวอย่างเคสประเมิน/,ตัวอย่างเคสประเมินราคา MacBook Air M2 แถว ม.อุบล,,,,,,,0,0.0,0.0,,2,2,3,4,3,14,0,0,0,Existing source content.,/ตัวอย่างเคสประเมิน/,,P1,W0,EXISTING_SUPPORT,KEEP_SUPPORT,non_core_proof,LOCKED
B0-0162,/ตัวอย่างเคสประเมิน/case-fujifilm-canon-creator-camera/,example,Proof,/ตัวอย่างเคสประเมิน/,/ตัวอย่างเคสประเมิน/,ตัวอย่างเคสประเมินราคากล้อง Fujifilm หรือ Canon จากครีเอเตอร์,,,,,,,0,0.0,0.0,,2,2,3,4,3,14,0,0,0,Existing source content.,/ตัวอย่างเคสประเมิน/,,P1,W0,EXISTING_SUPPORT,KEEP_SUPPORT,non_core_proof,LOCKED
B0-0163,/ตัวอย่างเคสประเมิน/case-ipad-pro-ubon-university/,example,Proof,/ตัวอย่างเคสประเมิน/,/ตัวอย่างเคสประเมิน/,ตัวอย่างเคสประเมินราคา iPad Pro แถว ม.อุบล วารินชำราบ,,,,,,,2,0.0,3.0,18.0,2,2,3,4,3,16,0,0,0,Existing source content.,/ตัวอย่างเคสประเมิน/,,P1,W0,EXISTING_SUPPORT,KEEP_SUPPORT,non_core_proof,LOCKED
B0-0164,/ตัวอย่างเคสประเมิน/case-sony-a7-phibun-mangsahan/,example,Proof,/ตัวอย่างเคสประเมิน/,/ตัวอย่างเคสประเมิน/,ตัวอย่างเคสประเมินราคากล้อง Sony A7 ที่พิบูลมังสาหาร,,,,,,,0,0.0,0.0,,2,2,3,4,3,14,0,0,0,Existing source content.,/ตัวอย่างเคสประเมิน/,,P1,W0,EXISTING_SUPPORT,KEEP_SUPPORT,non_core_proof,LOCKED
B0-0165,/ตัวอย่างเคสประเมิน/case-ps5-rog-ally-secondhand-ubon/,example,Proof,/ตัวอย่างเคสประเมิน/,/ตัวอย่างเคสประเมิน/,ตัวอย่างเคสประเมินราคา PS5 หรือ ROG Ally มือสองในอุบล,,,,,,,0,0.0,0.0,,2,2,3,4,3,14,0,0,0,Existing source content.,/ตัวอย่างเคสประเมิน/,,P1,W0,EXISTING_SUPPORT,KEEP_SUPPORT,non_core_proof,LOCKED
B0-0166,/ตัวอย่างเคสประเมิน/case-notebook-lot-company-warin/,example,Proof,/ตัวอย่างเคสประเมิน/,/ตัวอย่างเคสประเมิน/,ตัวอย่างเคสประเมินราคาโน้ตบุ๊กยกล็อตจากบริษัทในวารินชำราบ,,,,,,,0,0.0,0.0,,2,2,3,4,3,14,0,0,0,Existing source content.,/ตัวอย่างเคสประเมิน/,,P1,W0,EXISTING_SUPPORT,KEEP_SUPPORT,non_core_proof,LOCKED
B0-0167,/ตัวอย่างเคสประเมิน/case-office-computer-lot-mueang-ubon/,example,Proof,/ตัวอย่างเคสประเมิน/,/ตัวอย่างเคสประเมิน/,ตัวอย่างเคสประเมินราคาคอมสำนักงานหลายเครื่องในเมืองอุบล,,,,,,,0,0.0,0.0,,2,2,3,4,3,14,0,0,0,Existing source content.,/ตัวอย่างเคสประเมิน/,,P1,W0,EXISTING_SUPPORT,KEEP_SUPPORT,non_core_proof,LOCKED
B0-0168,/ตัวอย่างเคสประเมิน/case-office-computer-8-units-khueang-nai/,example,Proof,/ตัวอย่างเคสประเมิน/,/ตัวอย่างเคสประเมิน/,ตัวอย่างเคสประเมินราคาคอมบริษัท 8 เครื่องที่เขื่องใน,,,,,,,0,0.0,0.0,,2,2,3,4,3,14,0,0,0,Existing source content.,/ตัวอย่างเคสประเมิน/,,P1,W0,EXISTING_SUPPORT,KEEP_SUPPORT,non_core_proof,LOCKED
B0-0169,/ตัวอย่างเคสประเมิน/case-iphone-15-pro-max-mueang-ubon/,example,Proof,/ตัวอย่างเคสประเมิน/,/ตัวอย่างเคสประเมิน/,ตัวอย่างเคสประเมินราคา iPhone 15 Pro Max ที่เมืองอุบลราชธานี,,,,,,,0,0.0,0.0,,2,2,3,4,3,14,0,0,0,Existing source content.,/ตัวอย่างเคสประเมิน/,,P1,W0,EXISTING_SUPPORT,KEEP_SUPPORT,non_core_proof,LOCKED
B0-0170,/ตัวอย่างเคสประเมิน/case-samsung-galaxy-s-ultra-warin/,example,Proof,/ตัวอย่างเคสประเมิน/,/ตัวอย่างเคสประเมิน/,ตัวอย่างเคสประเมินราคา Samsung Galaxy S Ultra แถววารินชำราบ,,,,,,,0,0.0,0.0,,2,2,3,4,3,14,0,0,0,Existing source content.,/ตัวอย่างเคสประเมิน/,,P1,W0,EXISTING_SUPPORT,KEEP_SUPPORT,non_core_proof,LOCKED
B0-0171,/ตัวอย่างเคสประเมิน/case-gaming-notebook-det-udom/,example,Proof,/ตัวอย่างเคสประเมิน/,/ตัวอย่างเคสประเมิน/,ตัวอย่างเคสประเมินราคาโน้ตบุ๊กเกมมิ่งที่เดชอุดม,,,,,,,0,0.0,0.0,,2,2,3,4,3,14,0,0,0,Existing source content.,/ตัวอย่างเคสประเมิน/,,P1,W0,EXISTING_SUPPORT,KEEP_SUPPORT,non_core_proof,LOCKED
B0-0172,/ตัวอย่างเคสประเมิน/case-ipad-gen-10-apple-pencil-student/,example,Proof,/ตัวอย่างเคสประเมิน/,/ตัวอย่างเคสประเมิน/,ตัวอย่างเคสประเมินราคา iPad Gen 10 พร้อม Apple Pencil จากนักศึกษา,,,,,,,0,0.0,0.0,,2,2,3,4,3,14,0,0,0,Existing source content.,/ตัวอย่างเคสประเมิน/,,P1,W0,EXISTING_SUPPORT,KEEP_SUPPORT,non_core_proof,LOCKED
B0-0173,/ตัวอย่างเคสประเมิน/case-gaming-cafe-pc-gpu-monitor/,example,Proof,/ตัวอย่างเคสประเมิน/,/ตัวอย่างเคสประเมิน/,ตัวอย่างเคสประเมินราคาคอมร้านเกม การ์ดจอ และจอเกมมิ่ง,,,,,,,0,0.0,0.0,,2,2,3,4,3,14,0,0,0,Existing source content.,/ตัวอย่างเคสประเมิน/,,P1,W0,EXISTING_SUPPORT,KEEP_SUPPORT,non_core_proof,LOCKED
B0-0174,/ผลงาน/รับซื้อ-macbook-pro-สำโรง/,proof,Proof,/ผลงาน/,/ผลงาน/,รับซื้อ MacBook Pro M2 ที่สำโรง — ฟรีแลนซ์อัปเกรดเครื่อง,,samrong,,,,,0,0.0,0.0,,2,2,3,4,3,14,0,0,0,Existing source content.,/ผลงาน/,,P1,W0,EXISTING_SUPPORT,KEEP_SUPPORT,non_core_proof,LOCKED
B0-0175,/ผลงาน/รับซื้อ-dell-นาจะหลวง/,proof,Proof,/ผลงาน/,/ผลงาน/,รับซื้อ Dell Inspiron ที่นาจะหลวย — โน้ตบุ๊กเก่าได้เงินก้อน,,na-chaluai,,,,,0,0.0,0.0,,2,2,3,4,3,14,0,0,0,Existing source content.,/ผลงาน/,,P1,W0,EXISTING_SUPPORT,KEEP_SUPPORT,non_core_proof,LOCKED
B0-0176,/ผลงาน/รับซื้อกล้อง-sony-a7iii-เดชอุดม/,proof,Proof,/ผลงาน/,/ผลงาน/,รับซื้อกล้อง Sony A7III ที่เดชอุดม — พร้อมเลนส์ 24-70,,det-udom,,,,,0,0.0,0.0,,2,2,3,4,3,14,0,0,0,Existing source content.,/ผลงาน/,,P1,W0,EXISTING_SUPPORT,KEEP_SUPPORT,non_core_proof,LOCKED
B0-0177,/ผลงาน/รับซื้อ-iphone-13-เมืองอุบล/,proof,Proof,/ผลงาน/,/ผลงาน/,รับซื้อ iPhone 13 128GB ที่เมืองอุบล — จ่ายเงินสดทันที,,mueang-ubon,,,,,2,0.0,2.0,10.0,2,2,3,4,3,16,0,0,0,Existing source content.,/ผลงาน/,,P1,W0,EXISTING_SUPPORT,KEEP_SUPPORT,non_core_proof,LOCKED
B0-0178,/ผลงาน/รับซื้อ-ipad-pro-เมืองอุบล/,proof,Proof,/ผลงาน/,/ผลงาน/,รับซื้อ iPad Pro ที่เมืองอุบล — นักเรียนเทิร์นเป็นเงินสด,,mueang-ubon,,,,,2,1.0,1.0,26.0,2,2,3,4,3,16,0,0,0,Existing source content.,/ผลงาน/,,P1,W0,EXISTING_SUPPORT,KEEP_SUPPORT,non_core_proof,LOCKED
B0-0179,/ผลงาน/รับเทิร์นไอที-เมืองอุบล/,proof,Proof,/ผลงาน/,/ผลงาน/,รับเทิร์น iPad และ iPhone ที่เมืองอุบล — ลูกค้าได้เงินก้อน,,mueang-ubon,,,,,2,0.0,1.0,9.0,2,2,3,4,3,16,0,0,0,Existing source content.,/ผลงาน/,,P1,W0,EXISTING_SUPPORT,KEEP_SUPPORT,non_core_proof,LOCKED
B0-0180,/ผลงาน/รับซื้อ-oppo-ม่วงสามสิบ/,proof,Proof,/ผลงาน/,/ผลงาน/,รับซื้อ OPPO Reno ที่ม่วงสามสิบ — ตอบไว ราคาดี,,muang-sam-sip,,,,,2,0.0,1.0,20.0,2,2,3,4,3,16,0,0,0,Existing source content.,/ผลงาน/,,P1,W0,EXISTING_SUPPORT,KEEP_SUPPORT,non_core_proof,LOCKED
B0-0181,/ผลงาน/รับซื้อโน้ตบุ๊ก-rog-มหาวิทยาลัยอุบล/,proof,Proof,/ผลงาน/,/ผลงาน/,วันนี้ไปรับโน้ตบุ๊กแถว ม.อุบล — ASUS ROG จ่ายเงินสดทันที,,mueang-ubon,,,,,0,0.0,0.0,,2,2,3,4,3,14,0,0,0,Existing source content.,/ผลงาน/,,P1,W0,EXISTING_SUPPORT,KEEP_SUPPORT,non_core_proof,LOCKED
B0-0182,/ผลงาน/รับซื้อ-iphone-15-pro-max-อุบล-เซ็นทรัล/,proof,Proof,/ผลงาน/,/ผลงาน/,รับซื้อ iPhone 15 Pro Max เครื่องศูนย์ไทย นัดรับเซ็นทรัลอุบล,,mueang-ubon,,,,,2,1.0,14.0,9.79,2,2,3,4,3,16,0,0,0,Existing source content.,/ผลงาน/,,P1,W0,EXISTING_SUPPORT,KEEP_SUPPORT,non_core_proof,LOCKED
B0-0183,/ผลงาน/รับซื้อ-sony-a7iv-สิรินธร/,proof,Proof,/ผลงาน/,/ผลงาน/,รับซื้อ Sony A7IV ที่สิรินธร — ช่างภาพขายกล้องเก่า,,sirindhorn,,,,,0,0.0,0.0,,2,2,3,4,3,14,0,0,0,Existing source content.,/ผลงาน/,,P1,W0,EXISTING_SUPPORT,KEEP_SUPPORT,non_core_proof,LOCKED
B0-0184,/ผลงาน/รับซื้อ-macbook-air-สำโรง/,proof,Proof,/ผลงาน/,/ผลงาน/,รับซื้อ MacBook Air M1 ที่สำโรง — นักศึกษาพอใจราคา,,samrong,,,,,2,0.0,2.0,25.5,2,2,3,4,3,16,0,0,0,Existing source content.,/ผลงาน/,,P1,W0,EXISTING_SUPPORT,KEEP_SUPPORT,non_core_proof,LOCKED
B0-0185,/ผลงาน/รับซื้อ-canon-r6-พิบูลมังสาหาร/,proof,Proof,/ผลงาน/,/ผลงาน/,รับซื้อ Canon EOS R6 ที่พิบูลมังสาหาร — ช่างภาพขายกล้อง,,phibun-mangsahan,,,,,0,0.0,0.0,,2,2,3,4,3,14,0,0,0,Existing source content.,/ผลงาน/,,P1,W0,EXISTING_SUPPORT,KEEP_SUPPORT,non_core_proof,LOCKED
B0-0186,/ผลงาน/รับเทิร์นไอที-3-ชิ้น-ตระการพืชผล/,proof,Proof,/ผลงาน/,/ผลงาน/,รับเทิร์นไอที 3 ชิ้น ที่ตระการพืชผล — จบครั้งเดียว,,trakan-phuet-phon,,,,,2,0.0,1.0,34.0,2,2,3,4,3,16,0,0,0,Existing source content.,/ผลงาน/,,P1,W0,EXISTING_SUPPORT,KEEP_SUPPORT,non_core_proof,LOCKED
B0-0187,/ผลงาน/รับเทิร์น-iphone-14-วารินชำราบ/,proof,Proof,/ผลงาน/,/ผลงาน/,รับเทิร์น iPhone 14 Pro ที่วารินชำราบ — ลูกค้าพอใจราคา,,warin-chamrap,,,,,0,0.0,0.0,,2,2,3,4,3,14,0,0,0,Existing source content.,/ผลงาน/,,P1,W0,EXISTING_SUPPORT,KEEP_SUPPORT,non_core_proof,LOCKED
B0-0188,/ผลงาน/รับเทิร์น-samsung-s24-ขุนหาญ/,proof,Proof,/ผลงาน/,/ผลงาน/,รับเทิร์น Samsung S24 ที่ขุนหาญ ศรีสะเกษ — ราคาไม่เปลี่ยนหลังนัดรับ,,,,,,,2,0.0,1.0,33.0,2,2,3,4,3,16,0,0,0,Existing source content.,/ผลงาน/,,P1,W0,EXISTING_SUPPORT,KEEP_SUPPORT,non_core_proof,LOCKED
B0-0189,/ผลงาน/รับซื้อ-asus-rog-วารินชำราบ/,proof,Proof,/ผลงาน/,/ผลงาน/,รับซื้อ ASUS ROG ที่วารินชำราบ — เกมเมอร์เทิร์นโน้ตบุ๊ก,,warin-chamrap,,,,,2,0.0,1.0,22.0,2,2,3,4,3,16,0,0,0,Existing source content.,/ผลงาน/,,P1,W0,EXISTING_SUPPORT,KEEP_SUPPORT,non_core_proof,LOCKED
B0-0190,/ผลงาน/รับเทิร์น-iphone-15-เดชอุดม/,proof,Proof,/ผลงาน/,/ผลงาน/,รับเทิร์น iPhone 15 ที่เดชอุดม — ไม่ต้องเดินทางไปเมืองอุบล,,det-udom,,,,,2,0.0,2.0,21.5,2,2,3,4,3,16,0,0,0,Existing source content.,/ผลงาน/,,P1,W0,EXISTING_SUPPORT,KEEP_SUPPORT,non_core_proof,LOCKED
B0-0191,/ผลงาน/รับซื้อ-samsung-พิบูลมังสาหาร/,proof,Proof,/ผลงาน/,/ผลงาน/,รับซื้อ Samsung Galaxy ที่พิบูลมังสาหาร — จ่ายเงินสดทันที,,phibun-mangsahan,,,,,2,0.0,6.0,10.17,2,2,3,4,3,16,0,0,0,Existing source content.,/ผลงาน/,,P1,W0,EXISTING_SUPPORT,KEEP_SUPPORT,non_core_proof,LOCKED
B0-0192,/บริการ/รับซื้อ-macbook-อุบล/macbook-air-m1/,model,Core/Existing,/บริการ/รับซื้อ-macbook-อุบล/,/บริการ/รับซื้อ-macbook-อุบล/,MacBook Air M1,,,Apple,,MacBook Air M1,,4,2.0,28.0,9.39,5,4,5,4,3,25,0,0,0,Existing source content.,/บริการ/รับซื้อ-macbook-อุบล/,,P1,W0,EXISTING_OWNER,KEEP_OWNER,notebook,LOCKED
B0-0193,/บริการ/รับซื้อ-macbook-อุบล/macbook-pro-m1/,model,Core/Existing,/บริการ/รับซื้อ-macbook-อุบล/,/บริการ/รับซื้อ-macbook-อุบล/,MacBook Pro M1,,,Apple,,MacBook Pro M1,,2,0.0,5.0,12.2,5,4,5,4,3,23,0,0,0,Existing source content.,/บริการ/รับซื้อ-macbook-อุบล/,,P1,W0,EXISTING_OWNER,KEEP_OWNER,notebook,LOCKED
B0-0194,/บริการ/รับซื้อ-macbook-อุบล/macbook-intel/,model,Core/Existing,/บริการ/รับซื้อ-macbook-อุบล/,/บริการ/รับซื้อ-macbook-อุบล/,MacBook Intel,,,Apple,,MacBook Intel,,0,0.0,0.0,,5,4,5,4,3,21,0,0,0,Existing source content.,/บริการ/รับซื้อ-macbook-อุบล/,,P1,W0,EXISTING_OWNER,KEEP_OWNER,notebook,LOCKED
B0-0195,/บริการ/รับซื้อกล้อง-อุบล/sony-a7c/,model,Core/Existing,/บริการ/รับซื้อกล้อง-อุบล/,/บริการ/รับซื้อกล้อง-อุบล/,Sony A7C,,,Sony,,Sony A7C,,0,0.0,0.0,,5,4,5,4,3,21,0,0,0,Existing source content.,/บริการ/รับซื้อกล้อง-อุบล/,,P1,W0,EXISTING_OWNER,KEEP_OWNER,camera,LOCKED
B0-0196,/บริการ/รับซื้อกล้อง-อุบล/sony-a7-iii/,model,Core/Existing,/บริการ/รับซื้อกล้อง-อุบล/,/บริการ/รับซื้อกล้อง-อุบล/,Sony A7 III,,,Sony,,Sony A7 III,,0,0.0,0.0,,5,4,5,4,3,21,0,0,0,Existing source content.,/บริการ/รับซื้อกล้อง-อุบล/,,P1,W0,EXISTING_OWNER,KEEP_OWNER,camera,LOCKED
B0-0197,/บริการ/รับซื้อกล้อง-อุบล/sony-a6400/,model,Core/Existing,/บริการ/รับซื้อกล้อง-อุบล/,/บริการ/รับซื้อกล้อง-อุบล/,Sony A6400,,,Sony,,Sony A6400,,2,0.0,1.0,6.0,5,4,5,4,3,23,0,0,0,Existing source content.,/บริการ/รับซื้อกล้อง-อุบล/,,P1,W0,EXISTING_OWNER,KEEP_OWNER,camera,LOCKED
B0-0198,/บริการ/รับซื้อกล้อง-อุบล/sony-zv-e10/,model,Core/Existing,/บริการ/รับซื้อกล้อง-อุบล/,/บริการ/รับซื้อกล้อง-อุบล/,Sony ZV-E10,,,Sony,,Sony ZV-E10,,0,0.0,0.0,,5,4,5,4,3,21,0,0,0,Existing source content.,/บริการ/รับซื้อกล้อง-อุบล/,,P1,W0,EXISTING_OWNER,KEEP_OWNER,camera,LOCKED
B0-0199,/บริการ/รับซื้อกล้อง-อุบล/sony-a7-iv/,model,Core/Existing,/บริการ/รับซื้อกล้อง-อุบล/,/บริการ/รับซื้อกล้อง-อุบล/,Sony A7 IV,,,Sony,,Sony A7 IV,,2,0.0,2.0,7.5,5,4,5,4,3,23,0,0,0,Existing source content.,/บริการ/รับซื้อกล้อง-อุบล/,,P1,W0,EXISTING_OWNER,KEEP_OWNER,camera,LOCKED
B0-0200,/,home,Core/Existing,,,รับซื้อสินค้าไอที อุบลราชธานี,,,,,,,5,82.0,1120.0,6.61,5,4,3,4,3,24,0,0,0,Existing source content.,,,P0,W0,EXISTING_OWNER,PROTECT_WINNER,site_root,LOCKED
B0-0201,/บริการ/,hub,Core/Existing,,,บริการรับซื้อ,,,,,,,0,0.0,0.0,,5,2,3,4,3,17,0,0,0,Existing source content.,,,P1,W0,EXISTING_OWNER,KEEP_OWNER,service_hub,LOCKED
B0-0202,/พื้นที่/,hub,Core/Existing,,,พื้นที่ให้บริการ,,,,,,,4,1.0,22.0,7.55,2,2,3,4,3,18,0,0,0,Existing source content.,,,P1,W0,EXISTING_OWNER,KEEP_OWNER,non_core_local,LOCKED
B0-0203,/บทความ/,hub,Core/Existing,,,บทความ,,,,,,,2,0.0,10.0,9.6,2,2,3,4,3,16,0,0,0,Existing source content.,,,P1,W0,EXISTING_SUPPORT,KEEP_SUPPORT,non_core_guide,LOCKED
B0-0204,/ผลงาน/,hub,Core/Existing,,,ผลงาน,,,,,,,2,0.0,4.0,11.5,2,2,3,4,3,16,0,0,0,Existing source content.,,,P1,W0,EXISTING_SUPPORT,KEEP_SUPPORT,non_core_proof,LOCKED
B0-0205,/ตัวอย่างเคสประเมิน/,hub,Core/Existing,,,ตัวอย่างเคสประเมิน,,,,,,,2,0.0,1.0,3.0,2,2,3,4,3,16,0,0,0,Existing source content.,,,P1,W0,EXISTING_SUPPORT,KEEP_SUPPORT,non_core_proof,LOCKED
B0-0206,/ติดต่อ/,utility,Utility,,,ติดต่อ,,,,,,,4,1.0,42.0,8.79,2,2,3,4,3,18,0,0,0,Existing source content.,,,P1,W0,EXISTING_SUPPORT,KEEP_SUPPORT,non_core_utility,LOCKED
B0-0207,/เกี่ยวกับเรา/,utility,Utility,,,เกี่ยวกับเรา,,,,,,,2,0.0,7.0,4.71,2,2,3,4,3,16,0,0,0,Existing source content.,,,P1,W0,EXISTING_SUPPORT,KEEP_SUPPORT,non_core_utility,LOCKED
B0-0208,/วิธีประเมินราคา/,utility,Utility,,,วิธีประเมินราคา,,,,,,,2,0.0,5.0,3.6,2,2,3,4,3,16,0,0,0,Existing source content.,,,P1,W0,EXISTING_SUPPORT,KEEP_SUPPORT,non_core_utility,LOCKED
B0-0209,/เงื่อนไขรับซื้อ/,utility,Utility,,,เงื่อนไขรับซื้อ,,,,,,,2,0.0,1.0,6.0,2,2,3,4,3,16,0,0,0,Existing source content.,,,P1,W0,EXISTING_SUPPORT,KEEP_SUPPORT,non_core_utility,LOCKED
B0-0210,/คำถามที่พบบ่อย/,utility,Utility,,,คำถามที่พบบ่อย,,,,,,,2,0.0,17.0,14.12,2,2,3,4,3,16,0,0,0,Existing source content.,,,P1,W0,EXISTING_SUPPORT,KEEP_SUPPORT,non_core_utility,LOCKED
B0-0211,/นโยบายความเป็นส่วนตัว/,utility,Utility,,,นโยบายความเป็นส่วนตัว,,,,,,,0,0.0,0.0,,2,2,3,4,3,14,0,0,0,Existing source content.,,,P1,W0,EXISTING_SUPPORT,KEEP_SUPPORT,non_core_utility,LOCKED
B0-0212,/บริการ/รับซื้อ-iphone-16-อุบล/,model,Model/iPhone,/บริการ/รับซื้อ-iphone-อุบล/,/บริการ/รับซื้อ-iphone-อุบล/,รับซื้อ iPhone 16 อุบล,,,Apple,iPhone,iPhone 16,,5,0.0,0.0,,5,4,5,4,3,26,1,1,1,รุ่น/ปี ชิป ความจุ Battery Health กล้อง จอ และราคาตลาดมือสองของรุ่นนั้นโดยเฉพาะ,/บริการ/รับซื้อ-iphone-อุบล/,/บริการ/รับซื้อ-iphone-อุบล/; /บทความ/prepare-iphone-for-sale/,P1,W3,READY,Qualified architecture candidate; implement only with unique page content.,mobile,LOCKED
B0-0213,/บริการ/รับซื้อ-iphone-16-plus-อุบล/,model,Model/iPhone,/บริการ/รับซื้อ-iphone-อุบล/,/บริการ/รับซื้อ-iphone-อุบล/,รับซื้อ iPhone 16 Plus อุบล,,,Apple,iPhone,iPhone 16 Plus,,5,0.0,0.0,,5,4,5,4,3,26,1,1,1,รุ่น/ปี ชิป ความจุ Battery Health กล้อง จอ และราคาตลาดมือสองของรุ่นนั้นโดยเฉพาะ,/บริการ/รับซื้อ-iphone-อุบล/,/บริการ/รับซื้อ-iphone-อุบล/; /บทความ/prepare-iphone-for-sale/,P1,W3,READY,Qualified architecture candidate; implement only with unique page content.,mobile,LOCKED
B0-0214,/บริการ/รับซื้อ-iphone-15-อุบล/,model,Model/iPhone,/บริการ/รับซื้อ-iphone-อุบล/,/บริการ/รับซื้อ-iphone-อุบล/,รับซื้อ iPhone 15 อุบล,,,Apple,iPhone,iPhone 15,,5,0.0,0.0,,5,4,5,4,3,26,1,1,1,รุ่น/ปี ชิป ความจุ Battery Health กล้อง จอ และราคาตลาดมือสองของรุ่นนั้นโดยเฉพาะ,/บริการ/รับซื้อ-iphone-อุบล/,/บริการ/รับซื้อ-iphone-อุบล/; /บทความ/prepare-iphone-for-sale/,P1,W3,READY,Qualified architecture candidate; implement only with unique page content.,mobile,LOCKED
B0-0215,/บริการ/รับซื้อ-iphone-15-plus-อุบล/,model,Model/iPhone,/บริการ/รับซื้อ-iphone-อุบล/,/บริการ/รับซื้อ-iphone-อุบล/,รับซื้อ iPhone 15 Plus อุบล,,,Apple,iPhone,iPhone 15 Plus,,5,0.0,0.0,,5,4,5,4,3,26,1,1,1,รุ่น/ปี ชิป ความจุ Battery Health กล้อง จอ และราคาตลาดมือสองของรุ่นนั้นโดยเฉพาะ,/บริการ/รับซื้อ-iphone-อุบล/,/บริการ/รับซื้อ-iphone-อุบล/; /บทความ/prepare-iphone-for-sale/,P1,W3,READY,Qualified architecture candidate; implement only with unique page content.,mobile,LOCKED
B0-0216,/บริการ/รับซื้อ-iphone-14-อุบล/,model,Model/iPhone,/บริการ/รับซื้อ-iphone-อุบล/,/บริการ/รับซื้อ-iphone-อุบล/,รับซื้อ iPhone 14 อุบล,,,Apple,iPhone,iPhone 14,,5,0.0,0.0,,5,4,5,4,3,26,1,1,1,รุ่น/ปี ชิป ความจุ Battery Health กล้อง จอ และราคาตลาดมือสองของรุ่นนั้นโดยเฉพาะ,/บริการ/รับซื้อ-iphone-อุบล/,/บริการ/รับซื้อ-iphone-อุบล/; /บทความ/prepare-iphone-for-sale/,P1,W3,READY,Qualified architecture candidate; implement only with unique page content.,mobile,LOCKED
B0-0217,/บริการ/รับซื้อ-iphone-14-plus-อุบล/,model,Model/iPhone,/บริการ/รับซื้อ-iphone-อุบล/,/บริการ/รับซื้อ-iphone-อุบล/,รับซื้อ iPhone 14 Plus อุบล,,,Apple,iPhone,iPhone 14 Plus,,5,0.0,0.0,,5,4,5,4,3,26,1,1,1,รุ่น/ปี ชิป ความจุ Battery Health กล้อง จอ และราคาตลาดมือสองของรุ่นนั้นโดยเฉพาะ,/บริการ/รับซื้อ-iphone-อุบล/,/บริการ/รับซื้อ-iphone-อุบล/; /บทความ/prepare-iphone-for-sale/,P1,W3,READY,Qualified architecture candidate; implement only with unique page content.,mobile,LOCKED
B0-0218,/บริการ/รับซื้อ-iphone-14-pro-อุบล/,model,Model/iPhone,/บริการ/รับซื้อ-iphone-อุบล/,/บริการ/รับซื้อ-iphone-อุบล/,รับซื้อ iPhone 14 Pro อุบล,,,Apple,iPhone,iPhone 14 Pro,,5,0.0,0.0,,5,4,5,4,3,26,1,1,1,รุ่น/ปี ชิป ความจุ Battery Health กล้อง จอ และราคาตลาดมือสองของรุ่นนั้นโดยเฉพาะ,/บริการ/รับซื้อ-iphone-อุบล/,/บริการ/รับซื้อ-iphone-อุบล/; /บทความ/prepare-iphone-for-sale/,P1,W3,READY,Qualified architecture candidate; implement only with unique page content.,mobile,LOCKED
B0-0219,/บริการ/รับซื้อ-iphone-13-อุบล/,model,Model/iPhone,/บริการ/รับซื้อ-iphone-อุบล/,/บริการ/รับซื้อ-iphone-อุบล/,รับซื้อ iPhone 13 อุบล,,,Apple,iPhone,iPhone 13,,5,0.0,0.0,,5,4,5,4,3,26,1,1,1,รุ่น/ปี ชิป ความจุ Battery Health กล้อง จอ และราคาตลาดมือสองของรุ่นนั้นโดยเฉพาะ,/บริการ/รับซื้อ-iphone-อุบล/,/บริการ/รับซื้อ-iphone-อุบล/; /บทความ/prepare-iphone-for-sale/,P1,W3,READY,Qualified architecture candidate; implement only with unique page content.,mobile,LOCKED
B0-0220,/บริการ/รับซื้อ-iphone-13-pro-อุบล/,model,Model/iPhone,/บริการ/รับซื้อ-iphone-อุบล/,/บริการ/รับซื้อ-iphone-อุบล/,รับซื้อ iPhone 13 Pro อุบล,,,Apple,iPhone,iPhone 13 Pro,,5,0.0,0.0,,5,4,5,4,3,26,1,1,1,รุ่น/ปี ชิป ความจุ Battery Health กล้อง จอ และราคาตลาดมือสองของรุ่นนั้นโดยเฉพาะ,/บริการ/รับซื้อ-iphone-อุบล/,/บริการ/รับซื้อ-iphone-อุบล/; /บทความ/prepare-iphone-for-sale/,P1,W3,READY,Qualified architecture candidate; implement only with unique page content.,mobile,LOCKED
B0-0221,/บริการ/รับซื้อ-iphone-13-mini-อุบล/,model,Model/iPhone,/บริการ/รับซื้อ-iphone-อุบล/,/บริการ/รับซื้อ-iphone-อุบล/,รับซื้อ iPhone 13 mini อุบล,,,Apple,iPhone,iPhone 13 mini,,5,0.0,0.0,,5,4,5,4,3,26,1,1,1,รุ่น/ปี ชิป ความจุ Battery Health กล้อง จอ และราคาตลาดมือสองของรุ่นนั้นโดยเฉพาะ,/บริการ/รับซื้อ-iphone-อุบล/,/บริการ/รับซื้อ-iphone-อุบล/; /บทความ/prepare-iphone-for-sale/,P1,W3,READY,Qualified architecture candidate; implement only with unique page content.,mobile,LOCKED
B0-0222,/บริการ/รับซื้อ-iphone-12-อุบล/,model,Model/iPhone,/บริการ/รับซื้อ-iphone-อุบล/,/บริการ/รับซื้อ-iphone-อุบล/,รับซื้อ iPhone 12 อุบล,,,Apple,iPhone,iPhone 12,,5,0.0,0.0,,5,4,5,4,3,26,1,1,1,รุ่น/ปี ชิป ความจุ Battery Health กล้อง จอ และราคาตลาดมือสองของรุ่นนั้นโดยเฉพาะ,/บริการ/รับซื้อ-iphone-อุบล/,/บริการ/รับซื้อ-iphone-อุบล/; /บทความ/prepare-iphone-for-sale/,P1,W3,READY,Qualified architecture candidate; implement only with unique page content.,mobile,LOCKED
B0-0223,/บริการ/รับซื้อ-iphone-12-mini-อุบล/,model,Model/iPhone,/บริการ/รับซื้อ-iphone-อุบล/,/บริการ/รับซื้อ-iphone-อุบล/,รับซื้อ iPhone 12 mini อุบล,,,Apple,iPhone,iPhone 12 mini,,5,0.0,0.0,,5,4,5,4,3,26,1,1,1,รุ่น/ปี ชิป ความจุ Battery Health กล้อง จอ และราคาตลาดมือสองของรุ่นนั้นโดยเฉพาะ,/บริการ/รับซื้อ-iphone-อุบล/,/บริการ/รับซื้อ-iphone-อุบล/; /บทความ/prepare-iphone-for-sale/,P1,W3,READY,Qualified architecture candidate; implement only with unique page content.,mobile,LOCKED
B0-0224,/บริการ/รับซื้อ-iphone-12-pro-อุบล/,model,Model/iPhone,/บริการ/รับซื้อ-iphone-อุบล/,/บริการ/รับซื้อ-iphone-อุบล/,รับซื้อ iPhone 12 Pro อุบล,,,Apple,iPhone,iPhone 12 Pro,,5,0.0,0.0,,5,4,5,4,3,26,1,1,1,รุ่น/ปี ชิป ความจุ Battery Health กล้อง จอ และราคาตลาดมือสองของรุ่นนั้นโดยเฉพาะ,/บริการ/รับซื้อ-iphone-อุบล/,/บริการ/รับซื้อ-iphone-อุบล/; /บทความ/prepare-iphone-for-sale/,P1,W3,READY,Qualified architecture candidate; implement only with unique page content.,mobile,LOCKED
B0-0225,/บริการ/รับซื้อ-iphone-12-pro-max-อุบล/,model,Model/iPhone,/บริการ/รับซื้อ-iphone-อุบล/,/บริการ/รับซื้อ-iphone-อุบล/,รับซื้อ iPhone 12 Pro Max อุบล,,,Apple,iPhone,iPhone 12 Pro Max,,5,0.0,0.0,,5,4,5,4,3,26,1,1,1,รุ่น/ปี ชิป ความจุ Battery Health กล้อง จอ และราคาตลาดมือสองของรุ่นนั้นโดยเฉพาะ,/บริการ/รับซื้อ-iphone-อุบล/,/บริการ/รับซื้อ-iphone-อุบล/; /บทความ/prepare-iphone-for-sale/,P1,W3,READY,Qualified architecture candidate; implement only with unique page content.,mobile,LOCKED
B0-0226,/บริการ/รับซื้อ-iphone-11-อุบล/,model,Model/iPhone,/บริการ/รับซื้อ-iphone-อุบล/,/บริการ/รับซื้อ-iphone-อุบล/,รับซื้อ iPhone 11 อุบล,,,Apple,iPhone,iPhone 11,,5,0.0,0.0,,5,4,5,4,3,26,1,1,1,รุ่น/ปี ชิป ความจุ Battery Health กล้อง จอ และราคาตลาดมือสองของรุ่นนั้นโดยเฉพาะ,/บริการ/รับซื้อ-iphone-อุบล/,/บริการ/รับซื้อ-iphone-อุบล/; /บทความ/prepare-iphone-for-sale/,P1,W3,READY,Qualified architecture candidate; implement only with unique page content.,mobile,LOCKED
B0-0227,/บริการ/รับซื้อ-iphone-11-pro-อุบล/,model,Model/iPhone,/บริการ/รับซื้อ-iphone-อุบล/,/บริการ/รับซื้อ-iphone-อุบล/,รับซื้อ iPhone 11 Pro อุบล,,,Apple,iPhone,iPhone 11 Pro,,5,0.0,0.0,,5,4,5,4,3,26,1,1,1,รุ่น/ปี ชิป ความจุ Battery Health กล้อง จอ และราคาตลาดมือสองของรุ่นนั้นโดยเฉพาะ,/บริการ/รับซื้อ-iphone-อุบล/,/บริการ/รับซื้อ-iphone-อุบล/; /บทความ/prepare-iphone-for-sale/,P1,W3,READY,Qualified architecture candidate; implement only with unique page content.,mobile,LOCKED
B0-0228,/บริการ/รับซื้อ-iphone-11-pro-max-อุบล/,model,Model/iPhone,/บริการ/รับซื้อ-iphone-อุบล/,/บริการ/รับซื้อ-iphone-อุบล/,รับซื้อ iPhone 11 Pro Max อุบล,,,Apple,iPhone,iPhone 11 Pro Max,,5,0.0,0.0,,5,4,5,4,3,26,1,1,1,รุ่น/ปี ชิป ความจุ Battery Health กล้อง จอ และราคาตลาดมือสองของรุ่นนั้นโดยเฉพาะ,/บริการ/รับซื้อ-iphone-อุบล/,/บริการ/รับซื้อ-iphone-อุบล/; /บทความ/prepare-iphone-for-sale/,P1,W3,READY,Qualified architecture candidate; implement only with unique page content.,mobile,LOCKED
B0-0229,/บริการ/รับซื้อ-iphone-se-3-อุบล/,model,Model/iPhone,/บริการ/รับซื้อ-iphone-อุบล/,/บริการ/รับซื้อ-iphone-อุบล/,รับซื้อ iPhone SE 3 อุบล,,,Apple,iPhone,iPhone SE 3,,5,0.0,0.0,,5,4,5,4,3,26,1,1,1,รุ่น/ปี ชิป ความจุ Battery Health กล้อง จอ และราคาตลาดมือสองของรุ่นนั้นโดยเฉพาะ,/บริการ/รับซื้อ-iphone-อุบล/,/บริการ/รับซื้อ-iphone-อุบล/; /บทความ/prepare-iphone-for-sale/,P1,W3,READY,Qualified architecture candidate; implement only with unique page content.,mobile,LOCKED
B0-0230,/บริการ/รับซื้อ-iphone-se-2-อุบล/,model,Model/iPhone,/บริการ/รับซื้อ-iphone-อุบล/,/บริการ/รับซื้อ-iphone-อุบล/,รับซื้อ iPhone SE 2 อุบล,,,Apple,iPhone,iPhone SE 2,,5,0.0,0.0,,5,4,5,4,3,26,1,1,1,รุ่น/ปี ชิป ความจุ Battery Health กล้อง จอ และราคาตลาดมือสองของรุ่นนั้นโดยเฉพาะ,/บริการ/รับซื้อ-iphone-อุบล/,/บริการ/รับซื้อ-iphone-อุบล/; /บทความ/prepare-iphone-for-sale/,P1,W3,READY,Qualified architecture candidate; implement only with unique page content.,mobile,LOCKED
B0-0231,/บริการ/รับซื้อ-ipad-gen-11-อุบล/,model,Model/iPad,/บริการ/รับซื้อ-ipad-อุบล/,/บริการ/รับซื้อ-ipad-อุบล/,รับซื้อ iPad Gen 11 อุบล,,,Apple,iPad,iPad Gen 11,,5,0.0,0.0,,5,4,5,4,3,26,1,1,1,ชิป/เจเนอเรชัน ขนาดจอ ความจุ Wi‑Fi/Cellular สภาพจอ แบต และอุปกรณ์เฉพาะรุ่น,/บริการ/รับซื้อ-ipad-อุบล/,/บริการ/รับซื้อ-ipad-อุบล/; /บทความ/check-ipad-battery/,P1,W3,READY,Qualified architecture candidate; implement only with unique page content.,tablet,LOCKED
B0-0232,/บริการ/รับซื้อ-ipad-pro-m4-อุบล/,model,Model/iPad,/บริการ/รับซื้อ-ipad-อุบล/,/บริการ/รับซื้อ-ipad-อุบล/,รับซื้อ iPad Pro M4 อุบล,,,Apple,iPad,iPad Pro M4,,5,0.0,0.0,,5,4,5,4,3,26,1,1,1,ชิป/เจเนอเรชัน ขนาดจอ ความจุ Wi‑Fi/Cellular สภาพจอ แบต และอุปกรณ์เฉพาะรุ่น,/บริการ/รับซื้อ-ipad-อุบล/,/บริการ/รับซื้อ-ipad-อุบล/; /บทความ/check-ipad-battery/,P1,W3,READY,Qualified architecture candidate; implement only with unique page content.,tablet,LOCKED
B0-0233,/บริการ/รับซื้อ-ipad-pro-m2-อุบล/,model,Model/iPad,/บริการ/รับซื้อ-ipad-อุบล/,/บริการ/รับซื้อ-ipad-อุบล/,รับซื้อ iPad Pro M2 อุบล,,,Apple,iPad,iPad Pro M2,,5,0.0,0.0,,5,4,5,4,3,26,1,1,1,ชิป/เจเนอเรชัน ขนาดจอ ความจุ Wi‑Fi/Cellular สภาพจอ แบต และอุปกรณ์เฉพาะรุ่น,/บริการ/รับซื้อ-ipad-อุบล/,/บริการ/รับซื้อ-ipad-อุบล/; /บทความ/check-ipad-battery/,P1,W3,READY,Qualified architecture candidate; implement only with unique page content.,tablet,LOCKED
B0-0234,/บริการ/รับซื้อ-ipad-pro-m1-อุบล/,model,Model/iPad,/บริการ/รับซื้อ-ipad-อุบล/,/บริการ/รับซื้อ-ipad-อุบล/,รับซื้อ iPad Pro M1 อุบล,,,Apple,iPad,iPad Pro M1,,5,0.0,0.0,,5,4,5,4,3,26,1,1,1,ชิป/เจเนอเรชัน ขนาดจอ ความจุ Wi‑Fi/Cellular สภาพจอ แบต และอุปกรณ์เฉพาะรุ่น,/บริการ/รับซื้อ-ipad-อุบล/,/บริการ/รับซื้อ-ipad-อุบล/; /บทความ/check-ipad-battery/,P1,W3,READY,Qualified architecture candidate; implement only with unique page content.,tablet,LOCKED
B0-0235,/บริการ/รับซื้อ-ipad-air-m3-อุบล/,model,Model/iPad,/บริการ/รับซื้อ-ipad-อุบล/,/บริการ/รับซื้อ-ipad-อุบล/,รับซื้อ iPad Air M3 อุบล,,,Apple,iPad,iPad Air M3,,5,0.0,0.0,,5,4,5,4,3,26,1,1,1,ชิป/เจเนอเรชัน ขนาดจอ ความจุ Wi‑Fi/Cellular สภาพจอ แบต และอุปกรณ์เฉพาะรุ่น,/บริการ/รับซื้อ-ipad-อุบล/,/บริการ/รับซื้อ-ipad-อุบล/; /บทความ/check-ipad-battery/,P1,W3,READY,Qualified architecture candidate; implement only with unique page content.,tablet,LOCKED
B0-0236,/บริการ/รับซื้อ-ipad-air-m2-อุบล/,model,Model/iPad,/บริการ/รับซื้อ-ipad-อุบล/,/บริการ/รับซื้อ-ipad-อุบล/,รับซื้อ iPad Air M2 อุบล,,,Apple,iPad,iPad Air M2,,5,0.0,0.0,,5,4,5,4,3,26,1,1,1,ชิป/เจเนอเรชัน ขนาดจอ ความจุ Wi‑Fi/Cellular สภาพจอ แบต และอุปกรณ์เฉพาะรุ่น,/บริการ/รับซื้อ-ipad-อุบล/,/บริการ/รับซื้อ-ipad-อุบล/; /บทความ/check-ipad-battery/,P1,W3,READY,Qualified architecture candidate; implement only with unique page content.,tablet,LOCKED
B0-0237,/บริการ/รับซื้อ-ipad-air-5-อุบล/,model,Model/iPad,/บริการ/รับซื้อ-ipad-อุบล/,/บริการ/รับซื้อ-ipad-อุบล/,รับซื้อ iPad Air 5 อุบล,,,Apple,iPad,iPad Air 5,,5,0.0,0.0,,5,4,5,4,3,26,1,1,1,ชิป/เจเนอเรชัน ขนาดจอ ความจุ Wi‑Fi/Cellular สภาพจอ แบต และอุปกรณ์เฉพาะรุ่น,/บริการ/รับซื้อ-ipad-อุบล/,/บริการ/รับซื้อ-ipad-อุบล/; /บทความ/check-ipad-battery/,P1,W3,READY,Qualified architecture candidate; implement only with unique page content.,tablet,LOCKED
B0-0238,/บริการ/รับซื้อ-ipad-air-4-อุบล/,model,Model/iPad,/บริการ/รับซื้อ-ipad-อุบล/,/บริการ/รับซื้อ-ipad-อุบล/,รับซื้อ iPad Air 4 อุบล,,,Apple,iPad,iPad Air 4,,5,0.0,0.0,,5,4,5,4,3,26,1,1,1,ชิป/เจเนอเรชัน ขนาดจอ ความจุ Wi‑Fi/Cellular สภาพจอ แบต และอุปกรณ์เฉพาะรุ่น,/บริการ/รับซื้อ-ipad-อุบล/,/บริการ/รับซื้อ-ipad-อุบล/; /บทความ/check-ipad-battery/,P1,W3,READY,Qualified architecture candidate; implement only with unique page content.,tablet,LOCKED
B0-0239,/บริการ/รับซื้อ-ipad-mini-7-อุบล/,model,Model/iPad,/บริการ/รับซื้อ-ipad-อุบล/,/บริการ/รับซื้อ-ipad-อุบล/,รับซื้อ iPad mini 7 อุบล,,,Apple,iPad,iPad mini 7,,5,0.0,0.0,,5,4,5,4,3,26,1,1,1,ชิป/เจเนอเรชัน ขนาดจอ ความจุ Wi‑Fi/Cellular สภาพจอ แบต และอุปกรณ์เฉพาะรุ่น,/บริการ/รับซื้อ-ipad-อุบล/,/บริการ/รับซื้อ-ipad-อุบล/; /บทความ/check-ipad-battery/,P1,W3,READY,Qualified architecture candidate; implement only with unique page content.,tablet,LOCKED
B0-0240,/บริการ/รับซื้อ-ipad-mini-6-อุบล/,model,Model/iPad,/บริการ/รับซื้อ-ipad-อุบล/,/บริการ/รับซื้อ-ipad-อุบล/,รับซื้อ iPad mini 6 อุบล,,,Apple,iPad,iPad mini 6,,5,0.0,0.0,,5,4,5,4,3,26,1,1,1,ชิป/เจเนอเรชัน ขนาดจอ ความจุ Wi‑Fi/Cellular สภาพจอ แบต และอุปกรณ์เฉพาะรุ่น,/บริการ/รับซื้อ-ipad-อุบล/,/บริการ/รับซื้อ-ipad-อุบล/; /บทความ/check-ipad-battery/,P1,W3,READY,Qualified architecture candidate; implement only with unique page content.,tablet,LOCKED
B0-0241,/บริการ/รับซื้อ-ipad-gen-8-อุบล/,model,Model/iPad,/บริการ/รับซื้อ-ipad-อุบล/,/บริการ/รับซื้อ-ipad-อุบล/,รับซื้อ iPad Gen 8 อุบล,,,Apple,iPad,iPad Gen 8,,5,0.0,0.0,,5,4,5,4,3,26,1,1,1,ชิป/เจเนอเรชัน ขนาดจอ ความจุ Wi‑Fi/Cellular สภาพจอ แบต และอุปกรณ์เฉพาะรุ่น,/บริการ/รับซื้อ-ipad-อุบล/,/บริการ/รับซื้อ-ipad-อุบล/; /บทความ/check-ipad-battery/,P1,W3,READY,Qualified architecture candidate; implement only with unique page content.,tablet,LOCKED
B0-0242,/บริการ/รับซื้อ-ipad-gen-7-อุบล/,model,Model/iPad,/บริการ/รับซื้อ-ipad-อุบล/,/บริการ/รับซื้อ-ipad-อุบล/,รับซื้อ iPad Gen 7 อุบล,,,Apple,iPad,iPad Gen 7,,5,0.0,0.0,,5,4,5,4,3,26,1,1,1,ชิป/เจเนอเรชัน ขนาดจอ ความจุ Wi‑Fi/Cellular สภาพจอ แบต และอุปกรณ์เฉพาะรุ่น,/บริการ/รับซื้อ-ipad-อุบล/,/บริการ/รับซื้อ-ipad-อุบล/; /บทความ/check-ipad-battery/,P1,W3,READY,Qualified architecture candidate; implement only with unique page content.,tablet,LOCKED
B0-0243,/บริการ/รับซื้อ-samsung-galaxy-s25-ultra-อุบล/,model,Model/Samsung,/บริการ/รับซื้อ-samsung-อุบล/,/บริการ/รับซื้อ-samsung-อุบล/,รับซื้อ Samsung Galaxy S25 Ultra อุบล,,,Samsung,Galaxy,Samsung Galaxy S25 Ultra,,4,0.0,0.0,,5,4,5,4,3,25,1,1,1,รุ่นย่อย ความจุ จอ/บานพับ/ปากกา/กล้อง สภาพแบตและตำหนิที่ต่างกันตามตระกูล,/บริการ/รับซื้อ-samsung-อุบล/,/บริการ/รับซื้อ-samsung-อุบล/; /บทความ/sell-samsung-galaxy/,P2,W3,READY,Qualified architecture candidate; implement only with unique page content.,mobile,LOCKED
B0-0244,/บริการ/รับซื้อ-samsung-galaxy-s24-ultra-อุบล/,model,Model/Samsung,/บริการ/รับซื้อ-samsung-อุบล/,/บริการ/รับซื้อ-samsung-อุบล/,รับซื้อ Samsung Galaxy S24 Ultra อุบล,,,Samsung,Galaxy,Samsung Galaxy S24 Ultra,,4,0.0,0.0,,5,4,5,4,3,25,1,1,1,รุ่นย่อย ความจุ จอ/บานพับ/ปากกา/กล้อง สภาพแบตและตำหนิที่ต่างกันตามตระกูล,/บริการ/รับซื้อ-samsung-อุบล/,/บริการ/รับซื้อ-samsung-อุบล/; /บทความ/sell-samsung-galaxy/,P2,W3,READY,Qualified architecture candidate; implement only with unique page content.,mobile,LOCKED
B0-0245,/บริการ/รับซื้อ-samsung-galaxy-s23-ultra-อุบล/,model,Model/Samsung,/บริการ/รับซื้อ-samsung-อุบล/,/บริการ/รับซื้อ-samsung-อุบล/,รับซื้อ Samsung Galaxy S23 Ultra อุบล,,,Samsung,Galaxy,Samsung Galaxy S23 Ultra,,4,0.0,0.0,,5,4,5,4,3,25,1,1,1,รุ่นย่อย ความจุ จอ/บานพับ/ปากกา/กล้อง สภาพแบตและตำหนิที่ต่างกันตามตระกูล,/บริการ/รับซื้อ-samsung-อุบล/,/บริการ/รับซื้อ-samsung-อุบล/; /บทความ/sell-samsung-galaxy/,P2,W3,READY,Qualified architecture candidate; implement only with unique page content.,mobile,LOCKED
B0-0246,/บริการ/รับซื้อ-samsung-galaxy-z-fold6-อุบล/,model,Model/Samsung,/บริการ/รับซื้อ-samsung-อุบล/,/บริการ/รับซื้อ-samsung-อุบล/,รับซื้อ Samsung Galaxy Z Fold6 อุบล,,,Samsung,Galaxy,Samsung Galaxy Z Fold6,,4,0.0,0.0,,5,4,5,4,3,25,1,1,1,รุ่นย่อย ความจุ จอ/บานพับ/ปากกา/กล้อง สภาพแบตและตำหนิที่ต่างกันตามตระกูล,/บริการ/รับซื้อ-samsung-อุบล/,/บริการ/รับซื้อ-samsung-อุบล/; /บทความ/sell-samsung-galaxy/,P2,W3,READY,Qualified architecture candidate; implement only with unique page content.,mobile,LOCKED
B0-0247,/บริการ/รับซื้อ-samsung-galaxy-z-flip6-อุบล/,model,Model/Samsung,/บริการ/รับซื้อ-samsung-อุบล/,/บริการ/รับซื้อ-samsung-อุบล/,รับซื้อ Samsung Galaxy Z Flip6 อุบล,,,Samsung,Galaxy,Samsung Galaxy Z Flip6,,4,0.0,0.0,,5,4,5,4,3,25,1,1,1,รุ่นย่อย ความจุ จอ/บานพับ/ปากกา/กล้อง สภาพแบตและตำหนิที่ต่างกันตามตระกูล,/บริการ/รับซื้อ-samsung-อุบล/,/บริการ/รับซื้อ-samsung-อุบล/; /บทความ/sell-samsung-galaxy/,P2,W3,READY,Qualified architecture candidate; implement only with unique page content.,mobile,LOCKED
B0-0248,/บริการ/รับซื้อ-samsung-galaxy-a55-อุบล/,model,Model/Samsung,/บริการ/รับซื้อ-samsung-อุบล/,/บริการ/รับซื้อ-samsung-อุบล/,รับซื้อ Samsung Galaxy A55 อุบล,,,Samsung,Galaxy,Samsung Galaxy A55,,4,0.0,0.0,,5,4,5,4,3,25,1,1,1,รุ่นย่อย ความจุ จอ/บานพับ/ปากกา/กล้อง สภาพแบตและตำหนิที่ต่างกันตามตระกูล,/บริการ/รับซื้อ-samsung-อุบล/,/บริการ/รับซื้อ-samsung-อุบล/; /บทความ/sell-samsung-galaxy/,P2,W3,READY,Qualified architecture candidate; implement only with unique page content.,mobile,LOCKED
B0-0249,/บริการ/รับซื้อ-samsung-galaxy-s24-อุบล/,model,Model/Samsung,/บริการ/รับซื้อ-samsung-อุบล/,/บริการ/รับซื้อ-samsung-อุบล/,รับซื้อ Samsung Galaxy S24 อุบล,,,Samsung,Galaxy,Samsung Galaxy S24,,4,0.0,0.0,,5,4,5,4,3,25,1,1,1,รุ่นย่อย ความจุ จอ/บานพับ/ปากกา/กล้อง สภาพแบตและตำหนิที่ต่างกันตามตระกูล,/บริการ/รับซื้อ-samsung-อุบล/,/บริการ/รับซื้อ-samsung-อุบล/; /บทความ/sell-samsung-galaxy/,P2,W3,READY,Qualified architecture candidate; implement only with unique page content.,mobile,LOCKED
B0-0250,/บริการ/รับซื้อ-samsung-galaxy-s23-อุบล/,model,Model/Samsung,/บริการ/รับซื้อ-samsung-อุบล/,/บริการ/รับซื้อ-samsung-อุบล/,รับซื้อ Samsung Galaxy S23 อุบล,,,Samsung,Galaxy,Samsung Galaxy S23,,4,0.0,0.0,,5,4,5,4,3,25,1,1,1,รุ่นย่อย ความจุ จอ/บานพับ/ปากกา/กล้อง สภาพแบตและตำหนิที่ต่างกันตามตระกูล,/บริการ/รับซื้อ-samsung-อุบล/,/บริการ/รับซื้อ-samsung-อุบล/; /บทความ/sell-samsung-galaxy/,P2,W3,READY,Qualified architecture candidate; implement only with unique page content.,mobile,LOCKED
B0-0251,/บริการ/รับซื้อ-asus-rog-อุบล/,series,Series/Notebook,/บริการ/รับซื้อโน้ตบุ๊ก-asus-อุบล/,/บริการ/รับซื้อโน้ตบุ๊ก-asus-อุบล/,รับซื้อ ASUS ROG อุบล,,,ASUS,ASUS ROG,,,4,0.0,0.0,,5,4,5,4,3,25,1,1,1,"Released with series-specific inspection, condition, and valuation content in Content/Expansion Batch 3.",/บริการ/รับซื้อโน้ตบุ๊ก-asus-อุบล/,/บริการ/รับซื้อโน้ตบุ๊ก-asus-อุบล/; /บริการ/รับซื้อโน้ตบุ๊ก-อุบล/,P1_RELEASED,W2A,EXISTING_OWNER,W2A_PRODUCTION_RELEASE,notebook,LOCKED
B0-0252,/บริการ/รับซื้อ-asus-tuf-อุบล/,series,Series/Notebook,/บริการ/รับซื้อโน้ตบุ๊ก-asus-อุบล/,/บริการ/รับซื้อโน้ตบุ๊ก-asus-อุบล/,รับซื้อ ASUS TUF Gaming อุบล,,,ASUS,ASUS TUF Gaming,,,4,0.0,0.0,,5,4,5,4,3,25,1,1,1,"Released with series-specific inspection, condition, and valuation content in Content/Expansion Batch 3.",/บริการ/รับซื้อโน้ตบุ๊ก-asus-อุบล/,/บริการ/รับซื้อโน้ตบุ๊ก-asus-อุบล/; /บริการ/รับซื้อโน้ตบุ๊ก-อุบล/,P1_RELEASED,W2A,EXISTING_OWNER,W2A_PRODUCTION_RELEASE,notebook,LOCKED
B0-0253,/บริการ/รับซื้อ-asus-vivobook-อุบล/,series,Series/Notebook,/บริการ/รับซื้อโน้ตบุ๊ก-asus-อุบล/,/บริการ/รับซื้อโน้ตบุ๊ก-asus-อุบล/,รับซื้อ ASUS Vivobook อุบล,,,ASUS,ASUS Vivobook,,,4,0.0,0.0,,5,4,5,4,3,25,1,1,1,"Released with series-specific inspection, condition, and valuation content in Content/Expansion Batch 3.",/บริการ/รับซื้อโน้ตบุ๊ก-asus-อุบล/,/บริการ/รับซื้อโน้ตบุ๊ก-asus-อุบล/; /บริการ/รับซื้อโน้ตบุ๊ก-อุบล/,P1_RELEASED,W2A,EXISTING_OWNER,W2A_PRODUCTION_RELEASE,notebook,LOCKED
B0-0254,/บริการ/รับซื้อ-asus-zenbook-อุบล/,series,Series/Notebook,/บริการ/รับซื้อโน้ตบุ๊ก-asus-อุบล/,/บริการ/รับซื้อโน้ตบุ๊ก-asus-อุบล/,รับซื้อ ASUS Zenbook อุบล,,,ASUS,ASUS Zenbook,,,4,0.0,0.0,,5,4,5,4,3,25,1,1,1,ซีรีส์มี positioning และสเปก CPU/GPU/จอ/บอดี้ต่างกัน ใช้เกณฑ์ประเมินเฉพาะ family ไม่ใช่เปลี่ยนชื่อแบรนด์,/บริการ/รับซื้อโน้ตบุ๊ก-asus-อุบล/,/บริการ/รับซื้อโน้ตบุ๊ก-asus-อุบล/; /บริการ/รับซื้อโน้ตบุ๊ก-อุบล/,P2,W2B,READY,Qualified architecture candidate; implement only with unique page content.,notebook,LOCKED
B0-0255,/บริการ/รับซื้อ-asus-expertbook-อุบล/,series,Series/Notebook,/บริการ/รับซื้อโน้ตบุ๊ก-asus-อุบล/,/บริการ/รับซื้อโน้ตบุ๊ก-asus-อุบล/,รับซื้อ ASUS ExpertBook อุบล,,,ASUS,ASUS ExpertBook,,,4,0.0,0.0,,5,4,5,4,3,25,1,1,1,ซีรีส์มี positioning และสเปก CPU/GPU/จอ/บอดี้ต่างกัน ใช้เกณฑ์ประเมินเฉพาะ family ไม่ใช่เปลี่ยนชื่อแบรนด์,/บริการ/รับซื้อโน้ตบุ๊ก-asus-อุบล/,/บริการ/รับซื้อโน้ตบุ๊ก-asus-อุบล/; /บริการ/รับซื้อโน้ตบุ๊ก-อุบล/,P2,W2C,READY,Qualified architecture candidate; implement only with unique page content.,notebook,LOCKED
B0-0256,/บริการ/รับซื้อ-acer-nitro-อุบล/,series,Series/Notebook,/บริการ/รับซื้อโน้ตบุ๊ก-acer-อุบล/,/บริการ/รับซื้อโน้ตบุ๊ก-acer-อุบล/,รับซื้อ Acer Nitro อุบล,,,Acer,Acer Nitro,,,4,0.0,0.0,,5,4,5,4,3,25,1,1,1,"Released with series-specific inspection, condition, and valuation content in Content/Expansion Batch 3.",/บริการ/รับซื้อโน้ตบุ๊ก-acer-อุบล/,/บริการ/รับซื้อโน้ตบุ๊ก-acer-อุบล/; /บริการ/รับซื้อโน้ตบุ๊ก-อุบล/,P1_RELEASED,W2A,EXISTING_OWNER,W2A_PRODUCTION_RELEASE,notebook,LOCKED
B0-0257,/บริการ/รับซื้อ-acer-predator-อุบล/,series,Series/Notebook,/บริการ/รับซื้อโน้ตบุ๊ก-acer-อุบล/,/บริการ/รับซื้อโน้ตบุ๊ก-acer-อุบล/,รับซื้อ Acer Predator อุบล,,,Acer,Acer Predator,,,4,0.0,0.0,,5,4,5,4,3,25,1,1,1,ซีรีส์มี positioning และสเปก CPU/GPU/จอ/บอดี้ต่างกัน ใช้เกณฑ์ประเมินเฉพาะ family ไม่ใช่เปลี่ยนชื่อแบรนด์,/บริการ/รับซื้อโน้ตบุ๊ก-acer-อุบล/,/บริการ/รับซื้อโน้ตบุ๊ก-acer-อุบล/; /บริการ/รับซื้อโน้ตบุ๊ก-อุบล/,P2,W2B,READY,Qualified architecture candidate; implement only with unique page content.,notebook,LOCKED
B0-0258,/บริการ/รับซื้อ-acer-aspire-อุบล/,series,Series/Notebook,/บริการ/รับซื้อโน้ตบุ๊ก-acer-อุบล/,/บริการ/รับซื้อโน้ตบุ๊ก-acer-อุบล/,รับซื้อ Acer Aspire อุบล,,,Acer,Acer Aspire,,,4,0.0,0.0,,5,4,5,4,3,25,1,1,1,ซีรีส์มี positioning และสเปก CPU/GPU/จอ/บอดี้ต่างกัน ใช้เกณฑ์ประเมินเฉพาะ family ไม่ใช่เปลี่ยนชื่อแบรนด์,/บริการ/รับซื้อโน้ตบุ๊ก-acer-อุบล/,/บริการ/รับซื้อโน้ตบุ๊ก-acer-อุบล/; /บริการ/รับซื้อโน้ตบุ๊ก-อุบล/,P2,W2B,READY,Qualified architecture candidate; implement only with unique page content.,notebook,LOCKED
B0-0259,/บริการ/รับซื้อ-acer-swift-อุบล/,series,Series/Notebook,/บริการ/รับซื้อโน้ตบุ๊ก-acer-อุบล/,/บริการ/รับซื้อโน้ตบุ๊ก-acer-อุบล/,รับซื้อ Acer Swift อุบล,,,Acer,Acer Swift,,,4,0.0,0.0,,5,4,5,4,3,25,1,1,1,ซีรีส์มี positioning และสเปก CPU/GPU/จอ/บอดี้ต่างกัน ใช้เกณฑ์ประเมินเฉพาะ family ไม่ใช่เปลี่ยนชื่อแบรนด์,/บริการ/รับซื้อโน้ตบุ๊ก-acer-อุบล/,/บริการ/รับซื้อโน้ตบุ๊ก-acer-อุบล/; /บริการ/รับซื้อโน้ตบุ๊ก-อุบล/,P2,W2B,READY,Qualified architecture candidate; implement only with unique page content.,notebook,LOCKED
B0-0260,/บริการ/รับซื้อ-acer-travelmate-อุบล/,series,Series/Notebook,/บริการ/รับซื้อโน้ตบุ๊ก-acer-อุบล/,/บริการ/รับซื้อโน้ตบุ๊ก-acer-อุบล/,รับซื้อ Acer TravelMate อุบล,,,Acer,Acer TravelMate,,,4,0.0,0.0,,5,4,5,4,3,25,1,1,1,ซีรีส์มี positioning และสเปก CPU/GPU/จอ/บอดี้ต่างกัน ใช้เกณฑ์ประเมินเฉพาะ family ไม่ใช่เปลี่ยนชื่อแบรนด์,/บริการ/รับซื้อโน้ตบุ๊ก-acer-อุบล/,/บริการ/รับซื้อโน้ตบุ๊ก-acer-อุบล/; /บริการ/รับซื้อโน้ตบุ๊ก-อุบล/,P2,W2C,READY,Qualified architecture candidate; implement only with unique page content.,notebook,LOCKED
B0-0261,/บริการ/รับซื้อ-lenovo-legion-อุบล/,series,Series/Notebook,/บริการ/รับซื้อโน้ตบุ๊ก-lenovo-อุบล/,/บริการ/รับซื้อโน้ตบุ๊ก-lenovo-อุบล/,รับซื้อ Lenovo Legion อุบล,,,Lenovo,Lenovo Legion,,,4,0.0,0.0,,5,4,5,4,3,25,1,1,1,"Released with series-specific inspection, condition, and valuation content in Content/Expansion Batch 3.",/บริการ/รับซื้อโน้ตบุ๊ก-lenovo-อุบล/,/บริการ/รับซื้อโน้ตบุ๊ก-lenovo-อุบล/; /บริการ/รับซื้อโน้ตบุ๊ก-อุบล/,P1_RELEASED,W2A,EXISTING_OWNER,W2A_PRODUCTION_RELEASE,notebook,LOCKED
B0-0262,/บริการ/รับซื้อ-lenovo-loq-อุบล/,series,Series/Notebook,/บริการ/รับซื้อโน้ตบุ๊ก-lenovo-อุบล/,/บริการ/รับซื้อโน้ตบุ๊ก-lenovo-อุบล/,รับซื้อ Lenovo LOQ อุบล,,,Lenovo,Lenovo LOQ,,,4,0.0,0.0,,5,4,5,4,3,25,1,1,1,"Released with series-specific inspection, condition, and valuation content in Content/Expansion Batch 3.",/บริการ/รับซื้อโน้ตบุ๊ก-lenovo-อุบล/,/บริการ/รับซื้อโน้ตบุ๊ก-lenovo-อุบล/; /บริการ/รับซื้อโน้ตบุ๊ก-อุบล/,P1_RELEASED,W2A,EXISTING_OWNER,W2A_PRODUCTION_RELEASE,notebook,LOCKED
B0-0263,/บริการ/รับซื้อ-lenovo-thinkpad-อุบล/,series,Series/Notebook,/บริการ/รับซื้อโน้ตบุ๊ก-lenovo-อุบล/,/บริการ/รับซื้อโน้ตบุ๊ก-lenovo-อุบล/,รับซื้อ Lenovo ThinkPad อุบล,,,Lenovo,Lenovo ThinkPad,,,4,0.0,0.0,,5,4,5,4,3,25,1,1,1,"Released with series-specific inspection, condition, and valuation content in Content/Expansion Batch 3.",/บริการ/รับซื้อโน้ตบุ๊ก-lenovo-อุบล/,/บริการ/รับซื้อโน้ตบุ๊ก-lenovo-อุบล/; /บริการ/รับซื้อโน้ตบุ๊ก-อุบล/,P1_RELEASED,W2A,EXISTING_OWNER,W2A_PRODUCTION_RELEASE,notebook,LOCKED
B0-0264,/บริการ/รับซื้อ-lenovo-ideapad-อุบล/,series,Series/Notebook,/บริการ/รับซื้อโน้ตบุ๊ก-lenovo-อุบล/,/บริการ/รับซื้อโน้ตบุ๊ก-lenovo-อุบล/,รับซื้อ Lenovo IdeaPad อุบล,,,Lenovo,Lenovo IdeaPad,,,4,0.0,0.0,,5,4,5,4,3,25,1,1,1,ซีรีส์มี positioning และสเปก CPU/GPU/จอ/บอดี้ต่างกัน ใช้เกณฑ์ประเมินเฉพาะ family ไม่ใช่เปลี่ยนชื่อแบรนด์,/บริการ/รับซื้อโน้ตบุ๊ก-lenovo-อุบล/,/บริการ/รับซื้อโน้ตบุ๊ก-lenovo-อุบล/; /บริการ/รับซื้อโน้ตบุ๊ก-อุบล/,P2,W2B,READY,Qualified architecture candidate; implement only with unique page content.,notebook,LOCKED
B0-0265,/บริการ/รับซื้อ-lenovo-yoga-อุบล/,series,Series/Notebook,/บริการ/รับซื้อโน้ตบุ๊ก-lenovo-อุบล/,/บริการ/รับซื้อโน้ตบุ๊ก-lenovo-อุบล/,รับซื้อ Lenovo Yoga อุบล,,,Lenovo,Lenovo Yoga,,,4,0.0,0.0,,5,4,5,4,3,25,1,1,1,ซีรีส์มี positioning และสเปก CPU/GPU/จอ/บอดี้ต่างกัน ใช้เกณฑ์ประเมินเฉพาะ family ไม่ใช่เปลี่ยนชื่อแบรนด์,/บริการ/รับซื้อโน้ตบุ๊ก-lenovo-อุบล/,/บริการ/รับซื้อโน้ตบุ๊ก-lenovo-อุบล/; /บริการ/รับซื้อโน้ตบุ๊ก-อุบล/,P2,W2B,READY,Qualified architecture candidate; implement only with unique page content.,notebook,LOCKED
B0-0266,/บริการ/รับซื้อ-hp-victus-อุบล/,series,Series/Notebook,/บริการ/รับซื้อโน้ตบุ๊ก-hp-อุบล/,/บริการ/รับซื้อโน้ตบุ๊ก-hp-อุบล/,รับซื้อ HP Victus อุบล,,,HP,HP Victus,,,4,0.0,0.0,,5,4,5,4,3,25,1,1,1,"Released with series-specific inspection, condition, and valuation content in Content/Expansion Batch 3.",/บริการ/รับซื้อโน้ตบุ๊ก-hp-อุบล/,/บริการ/รับซื้อโน้ตบุ๊ก-hp-อุบล/; /บริการ/รับซื้อโน้ตบุ๊ก-อุบล/,P1_RELEASED,W2A,EXISTING_OWNER,W2A_PRODUCTION_RELEASE,notebook,LOCKED
B0-0267,/บริการ/รับซื้อ-hp-omen-อุบล/,series,Series/Notebook,/บริการ/รับซื้อโน้ตบุ๊ก-hp-อุบล/,/บริการ/รับซื้อโน้ตบุ๊ก-hp-อุบล/,รับซื้อ HP Omen อุบล,,,HP,HP Omen,,,4,0.0,0.0,,5,4,5,4,3,25,1,1,1,ซีรีส์มี positioning และสเปก CPU/GPU/จอ/บอดี้ต่างกัน ใช้เกณฑ์ประเมินเฉพาะ family ไม่ใช่เปลี่ยนชื่อแบรนด์,/บริการ/รับซื้อโน้ตบุ๊ก-hp-อุบล/,/บริการ/รับซื้อโน้ตบุ๊ก-hp-อุบล/; /บริการ/รับซื้อโน้ตบุ๊ก-อุบล/,P2,W2B,READY,Qualified architecture candidate; implement only with unique page content.,notebook,LOCKED
B0-0268,/บริการ/รับซื้อ-hp-elitebook-อุบล/,series,Series/Notebook,/บริการ/รับซื้อโน้ตบุ๊ก-hp-อุบล/,/บริการ/รับซื้อโน้ตบุ๊ก-hp-อุบล/,รับซื้อ HP EliteBook อุบล,,,HP,HP EliteBook,,,4,0.0,0.0,,5,4,5,4,3,25,1,1,1,ซีรีส์มี positioning และสเปก CPU/GPU/จอ/บอดี้ต่างกัน ใช้เกณฑ์ประเมินเฉพาะ family ไม่ใช่เปลี่ยนชื่อแบรนด์,/บริการ/รับซื้อโน้ตบุ๊ก-hp-อุบล/,/บริการ/รับซื้อโน้ตบุ๊ก-hp-อุบล/; /บริการ/รับซื้อโน้ตบุ๊ก-อุบล/,P2,W2B,READY,Qualified architecture candidate; implement only with unique page content.,notebook,LOCKED
B0-0269,/บริการ/รับซื้อ-hp-probook-อุบล/,series,Series/Notebook,/บริการ/รับซื้อโน้ตบุ๊ก-hp-อุบล/,/บริการ/รับซื้อโน้ตบุ๊ก-hp-อุบล/,รับซื้อ HP ProBook อุบล,,,HP,HP ProBook,,,4,0.0,0.0,,5,4,5,4,3,25,1,1,1,ซีรีส์มี positioning และสเปก CPU/GPU/จอ/บอดี้ต่างกัน ใช้เกณฑ์ประเมินเฉพาะ family ไม่ใช่เปลี่ยนชื่อแบรนด์,/บริการ/รับซื้อโน้ตบุ๊ก-hp-อุบล/,/บริการ/รับซื้อโน้ตบุ๊ก-hp-อุบล/; /บริการ/รับซื้อโน้ตบุ๊ก-อุบล/,P2,W2B,READY,Qualified architecture candidate; implement only with unique page content.,notebook,LOCKED
B0-0270,/บริการ/รับซื้อ-hp-pavilion-อุบล/,series,Series/Notebook,/บริการ/รับซื้อโน้ตบุ๊ก-hp-อุบล/,/บริการ/รับซื้อโน้ตบุ๊ก-hp-อุบล/,รับซื้อ HP Pavilion อุบล,,,HP,HP Pavilion,,,4,0.0,0.0,,5,4,5,4,3,25,1,1,1,ซีรีส์มี positioning และสเปก CPU/GPU/จอ/บอดี้ต่างกัน ใช้เกณฑ์ประเมินเฉพาะ family ไม่ใช่เปลี่ยนชื่อแบรนด์,/บริการ/รับซื้อโน้ตบุ๊ก-hp-อุบล/,/บริการ/รับซื้อโน้ตบุ๊ก-hp-อุบล/; /บริการ/รับซื้อโน้ตบุ๊ก-อุบล/,P2,W2C,READY,Qualified architecture candidate; implement only with unique page content.,notebook,LOCKED
B0-0271,/บริการ/รับซื้อ-hp-envy-อุบล/,series,Series/Notebook,/บริการ/รับซื้อโน้ตบุ๊ก-hp-อุบล/,/บริการ/รับซื้อโน้ตบุ๊ก-hp-อุบล/,รับซื้อ HP Envy อุบล,,,HP,HP Envy,,,4,0.0,0.0,,5,4,5,4,3,25,1,1,1,ซีรีส์มี positioning และสเปก CPU/GPU/จอ/บอดี้ต่างกัน ใช้เกณฑ์ประเมินเฉพาะ family ไม่ใช่เปลี่ยนชื่อแบรนด์,/บริการ/รับซื้อโน้ตบุ๊ก-hp-อุบล/,/บริการ/รับซื้อโน้ตบุ๊ก-hp-อุบล/; /บริการ/รับซื้อโน้ตบุ๊ก-อุบล/,P2,W2C,READY,Qualified architecture candidate; implement only with unique page content.,notebook,LOCKED
B0-0272,/บริการ/รับซื้อ-dell-latitude-อุบล/,series,Series/Notebook,/บริการ/รับซื้อโน้ตบุ๊ก-dell-อุบล/,/บริการ/รับซื้อโน้ตบุ๊ก-dell-อุบล/,รับซื้อ Dell Latitude อุบล,,,Dell,Dell Latitude,,,4,0.0,0.0,,5,4,5,4,3,25,1,1,1,"Released with series-specific inspection, condition, and valuation content in Content/Expansion Batch 3.",/บริการ/รับซื้อโน้ตบุ๊ก-dell-อุบล/,/บริการ/รับซื้อโน้ตบุ๊ก-dell-อุบล/; /บริการ/รับซื้อโน้ตบุ๊ก-อุบล/,P1_RELEASED,W2A,EXISTING_OWNER,W2A_PRODUCTION_RELEASE,notebook,LOCKED
B0-0273,/บริการ/รับซื้อ-dell-inspiron-อุบล/,series,Series/Notebook,/บริการ/รับซื้อโน้ตบุ๊ก-dell-อุบล/,/บริการ/รับซื้อโน้ตบุ๊ก-dell-อุบล/,รับซื้อ Dell Inspiron อุบล,,,Dell,Dell Inspiron,,,4,0.0,0.0,,5,4,5,4,3,25,1,1,1,ซีรีส์มี positioning และสเปก CPU/GPU/จอ/บอดี้ต่างกัน ใช้เกณฑ์ประเมินเฉพาะ family ไม่ใช่เปลี่ยนชื่อแบรนด์,/บริการ/รับซื้อโน้ตบุ๊ก-dell-อุบล/,/บริการ/รับซื้อโน้ตบุ๊ก-dell-อุบล/; /บริการ/รับซื้อโน้ตบุ๊ก-อุบล/,P2,W2B,READY,Qualified architecture candidate; implement only with unique page content.,notebook,LOCKED
B0-0274,/บริการ/รับซื้อ-dell-xps-อุบล/,series,Series/Notebook,/บริการ/รับซื้อโน้ตบุ๊ก-dell-อุบล/,/บริการ/รับซื้อโน้ตบุ๊ก-dell-อุบล/,รับซื้อ Dell XPS อุบล,,,Dell,Dell XPS,,,4,0.0,0.0,,5,4,5,4,3,25,1,1,1,ซีรีส์มี positioning และสเปก CPU/GPU/จอ/บอดี้ต่างกัน ใช้เกณฑ์ประเมินเฉพาะ family ไม่ใช่เปลี่ยนชื่อแบรนด์,/บริการ/รับซื้อโน้ตบุ๊ก-dell-อุบล/,/บริการ/รับซื้อโน้ตบุ๊ก-dell-อุบล/; /บริการ/รับซื้อโน้ตบุ๊ก-อุบล/,P2,W2B,READY,Qualified architecture candidate; implement only with unique page content.,notebook,LOCKED
B0-0275,/บริการ/รับซื้อ-dell-g-series-อุบล/,series,Series/Notebook,/บริการ/รับซื้อโน้ตบุ๊ก-dell-อุบล/,/บริการ/รับซื้อโน้ตบุ๊ก-dell-อุบล/,รับซื้อ Dell G Series อุบล,,,Dell,Dell G Series,,,4,0.0,0.0,,5,4,5,4,3,25,1,1,1,ซีรีส์มี positioning และสเปก CPU/GPU/จอ/บอดี้ต่างกัน ใช้เกณฑ์ประเมินเฉพาะ family ไม่ใช่เปลี่ยนชื่อแบรนด์,/บริการ/รับซื้อโน้ตบุ๊ก-dell-อุบล/,/บริการ/รับซื้อโน้ตบุ๊ก-dell-อุบล/; /บริการ/รับซื้อโน้ตบุ๊ก-อุบล/,P2,W2B,READY,Qualified architecture candidate; implement only with unique page content.,notebook,LOCKED
B0-0276,/บริการ/รับซื้อ-dell-alienware-อุบล/,series,Series/Notebook,/บริการ/รับซื้อโน้ตบุ๊ก-dell-อุบล/,/บริการ/รับซื้อโน้ตบุ๊ก-dell-อุบล/,รับซื้อ Dell Alienware อุบล,,,Dell,Dell Alienware,,,4,0.0,0.0,,5,4,5,4,3,25,1,1,1,ซีรีส์มี positioning และสเปก CPU/GPU/จอ/บอดี้ต่างกัน ใช้เกณฑ์ประเมินเฉพาะ family ไม่ใช่เปลี่ยนชื่อแบรนด์,/บริการ/รับซื้อโน้ตบุ๊ก-dell-อุบล/,/บริการ/รับซื้อโน้ตบุ๊ก-dell-อุบล/; /บริการ/รับซื้อโน้ตบุ๊ก-อุบล/,P2,W2C,READY,Qualified architecture candidate; implement only with unique page content.,notebook,LOCKED
B0-0277,/บริการ/รับซื้อ-dell-vostro-อุบล/,series,Series/Notebook,/บริการ/รับซื้อโน้ตบุ๊ก-dell-อุบล/,/บริการ/รับซื้อโน้ตบุ๊ก-dell-อุบล/,รับซื้อ Dell Vostro อุบล,,,Dell,Dell Vostro,,,4,0.0,0.0,,5,4,5,4,3,25,1,1,1,ซีรีส์มี positioning และสเปก CPU/GPU/จอ/บอดี้ต่างกัน ใช้เกณฑ์ประเมินเฉพาะ family ไม่ใช่เปลี่ยนชื่อแบรนด์,/บริการ/รับซื้อโน้ตบุ๊ก-dell-อุบล/,/บริการ/รับซื้อโน้ตบุ๊ก-dell-อุบล/; /บริการ/รับซื้อโน้ตบุ๊ก-อุบล/,P2,W2C,READY,Qualified architecture candidate; implement only with unique page content.,notebook,LOCKED
B0-0278,/บริการ/รับซื้อ-msi-katana-อุบล/,series,Series/Notebook,/บริการ/รับซื้อโน้ตบุ๊ก-msi-อุบล/,/บริการ/รับซื้อโน้ตบุ๊ก-msi-อุบล/,รับซื้อ MSI Katana อุบล,,,MSI,MSI Katana,,,4,0.0,0.0,,5,4,5,4,3,25,1,1,1,"Released with series-specific inspection, condition, and valuation content in Content/Expansion Batch 3.",/บริการ/รับซื้อโน้ตบุ๊ก-msi-อุบล/,/บริการ/รับซื้อโน้ตบุ๊ก-msi-อุบล/; /บริการ/รับซื้อโน้ตบุ๊ก-อุบล/,P1_RELEASED,W2A,EXISTING_OWNER,W2A_PRODUCTION_RELEASE,notebook,LOCKED
B0-0279,/บริการ/รับซื้อ-msi-cyborg-อุบล/,series,Series/Notebook,/บริการ/รับซื้อโน้ตบุ๊ก-msi-อุบล/,/บริการ/รับซื้อโน้ตบุ๊ก-msi-อุบล/,รับซื้อ MSI Cyborg อุบล,,,MSI,MSI Cyborg,,,4,0.0,0.0,,5,4,5,4,3,25,1,1,1,ซีรีส์มี positioning และสเปก CPU/GPU/จอ/บอดี้ต่างกัน ใช้เกณฑ์ประเมินเฉพาะ family ไม่ใช่เปลี่ยนชื่อแบรนด์,/บริการ/รับซื้อโน้ตบุ๊ก-msi-อุบล/,/บริการ/รับซื้อโน้ตบุ๊ก-msi-อุบล/; /บริการ/รับซื้อโน้ตบุ๊ก-อุบล/,P2,W2B,READY,Qualified architecture candidate; implement only with unique page content.,notebook,LOCKED
B0-0280,/บริการ/รับซื้อ-msi-thin-อุบล/,series,Series/Notebook,/บริการ/รับซื้อโน้ตบุ๊ก-msi-อุบล/,/บริการ/รับซื้อโน้ตบุ๊ก-msi-อุบล/,รับซื้อ MSI Thin อุบล,,,MSI,MSI Thin,,,4,0.0,0.0,,5,4,5,4,3,25,1,1,1,ซีรีส์มี positioning และสเปก CPU/GPU/จอ/บอดี้ต่างกัน ใช้เกณฑ์ประเมินเฉพาะ family ไม่ใช่เปลี่ยนชื่อแบรนด์,/บริการ/รับซื้อโน้ตบุ๊ก-msi-อุบล/,/บริการ/รับซื้อโน้ตบุ๊ก-msi-อุบล/; /บริการ/รับซื้อโน้ตบุ๊ก-อุบล/,P2,W2C,READY,Qualified architecture candidate; implement only with unique page content.,notebook,LOCKED
B0-0281,/บริการ/รับซื้อ-msi-stealth-อุบล/,series,Series/Notebook,/บริการ/รับซื้อโน้ตบุ๊ก-msi-อุบล/,/บริการ/รับซื้อโน้ตบุ๊ก-msi-อุบล/,รับซื้อ MSI Stealth อุบล,,,MSI,MSI Stealth,,,4,0.0,0.0,,5,4,5,4,3,25,1,1,1,ซีรีส์มี positioning และสเปก CPU/GPU/จอ/บอดี้ต่างกัน ใช้เกณฑ์ประเมินเฉพาะ family ไม่ใช่เปลี่ยนชื่อแบรนด์,/บริการ/รับซื้อโน้ตบุ๊ก-msi-อุบล/,/บริการ/รับซื้อโน้ตบุ๊ก-msi-อุบล/; /บริการ/รับซื้อโน้ตบุ๊ก-อุบล/,P2,W2C,READY,Qualified architecture candidate; implement only with unique page content.,notebook,LOCKED
B0-0282,/บริการ/รับซื้อ-msi-raider-อุบล/,series,Series/Notebook,/บริการ/รับซื้อโน้ตบุ๊ก-msi-อุบล/,/บริการ/รับซื้อโน้ตบุ๊ก-msi-อุบล/,รับซื้อ MSI Raider อุบล,,,MSI,MSI Raider,,,4,0.0,0.0,,5,4,5,4,3,25,1,1,1,ซีรีส์มี positioning และสเปก CPU/GPU/จอ/บอดี้ต่างกัน ใช้เกณฑ์ประเมินเฉพาะ family ไม่ใช่เปลี่ยนชื่อแบรนด์,/บริการ/รับซื้อโน้ตบุ๊ก-msi-อุบล/,/บริการ/รับซื้อโน้ตบุ๊ก-msi-อุบล/; /บริการ/รับซื้อโน้ตบุ๊ก-อุบล/,P2,W2C,READY,Qualified architecture candidate; implement only with unique page content.,notebook,LOCKED
B0-0283,/บริการ/รับซื้อ-msi-vector-อุบล/,series,Series/Notebook,/บริการ/รับซื้อโน้ตบุ๊ก-msi-อุบล/,/บริการ/รับซื้อโน้ตบุ๊ก-msi-อุบล/,รับซื้อ MSI Vector อุบล,,,MSI,MSI Vector,,,4,0.0,0.0,,5,4,5,4,3,25,1,1,1,ซีรีส์มี positioning และสเปก CPU/GPU/จอ/บอดี้ต่างกัน ใช้เกณฑ์ประเมินเฉพาะ family ไม่ใช่เปลี่ยนชื่อแบรนด์,/บริการ/รับซื้อโน้ตบุ๊ก-msi-อุบล/,/บริการ/รับซื้อโน้ตบุ๊ก-msi-อุบล/; /บริการ/รับซื้อโน้ตบุ๊ก-อุบล/,P2,W2C,READY,Qualified architecture candidate; implement only with unique page content.,notebook,LOCKED
B0-0284,/บริการ/รับซื้อ-rtx-50-series-อุบล/,series,Series/GPU,/บริการ/รับซื้อ-rtx-อุบล/,/บริการ/รับซื้อ-rtx-อุบล/,รับซื้อ NVIDIA RTX 50 Series อุบล,,,NVIDIA,NVIDIA RTX 50 Series,,,4,0.0,0.0,,5,4,5,4,3,25,1,1,1,"Released with series-specific inspection, condition, and valuation content in Content/Expansion Batch 3.",/บริการ/รับซื้อ-rtx-อุบล/,/บริการ/รับซื้อการ์ดจอ-อุบล/; /บทความ/gpu-second-hand/,P1_RELEASED,W2A,EXISTING_OWNER,W2A_PRODUCTION_RELEASE,pc_hardware,LOCKED
B0-0285,/บริการ/รับซื้อ-rtx-40-series-อุบล/,series,Series/GPU,/บริการ/รับซื้อ-rtx-อุบล/,/บริการ/รับซื้อ-rtx-อุบล/,รับซื้อ NVIDIA RTX 40 Series อุบล,,,NVIDIA,NVIDIA RTX 40 Series,,,4,0.0,0.0,,5,4,5,4,3,25,1,1,1,"Released with series-specific inspection, condition, and valuation content in Content/Expansion Batch 3.",/บริการ/รับซื้อ-rtx-อุบล/,/บริการ/รับซื้อการ์ดจอ-อุบล/; /บทความ/gpu-second-hand/,P1_RELEASED,W2A,EXISTING_OWNER,W2A_PRODUCTION_RELEASE,pc_hardware,LOCKED
B0-0286,/บริการ/รับซื้อ-rtx-30-series-อุบล/,series,Series/GPU,/บริการ/รับซื้อ-rtx-อุบล/,/บริการ/รับซื้อ-rtx-อุบล/,รับซื้อ NVIDIA RTX 30 Series อุบล,,,NVIDIA,NVIDIA RTX 30 Series,,,4,0.0,0.0,,5,4,5,4,3,25,1,1,1,"Released with series-specific inspection, condition, and valuation content in Content/Expansion Batch 3.",/บริการ/รับซื้อ-rtx-อุบล/,/บริการ/รับซื้อการ์ดจอ-อุบล/; /บทความ/gpu-second-hand/,P1_RELEASED,W2A,EXISTING_OWNER,W2A_PRODUCTION_RELEASE,pc_hardware,LOCKED
B0-0287,/บริการ/รับซื้อ-gtx-16-series-อุบล/,series,Series/GPU,/บริการ/รับซื้อ-rtx-อุบล/,/บริการ/รับซื้อ-rtx-อุบล/,รับซื้อ NVIDIA GTX 16 Series อุบล,,,NVIDIA,NVIDIA GTX 16 Series,,,4,0.0,0.0,,5,4,5,4,3,25,1,1,1,"generation, VRAM, power/connector, warranty/serial, benchmark/condition และความต้องการตลาดต่างกัน",/บริการ/รับซื้อ-rtx-อุบล/,/บริการ/รับซื้อการ์ดจอ-อุบล/; /บทความ/gpu-second-hand/,P2,W2C,READY,Qualified architecture candidate; implement only with unique page content.,pc_hardware,LOCKED
B0-0288,/บริการ/รับซื้อ-radeon-rx-9000-series-อุบล/,series,Series/GPU,/บริการ/รับซื้อการ์ดจอ-อุบล/,/บริการ/รับซื้อการ์ดจอ-อุบล/,รับซื้อ AMD Radeon RX 9000 Series อุบล,,,AMD,AMD Radeon RX 9000 Series,,,4,0.0,0.0,,5,4,5,4,3,25,1,1,1,"generation, VRAM, power/connector, warranty/serial, benchmark/condition และความต้องการตลาดต่างกัน",/บริการ/รับซื้อการ์ดจอ-อุบล/,/บริการ/รับซื้อการ์ดจอ-อุบล/; /บทความ/gpu-second-hand/,P2,W2B,READY,Qualified architecture candidate; implement only with unique page content.,pc_hardware,LOCKED
B0-0289,/บริการ/รับซื้อ-radeon-rx-7000-series-อุบล/,series,Series/GPU,/บริการ/รับซื้อการ์ดจอ-อุบล/,/บริการ/รับซื้อการ์ดจอ-อุบล/,รับซื้อ AMD Radeon RX 7000 Series อุบล,,,AMD,AMD Radeon RX 7000 Series,,,4,0.0,0.0,,5,4,5,4,3,25,1,1,1,"Released with series-specific inspection, condition, and valuation content in Content/Expansion Batch 3.",/บริการ/รับซื้อการ์ดจอ-อุบล/,/บริการ/รับซื้อการ์ดจอ-อุบล/; /บทความ/gpu-second-hand/,P1_RELEASED,W2A,EXISTING_OWNER,W2A_PRODUCTION_RELEASE,pc_hardware,LOCKED
B0-0290,/บริการ/รับซื้อกล้อง-sony-a7-series-อุบล/,series,Series/Camera,/บริการ/รับซื้อกล้อง-sony-อุบล/,/บริการ/รับซื้อกล้อง-sony-อุบล/,รับซื้อ Sony A7 Series อุบล,,,Sony,Sony A7 Series,,,4,0.0,0.0,,5,4,5,4,3,25,1,1,1,"Released with series-specific inspection, condition, and valuation content in Content/Expansion Batch 3.",/บริการ/รับซื้อกล้อง-sony-อุบล/,/บริการ/รับซื้อกล้อง-sony-อุบล/; /บริการ/รับซื้อกล้อง-อุบล/,P1_RELEASED,W2A,EXISTING_OWNER,W2A_PRODUCTION_RELEASE,camera,LOCKED
B0-0291,/บริการ/รับซื้อกล้อง-sony-a6000-series-อุบล/,series,Series/Camera,/บริการ/รับซื้อกล้อง-sony-อุบล/,/บริการ/รับซื้อกล้อง-sony-อุบล/,รับซื้อ Sony A6000 Series อุบล,,,Sony,Sony A6000 Series,,,4,0.0,0.0,,5,4,5,4,3,25,1,1,1,"mount/sensor/body generation, shutter count, EVF/LCD, sensor condition และอุปกรณ์ของ series",/บริการ/รับซื้อกล้อง-sony-อุบล/,/บริการ/รับซื้อกล้อง-sony-อุบล/; /บริการ/รับซื้อกล้อง-อุบล/,P2,W2B,READY,Qualified architecture candidate; implement only with unique page content.,camera,LOCKED
B0-0292,/บริการ/รับซื้อกล้อง-sony-zv-series-อุบล/,series,Series/Camera,/บริการ/รับซื้อกล้อง-sony-อุบล/,/บริการ/รับซื้อกล้อง-sony-อุบล/,รับซื้อ Sony ZV Series อุบล,,,Sony,Sony ZV Series,,,4,0.0,0.0,,5,4,5,4,3,25,1,1,1,"Released with series-specific inspection, condition, and valuation content in Content/Expansion Batch 3.",/บริการ/รับซื้อกล้อง-sony-อุบล/,/บริการ/รับซื้อกล้อง-sony-อุบล/; /บริการ/รับซื้อกล้อง-อุบล/,P1_RELEASED,W2A,EXISTING_OWNER,W2A_PRODUCTION_RELEASE,camera,LOCKED
B0-0293,/บริการ/รับซื้อกล้อง-canon-eos-r-series-อุบล/,series,Series/Camera,/บริการ/รับซื้อกล้อง-canon-อุบล/,/บริการ/รับซื้อกล้อง-canon-อุบล/,รับซื้อ Canon EOS R Series อุบล,,,Canon,Canon EOS R Series,,,4,0.0,0.0,,5,4,5,4,3,25,1,1,1,"Released with series-specific inspection, condition, and valuation content in Content/Expansion Batch 3.",/บริการ/รับซื้อกล้อง-canon-อุบล/,/บริการ/รับซื้อกล้อง-canon-อุบล/; /บริการ/รับซื้อกล้อง-อุบล/,P1_RELEASED,W2A,EXISTING_OWNER,W2A_PRODUCTION_RELEASE,camera,LOCKED
B0-0294,/บริการ/รับซื้อกล้อง-canon-eos-dslr-series-อุบล/,series,Series/Camera,/บริการ/รับซื้อกล้อง-canon-อุบล/,/บริการ/รับซื้อกล้อง-canon-อุบล/,รับซื้อ Canon EOS DSLR Series อุบล,,,Canon,Canon EOS DSLR Series,,,4,0.0,0.0,,5,4,5,4,3,25,1,1,1,"mount/sensor/body generation, shutter count, EVF/LCD, sensor condition และอุปกรณ์ของ series",/บริการ/รับซื้อกล้อง-canon-อุบล/,/บริการ/รับซื้อกล้อง-canon-อุบล/; /บริการ/รับซื้อกล้อง-อุบล/,P2,W2C,READY,Qualified architecture candidate; implement only with unique page content.,camera,LOCKED
B0-0295,/บริการ/รับซื้อกล้อง-nikon-z-series-อุบล/,series,Series/Camera,/บริการ/รับซื้อกล้อง-nikon-อุบล/,/บริการ/รับซื้อกล้อง-nikon-อุบล/,รับซื้อ Nikon Z Series อุบล,,,Nikon,Nikon Z Series,,,4,0.0,0.0,,5,4,5,4,3,25,1,1,1,"mount/sensor/body generation, shutter count, EVF/LCD, sensor condition และอุปกรณ์ของ series",/บริการ/รับซื้อกล้อง-nikon-อุบล/,/บริการ/รับซื้อกล้อง-nikon-อุบล/; /บริการ/รับซื้อกล้อง-อุบล/,P2,W2B,READY,Qualified architecture candidate; implement only with unique page content.,camera,LOCKED
B0-0296,/บริการ/รับซื้อกล้อง-fujifilm-x-series-อุบล/,series,Series/Camera,/บริการ/รับซื้อกล้อง-fujifilm-อุบล/,/บริการ/รับซื้อกล้อง-fujifilm-อุบล/,รับซื้อ Fujifilm X Series อุบล,,,Fujifilm,Fujifilm X Series,,,4,0.0,0.0,,5,4,5,4,3,25,1,1,1,"Released with series-specific inspection, condition, and valuation content in Content/Expansion Batch 3.",/บริการ/รับซื้อกล้อง-fujifilm-อุบล/,/บริการ/รับซื้อกล้อง-fujifilm-อุบล/; /บริการ/รับซื้อกล้อง-อุบล/,P1_RELEASED,W2A,EXISTING_OWNER,W2A_PRODUCTION_RELEASE,camera,LOCKED
B0-0297,/บริการ/รับซื้อกล้อง-fujifilm-x100-series-อุบล/,series,Series/Camera,/บริการ/รับซื้อกล้อง-fujifilm-อุบล/,/บริการ/รับซื้อกล้อง-fujifilm-อุบล/,รับซื้อ Fujifilm X100 Series อุบล,,,Fujifilm,Fujifilm X100 Series,,,4,0.0,0.0,,5,4,5,4,3,25,1,1,1,"mount/sensor/body generation, shutter count, EVF/LCD, sensor condition และอุปกรณ์ของ series",/บริการ/รับซื้อกล้อง-fujifilm-อุบล/,/บริการ/รับซื้อกล้อง-fujifilm-อุบล/; /บริการ/รับซื้อกล้อง-อุบล/,P2,W2B,READY,Qualified architecture candidate; implement only with unique page content.,camera,LOCKED
B0-0298,/บริการ/รับซื้อ-ps5-pro-อุบล/,model,Model/Gaming,/บริการ/รับซื้อ-ps5-อุบล/,/บริการ/รับซื้อ-ps5-อุบล/,รับซื้อ PlayStation 5 Pro อุบล,,,,,PlayStation 5 Pro,,4,0.0,0.0,,5,4,5,4,3,25,1,1,1,รุ่นเครื่อง ความจุ อุปกรณ์ จอย/จอ/แบต และ defect pattern เฉพาะรุ่น,/บริการ/รับซื้อ-ps5-อุบล/,/บริการ/รับซื้อ-ps5-อุบล/; /บทความ/check-game-console-before-selling/,P2,W3,READY,Qualified architecture candidate; implement only with unique page content.,gaming,LOCKED
B0-0299,/บริการ/รับซื้อ-nintendo-switch-2-อุบล/,model,Model/Gaming,/บริการ/รับซื้อ-เครื่องเกม-อุบล/,/บริการ/รับซื้อ-เครื่องเกม-อุบล/,รับซื้อ Nintendo Switch 2 อุบล,,,,,Nintendo Switch 2,,4,0.0,0.0,,5,4,5,4,3,25,1,1,1,รุ่นเครื่อง ความจุ อุปกรณ์ จอย/จอ/แบต และ defect pattern เฉพาะรุ่น,/บริการ/รับซื้อ-เครื่องเกม-อุบล/,/บริการ/รับซื้อ-เครื่องเกม-อุบล/; /บทความ/check-game-console-before-selling/,P2,W3,READY,Qualified architecture candidate; implement only with unique page content.,gaming,LOCKED
B0-0300,/บริการ/รับซื้อ-steam-deck-oled-อุบล/,model,Model/Gaming,/บริการ/รับซื้อ-steam-deck-อุบล/,/บริการ/รับซื้อ-steam-deck-อุบล/,รับซื้อ Steam Deck OLED อุบล,,,,,Steam Deck OLED,,4,0.0,0.0,,5,4,5,4,3,25,1,1,1,รุ่นเครื่อง ความจุ อุปกรณ์ จอย/จอ/แบต และ defect pattern เฉพาะรุ่น,/บริการ/รับซื้อ-steam-deck-อุบล/,/บริการ/รับซื้อ-steam-deck-อุบล/; /บทความ/check-game-console-before-selling/,P2,W3,READY,Qualified architecture candidate; implement only with unique page content.,gaming,LOCKED
B0-0301,/บริการ/รับซื้อ-rog-ally-x-อุบล/,model,Model/Gaming,/บริการ/รับซื้อ-rog-ally-อุบล/,/บริการ/รับซื้อ-rog-ally-อุบล/,รับซื้อ ROG Ally X อุบล,,,,,ROG Ally X,,4,0.0,0.0,,5,4,5,4,3,25,1,1,1,รุ่นเครื่อง ความจุ อุปกรณ์ จอย/จอ/แบต และ defect pattern เฉพาะรุ่น,/บริการ/รับซื้อ-rog-ally-อุบล/,/บริการ/รับซื้อ-rog-ally-อุบล/; /บทความ/check-game-console-before-selling/,P2,W3,READY,Qualified architecture candidate; implement only with unique page content.,gaming,LOCKED
B0-0302,/บริการ/รับซื้อ-lenovo-legion-go-อุบล/,model,Model/Gaming,/บริการ/รับซื้อเครื่องเกมพกพา-อุบล/,/บริการ/รับซื้อเครื่องเกมพกพา-อุบล/,รับซื้อ Lenovo Legion Go อุบล,,,,,Lenovo Legion Go,,4,0.0,0.0,,5,4,5,4,3,25,1,1,1,รุ่นเครื่อง ความจุ อุปกรณ์ จอย/จอ/แบต และ defect pattern เฉพาะรุ่น,/บริการ/รับซื้อเครื่องเกมพกพา-อุบล/,/บริการ/รับซื้อเครื่องเกมพกพา-อุบล/; /บทความ/check-game-console-before-selling/,P2,W3,READY,Qualified architecture candidate; implement only with unique page content.,gaming,LOCKED
B0-0303,/บริการ/รับซื้อ-apple-watch-ultra-อุบล/,series,Series/Watch,/บริการ/รับซื้อ-apple-watch-อุบล/,/บริการ/รับซื้อ-apple-watch-อุบล/,รับซื้อ Apple Watch Ultra อุบล,,,Apple,Apple Watch Ultra,,,3,0.0,0.0,,5,4,5,4,3,24,1,1,1,ขนาดเคส วัสดุ GPS/Cellular แบตและสภาพจอ/ตัวเรือนของ family,/บริการ/รับซื้อ-apple-watch-อุบล/,/บริการ/รับซื้อ-apple-watch-อุบล/; /บทความ/apple-watch-unpair/,P3,W3,READY,Qualified architecture candidate; implement only with unique page content.,apple_watch,LOCKED
B0-0304,/บริการ/รับซื้อ-apple-watch-series-อุบล/,series,Series/Watch,/บริการ/รับซื้อ-apple-watch-อุบล/,/บริการ/รับซื้อ-apple-watch-อุบล/,รับซื้อ Apple Watch Series อุบล,,,Apple,Apple Watch Series,,,3,0.0,0.0,,5,4,5,4,3,24,1,1,1,ขนาดเคส วัสดุ GPS/Cellular แบตและสภาพจอ/ตัวเรือนของ family,/บริการ/รับซื้อ-apple-watch-อุบล/,/บริการ/รับซื้อ-apple-watch-อุบล/; /บทความ/apple-watch-unpair/,P3,W3,READY,Qualified architecture candidate; implement only with unique page content.,apple_watch,LOCKED
B0-0305,/บริการ/รับซื้อ-iphone-ฝาหลังแตก-อุบล/,condition,Condition,/บริการ/รับซื้อ-iphone-อุบล/,/บริการ/รับซื้อ-iphone-อุบล/,รับซื้อiPhone ฝาหลังแตก อุบล,,,,,,iPhone ฝาหลังแตก,4,0.0,0.0,,5,4,5,4,3,25,1,1,1,อาการเฉพาะ จุดตรวจ ความคุ้มค่าซ่อม/อะไหล่ ผลต่อราคา และรูปที่ต้องส่งแตกต่างจาก condition อื่น,/บริการ/รับซื้อ-iphone-อุบล/,/บริการ/รับซื้อ-iphone-อุบล/; /วิธีประเมินราคา/,P2,W4,READY,Qualified architecture candidate; implement only with unique page content.,mobile,LOCKED
B0-0306,/บริการ/รับซื้อ-iphone-face-id-เสีย-อุบล/,condition,Condition,/บริการ/รับซื้อ-iphone-อุบล/,/บริการ/รับซื้อ-iphone-อุบล/,รับซื้อiPhone Face ID เสีย อุบล,,,,,,iPhone Face ID เสีย,4,0.0,0.0,,5,4,5,4,3,25,1,1,1,อาการเฉพาะ จุดตรวจ ความคุ้มค่าซ่อม/อะไหล่ ผลต่อราคา และรูปที่ต้องส่งแตกต่างจาก condition อื่น,/บริการ/รับซื้อ-iphone-อุบล/,/บริการ/รับซื้อ-iphone-อุบล/; /วิธีประเมินราคา/,P2,W4,READY,Qualified architecture candidate; implement only with unique page content.,mobile,LOCKED
B0-0307,/บริการ/รับซื้อ-iphone-กล้องเสีย-อุบล/,condition,Condition,/บริการ/รับซื้อ-iphone-อุบล/,/บริการ/รับซื้อ-iphone-อุบล/,รับซื้อiPhone กล้องเสีย อุบล,,,,,,iPhone กล้องเสีย,4,0.0,0.0,,5,4,5,4,3,25,1,1,1,อาการเฉพาะ จุดตรวจ ความคุ้มค่าซ่อม/อะไหล่ ผลต่อราคา และรูปที่ต้องส่งแตกต่างจาก condition อื่น,/บริการ/รับซื้อ-iphone-อุบล/,/บริการ/รับซื้อ-iphone-อุบล/; /วิธีประเมินราคา/,P2,W4,READY,Qualified architecture candidate; implement only with unique page content.,mobile,LOCKED
B0-0308,/บริการ/รับซื้อ-iphone-เปิดไม่ติด-อุบล/,condition,Condition,/บริการ/รับซื้อ-iphone-อุบล/,/บริการ/รับซื้อ-iphone-อุบล/,รับซื้อiPhone เปิดไม่ติด อุบล,,,,,,iPhone เปิดไม่ติด,4,0.0,0.0,,5,4,5,4,3,25,1,1,1,อาการเฉพาะ จุดตรวจ ความคุ้มค่าซ่อม/อะไหล่ ผลต่อราคา และรูปที่ต้องส่งแตกต่างจาก condition อื่น,/บริการ/รับซื้อ-iphone-อุบล/,/บริการ/รับซื้อ-iphone-อุบล/; /วิธีประเมินราคา/,P2,W4,READY,Qualified architecture candidate; implement only with unique page content.,mobile,LOCKED
B0-0309,/บริการ/รับซื้อ-iphone-โดนน้ำ-อุบล/,condition,Condition,/บริการ/รับซื้อ-iphone-อุบล/,/บริการ/รับซื้อ-iphone-อุบล/,รับซื้อiPhone โดนน้ำ อุบล,,,,,,iPhone โดนน้ำ,4,0.0,0.0,,5,4,5,4,3,25,1,1,1,อาการเฉพาะ จุดตรวจ ความคุ้มค่าซ่อม/อะไหล่ ผลต่อราคา และรูปที่ต้องส่งแตกต่างจาก condition อื่น,/บริการ/รับซื้อ-iphone-อุบล/,/บริการ/รับซื้อ-iphone-อุบล/; /วิธีประเมินราคา/,P2,W4,READY,Qualified architecture candidate; implement only with unique page content.,mobile,LOCKED
B0-0310,/บริการ/รับซื้อ-iphone-ไม่มีกล่อง-อุบล/,condition,Condition,/บริการ/รับซื้อ-iphone-อุบล/,/บริการ/รับซื้อ-iphone-อุบล/,รับซื้อiPhone ไม่มีกล่อง อุบล,,,,,,iPhone ไม่มีกล่อง,4,0.0,0.0,,5,4,5,4,3,25,1,1,1,อาการเฉพาะ จุดตรวจ ความคุ้มค่าซ่อม/อะไหล่ ผลต่อราคา และรูปที่ต้องส่งแตกต่างจาก condition อื่น,/บริการ/รับซื้อ-iphone-อุบล/,/บริการ/รับซื้อ-iphone-อุบล/; /วิธีประเมินราคา/,P2,W4,READY,Qualified architecture candidate; implement only with unique page content.,mobile,LOCKED
B0-0311,/บริการ/รับซื้อ-macbook-คีย์บอร์ดเสีย-อุบล/,condition,Condition,/บริการ/รับซื้อ-macbook-อุบล/,/บริการ/รับซื้อ-macbook-อุบล/,รับซื้อMacBook คีย์บอร์ดเสีย อุบล,,,,,,MacBook คีย์บอร์ดเสีย,4,0.0,0.0,,5,4,5,4,3,25,1,1,1,อาการเฉพาะ จุดตรวจ ความคุ้มค่าซ่อม/อะไหล่ ผลต่อราคา และรูปที่ต้องส่งแตกต่างจาก condition อื่น,/บริการ/รับซื้อ-macbook-อุบล/,/บริการ/รับซื้อ-macbook-อุบล/; /วิธีประเมินราคา/,P2,W4,READY,Qualified architecture candidate; implement only with unique page content.,notebook,LOCKED
B0-0312,/บริการ/รับซื้อ-macbook-โดนน้ำ-อุบล/,condition,Condition,/บริการ/รับซื้อ-macbook-อุบล/,/บริการ/รับซื้อ-macbook-อุบล/,รับซื้อMacBook โดนน้ำ อุบล,,,,,,MacBook โดนน้ำ,4,0.0,0.0,,5,4,5,4,3,25,1,1,1,อาการเฉพาะ จุดตรวจ ความคุ้มค่าซ่อม/อะไหล่ ผลต่อราคา และรูปที่ต้องส่งแตกต่างจาก condition อื่น,/บริการ/รับซื้อ-macbook-อุบล/,/บริการ/รับซื้อ-macbook-อุบล/; /วิธีประเมินราคา/,P2,W4,READY,Qualified architecture candidate; implement only with unique page content.,notebook,LOCKED
B0-0313,/บริการ/รับซื้อ-macbook-เปิดไม่ติด-อุบล/,condition,Condition,/บริการ/รับซื้อ-macbook-อุบล/,/บริการ/รับซื้อ-macbook-อุบล/,รับซื้อMacBook เปิดไม่ติด อุบล,,,,,,MacBook เปิดไม่ติด,4,0.0,0.0,,5,4,5,4,3,25,1,1,1,อาการเฉพาะ จุดตรวจ ความคุ้มค่าซ่อม/อะไหล่ ผลต่อราคา และรูปที่ต้องส่งแตกต่างจาก condition อื่น,/บริการ/รับซื้อ-macbook-อุบล/,/บริการ/รับซื้อ-macbook-อุบล/; /วิธีประเมินราคา/,P2,W4,READY,Qualified architecture candidate; implement only with unique page content.,notebook,LOCKED
B0-0314,/บริการ/รับซื้อ-macbook-ไม่มีที่ชาร์จ-อุบล/,condition,Condition,/บริการ/รับซื้อ-macbook-อุบล/,/บริการ/รับซื้อ-macbook-อุบล/,รับซื้อMacBook ไม่มีที่ชาร์จ อุบล,,,,,,MacBook ไม่มีที่ชาร์จ,4,0.0,0.0,,5,4,5,4,3,25,1,1,1,อาการเฉพาะ จุดตรวจ ความคุ้มค่าซ่อม/อะไหล่ ผลต่อราคา และรูปที่ต้องส่งแตกต่างจาก condition อื่น,/บริการ/รับซื้อ-macbook-อุบล/,/บริการ/รับซื้อ-macbook-อุบล/; /วิธีประเมินราคา/,P2,W4,READY,Qualified architecture candidate; implement only with unique page content.,notebook,LOCKED
B0-0315,/บริการ/รับซื้อ-macbook-บอดี้บุบ-อุบล/,condition,Condition,/บริการ/รับซื้อ-macbook-อุบล/,/บริการ/รับซื้อ-macbook-อุบล/,รับซื้อMacBook บอดี้บุบ อุบล,,,,,,MacBook บอดี้บุบ,4,0.0,0.0,,5,4,5,4,3,25,1,1,1,อาการเฉพาะ จุดตรวจ ความคุ้มค่าซ่อม/อะไหล่ ผลต่อราคา และรูปที่ต้องส่งแตกต่างจาก condition อื่น,/บริการ/รับซื้อ-macbook-อุบล/,/บริการ/รับซื้อ-macbook-อุบล/; /วิธีประเมินราคา/,P2,W4,READY,Qualified architecture candidate; implement only with unique page content.,notebook,LOCKED
B0-0316,/บริการ/รับซื้อโน้ตบุ๊ก-แบตเสื่อม-อุบล/,condition,Condition,/บริการ/รับซื้อโน้ตบุ๊ก-อุบล/,/บริการ/รับซื้อโน้ตบุ๊ก-อุบล/,รับซื้อโน้ตบุ๊กแบตเสื่อม อุบล,,,,,,โน้ตบุ๊กแบตเสื่อม,4,0.0,0.0,,5,4,5,4,3,25,1,1,1,อาการเฉพาะ จุดตรวจ ความคุ้มค่าซ่อม/อะไหล่ ผลต่อราคา และรูปที่ต้องส่งแตกต่างจาก condition อื่น,/บริการ/รับซื้อโน้ตบุ๊ก-อุบล/,/บริการ/รับซื้อโน้ตบุ๊ก-อุบล/; /วิธีประเมินราคา/,P2,W4,READY,Qualified architecture candidate; implement only with unique page content.,notebook,LOCKED
B0-0317,/บริการ/รับซื้อโน้ตบุ๊ก-บานพับแตก-อุบล/,condition,Condition,/บริการ/รับซื้อโน้ตบุ๊ก-อุบล/,/บริการ/รับซื้อโน้ตบุ๊ก-อุบล/,รับซื้อโน้ตบุ๊กบานพับแตก อุบล,,,,,,โน้ตบุ๊กบานพับแตก,4,0.0,0.0,,5,4,5,4,3,25,1,1,1,อาการเฉพาะ จุดตรวจ ความคุ้มค่าซ่อม/อะไหล่ ผลต่อราคา และรูปที่ต้องส่งแตกต่างจาก condition อื่น,/บริการ/รับซื้อโน้ตบุ๊ก-อุบล/,/บริการ/รับซื้อโน้ตบุ๊ก-อุบล/; /วิธีประเมินราคา/,P2,W4,READY,Qualified architecture candidate; implement only with unique page content.,notebook,LOCKED
B0-0318,/บริการ/รับซื้อโน้ตบุ๊ก-คีย์บอร์ดเสีย-อุบล/,condition,Condition,/บริการ/รับซื้อโน้ตบุ๊ก-อุบล/,/บริการ/รับซื้อโน้ตบุ๊ก-อุบล/,รับซื้อโน้ตบุ๊กคีย์บอร์ดเสีย อุบล,,,,,,โน้ตบุ๊กคีย์บอร์ดเสีย,4,0.0,0.0,,5,4,5,4,3,25,1,1,1,อาการเฉพาะ จุดตรวจ ความคุ้มค่าซ่อม/อะไหล่ ผลต่อราคา และรูปที่ต้องส่งแตกต่างจาก condition อื่น,/บริการ/รับซื้อโน้ตบุ๊ก-อุบล/,/บริการ/รับซื้อโน้ตบุ๊ก-อุบล/; /วิธีประเมินราคา/,P2,W4,READY,Qualified architecture candidate; implement only with unique page content.,notebook,LOCKED
B0-0319,/บริการ/รับซื้อโน้ตบุ๊ก-ไม่มีที่ชาร์จ-อุบล/,condition,Condition,/บริการ/รับซื้อโน้ตบุ๊ก-อุบล/,/บริการ/รับซื้อโน้ตบุ๊ก-อุบล/,รับซื้อโน้ตบุ๊กไม่มีที่ชาร์จ อุบล,,,,,,โน้ตบุ๊กไม่มีที่ชาร์จ,4,0.0,0.0,,5,4,5,4,3,25,1,1,1,อาการเฉพาะ จุดตรวจ ความคุ้มค่าซ่อม/อะไหล่ ผลต่อราคา และรูปที่ต้องส่งแตกต่างจาก condition อื่น,/บริการ/รับซื้อโน้ตบุ๊ก-อุบล/,/บริการ/รับซื้อโน้ตบุ๊ก-อุบล/; /วิธีประเมินราคา/,P2,W4,READY,Qualified architecture candidate; implement only with unique page content.,notebook,LOCKED
B0-0320,/บริการ/รับซื้อโน้ตบุ๊ก-โดนน้ำ-อุบล/,condition,Condition,/บริการ/รับซื้อโน้ตบุ๊ก-อุบล/,/บริการ/รับซื้อโน้ตบุ๊ก-อุบล/,รับซื้อโน้ตบุ๊กโดนน้ำ อุบล,,,,,,โน้ตบุ๊กโดนน้ำ,4,0.0,0.0,,5,4,5,4,3,25,1,1,1,อาการเฉพาะ จุดตรวจ ความคุ้มค่าซ่อม/อะไหล่ ผลต่อราคา และรูปที่ต้องส่งแตกต่างจาก condition อื่น,/บริการ/รับซื้อโน้ตบุ๊ก-อุบล/,/บริการ/รับซื้อโน้ตบุ๊ก-อุบล/; /วิธีประเมินราคา/,P2,W4,READY,Qualified architecture candidate; implement only with unique page content.,notebook,LOCKED
B0-0321,/บริการ/รับซื้อโน้ตบุ๊ก-บอดี้แตก-อุบล/,condition,Condition,/บริการ/รับซื้อโน้ตบุ๊ก-อุบล/,/บริการ/รับซื้อโน้ตบุ๊ก-อุบล/,รับซื้อโน้ตบุ๊กบอดี้แตก อุบล,,,,,,โน้ตบุ๊กบอดี้แตก,4,0.0,0.0,,5,4,5,4,3,25,1,1,1,อาการเฉพาะ จุดตรวจ ความคุ้มค่าซ่อม/อะไหล่ ผลต่อราคา และรูปที่ต้องส่งแตกต่างจาก condition อื่น,/บริการ/รับซื้อโน้ตบุ๊ก-อุบล/,/บริการ/รับซื้อโน้ตบุ๊ก-อุบล/; /วิธีประเมินราคา/,P2,W4,READY,Qualified architecture candidate; implement only with unique page content.,notebook,LOCKED
B0-0322,/บริการ/รับซื้อกล้อง-shutter-count-สูง-อุบล/,condition,Condition,/บริการ/รับซื้อกล้อง-อุบล/,/บริการ/รับซื้อกล้อง-อุบล/,รับซื้อกล้อง Shutter Count สูง อุบล,,,,,,กล้อง Shutter Count สูง,4,0.0,0.0,,5,4,5,4,3,25,1,1,1,อาการเฉพาะ จุดตรวจ ความคุ้มค่าซ่อม/อะไหล่ ผลต่อราคา และรูปที่ต้องส่งแตกต่างจาก condition อื่น,/บริการ/รับซื้อกล้อง-อุบล/,/บริการ/รับซื้อกล้อง-อุบล/; /วิธีประเมินราคา/,P2,W4,READY,Qualified architecture candidate; implement only with unique page content.,camera,LOCKED
B0-0323,/บริการ/รับซื้อกล้อง-จอเสีย-อุบล/,condition,Condition,/บริการ/รับซื้อกล้อง-อุบล/,/บริการ/รับซื้อกล้อง-อุบล/,รับซื้อกล้องจอเสีย อุบล,,,,,,กล้องจอเสีย,4,0.0,0.0,,5,4,5,4,3,25,1,1,1,อาการเฉพาะ จุดตรวจ ความคุ้มค่าซ่อม/อะไหล่ ผลต่อราคา และรูปที่ต้องส่งแตกต่างจาก condition อื่น,/บริการ/รับซื้อกล้อง-อุบล/,/บริการ/รับซื้อกล้อง-อุบล/; /วิธีประเมินราคา/,P2,W4,READY,Qualified architecture candidate; implement only with unique page content.,camera,LOCKED
B0-0324,/บริการ/รับซื้อเลนส์มีรา-อุบล/,condition,Condition,/บริการ/รับซื้อเลนส์กล้อง-อุบล/,/บริการ/รับซื้อเลนส์กล้อง-อุบล/,รับซื้อเลนส์กล้องมีรา อุบล,,,,,,เลนส์กล้องมีรา,4,0.0,0.0,,5,4,5,4,3,25,1,1,1,อาการเฉพาะ จุดตรวจ ความคุ้มค่าซ่อม/อะไหล่ ผลต่อราคา และรูปที่ต้องส่งแตกต่างจาก condition อื่น,/บริการ/รับซื้อเลนส์กล้อง-อุบล/,/บริการ/รับซื้อเลนส์กล้อง-อุบล/; /วิธีประเมินราคา/,P2,W4,READY,Qualified architecture candidate; implement only with unique page content.,camera_lens,LOCKED
B0-0325,/บริการ/รับซื้อมือถือ-วารินชำราบ/,local_service,Local/District×Service,/พื้นที่/warin-chamrap/,/บริการ/รับซื้อมือถือ-อุบล/,รับซื้อ มือถือ วารินชำราบ,,warin-chamrap,,,,,5,0.0,0.0,,5,5,4,4,3,26,2,2,1,ข้อมูลบริการจริงของอำเภอ + วิธีส่งรูป/ประเมิน + logistics/จุดนัดหมายที่ตกลงจริง + product-specific checks; ห้าม copy district template,/พื้นที่/warin-chamrap/; /บริการ/รับซื้อมือถือ-อุบล/,/บริการ/รับซื้อมือถือ-อุบล/; /บทความ/sell-it-products-from-ubon-districts/,P1,W5,READY,Qualified architecture candidate; implement only with unique page content.,mobile,LOCKED
B0-0326,/บริการ/รับซื้อคอมพิวเตอร์-วารินชำราบ/,local_service,Local/District×Service,/พื้นที่/warin-chamrap/,/บริการ/รับซื้อคอมพิวเตอร์-อุบล/,รับซื้อ คอมพิวเตอร์ วารินชำราบ,,warin-chamrap,,,,,5,0.0,0.0,,5,5,4,4,3,26,2,2,1,ข้อมูลบริการจริงของอำเภอ + วิธีส่งรูป/ประเมิน + logistics/จุดนัดหมายที่ตกลงจริง + product-specific checks; ห้าม copy district template,/พื้นที่/warin-chamrap/; /บริการ/รับซื้อคอมพิวเตอร์-อุบล/,/บริการ/รับซื้อคอมพิวเตอร์-อุบล/; /บทความ/sell-it-products-from-ubon-districts/,P1,W5,READY,Qualified architecture candidate; implement only with unique page content.,computer,LOCKED
B0-0327,/บริการ/รับซื้อ-ipad-วารินชำราบ/,local_service,Local/District×Service,/พื้นที่/warin-chamrap/,/บริการ/รับซื้อ-ipad-อุบล/,รับซื้อ iPad วารินชำราบ,,warin-chamrap,,,,,5,0.0,0.0,,5,5,4,4,3,26,2,2,1,ข้อมูลบริการจริงของอำเภอ + วิธีส่งรูป/ประเมิน + logistics/จุดนัดหมายที่ตกลงจริง + product-specific checks; ห้าม copy district template,/พื้นที่/warin-chamrap/; /บริการ/รับซื้อ-ipad-อุบล/,/บริการ/รับซื้อ-ipad-อุบล/; /บทความ/sell-it-products-from-ubon-districts/,P1,W5,READY,Qualified architecture candidate; implement only with unique page content.,tablet,LOCKED
B0-0328,/บริการ/รับซื้อ-macbook-วารินชำราบ/,local_service,Local/District×Service,/พื้นที่/warin-chamrap/,/บริการ/รับซื้อ-macbook-อุบล/,รับซื้อ MacBook วารินชำราบ,,warin-chamrap,,,,,5,0.0,0.0,,5,5,4,4,3,26,2,2,1,ข้อมูลบริการจริงของอำเภอ + วิธีส่งรูป/ประเมิน + logistics/จุดนัดหมายที่ตกลงจริง + product-specific checks; ห้าม copy district template,/พื้นที่/warin-chamrap/; /บริการ/รับซื้อ-macbook-อุบล/,/บริการ/รับซื้อ-macbook-อุบล/; /บทความ/sell-it-products-from-ubon-districts/,P1,W5,READY,Qualified architecture candidate; implement only with unique page content.,notebook,LOCKED
B0-0329,/บริการ/รับซื้อ-iphone-เดชอุดม/,local_service,Local/District×Service,/พื้นที่/det-udom/,/บริการ/รับซื้อ-iphone-อุบล/,รับซื้อ iPhone เดชอุดม,,det-udom,,,,,5,0.0,0.0,,5,5,4,4,3,26,2,2,1,ข้อมูลบริการจริงของอำเภอ + วิธีส่งรูป/ประเมิน + logistics/จุดนัดหมายที่ตกลงจริง + product-specific checks; ห้าม copy district template,/พื้นที่/det-udom/; /บริการ/รับซื้อ-iphone-อุบล/,/บริการ/รับซื้อ-iphone-อุบล/; /บทความ/sell-it-products-from-ubon-districts/,P1,W5,READY,Qualified architecture candidate; implement only with unique page content.,mobile,LOCKED
B0-0330,/บริการ/รับซื้อคอมพิวเตอร์-เดชอุดม/,local_service,Local/District×Service,/พื้นที่/det-udom/,/บริการ/รับซื้อคอมพิวเตอร์-อุบล/,รับซื้อ คอมพิวเตอร์ เดชอุดม,,det-udom,,,,,5,0.0,0.0,,5,5,4,4,3,26,2,2,1,ข้อมูลบริการจริงของอำเภอ + วิธีส่งรูป/ประเมิน + logistics/จุดนัดหมายที่ตกลงจริง + product-specific checks; ห้าม copy district template,/พื้นที่/det-udom/; /บริการ/รับซื้อคอมพิวเตอร์-อุบล/,/บริการ/รับซื้อคอมพิวเตอร์-อุบล/; /บทความ/sell-it-products-from-ubon-districts/,P1,W5,READY,Qualified architecture candidate; implement only with unique page content.,computer,LOCKED
B0-0331,/บริการ/รับซื้อ-ipad-เดชอุดม/,local_service,Local/District×Service,/พื้นที่/det-udom/,/บริการ/รับซื้อ-ipad-อุบล/,รับซื้อ iPad เดชอุดม,,det-udom,,,,,5,0.0,0.0,,5,5,4,4,3,26,2,2,1,ข้อมูลบริการจริงของอำเภอ + วิธีส่งรูป/ประเมิน + logistics/จุดนัดหมายที่ตกลงจริง + product-specific checks; ห้าม copy district template,/พื้นที่/det-udom/; /บริการ/รับซื้อ-ipad-อุบล/,/บริการ/รับซื้อ-ipad-อุบล/; /บทความ/sell-it-products-from-ubon-districts/,P1,W5,READY,Qualified architecture candidate; implement only with unique page content.,tablet,LOCKED
B0-0332,/บริการ/รับซื้อ-macbook-เดชอุดม/,local_service,Local/District×Service,/พื้นที่/det-udom/,/บริการ/รับซื้อ-macbook-อุบล/,รับซื้อ MacBook เดชอุดม,,det-udom,,,,,5,0.0,0.0,,5,5,4,4,3,26,2,2,1,ข้อมูลบริการจริงของอำเภอ + วิธีส่งรูป/ประเมิน + logistics/จุดนัดหมายที่ตกลงจริง + product-specific checks; ห้าม copy district template,/พื้นที่/det-udom/; /บริการ/รับซื้อ-macbook-อุบล/,/บริการ/รับซื้อ-macbook-อุบล/; /บทความ/sell-it-products-from-ubon-districts/,P1,W5,READY,Qualified architecture candidate; implement only with unique page content.,notebook,LOCKED
B0-0333,/บริการ/รับซื้อมือถือ-เขื่องใน/,local_service,Local/District×Service,/พื้นที่/khueang-nai/,/บริการ/รับซื้อมือถือ-อุบล/,รับซื้อ มือถือ เขื่องใน,,khueang-nai,,,,,5,0.0,0.0,,5,5,4,4,3,26,2,2,1,ข้อมูลบริการจริงของอำเภอ + วิธีส่งรูป/ประเมิน + logistics/จุดนัดหมายที่ตกลงจริง + product-specific checks; ห้าม copy district template,/พื้นที่/khueang-nai/; /บริการ/รับซื้อมือถือ-อุบล/,/บริการ/รับซื้อมือถือ-อุบล/; /บทความ/sell-it-products-from-ubon-districts/,P1,W5,READY,Qualified architecture candidate; implement only with unique page content.,mobile,LOCKED
B0-0334,/บริการ/รับซื้อ-iphone-เขื่องใน/,local_service,Local/District×Service,/พื้นที่/khueang-nai/,/บริการ/รับซื้อ-iphone-อุบล/,รับซื้อ iPhone เขื่องใน,,khueang-nai,,,,,5,0.0,0.0,,5,5,4,4,3,26,2,2,1,ข้อมูลบริการจริงของอำเภอ + วิธีส่งรูป/ประเมิน + logistics/จุดนัดหมายที่ตกลงจริง + product-specific checks; ห้าม copy district template,/พื้นที่/khueang-nai/; /บริการ/รับซื้อ-iphone-อุบล/,/บริการ/รับซื้อ-iphone-อุบล/; /บทความ/sell-it-products-from-ubon-districts/,P1,W5,READY,Qualified architecture candidate; implement only with unique page content.,mobile,LOCKED
B0-0335,/บริการ/รับซื้อโน้ตบุ๊ก-เขื่องใน/,local_service,Local/District×Service,/พื้นที่/khueang-nai/,/บริการ/รับซื้อโน้ตบุ๊ก-อุบล/,รับซื้อ โน้ตบุ๊ก เขื่องใน,,khueang-nai,,,,,5,0.0,0.0,,5,5,4,4,3,26,2,2,1,ข้อมูลบริการจริงของอำเภอ + วิธีส่งรูป/ประเมิน + logistics/จุดนัดหมายที่ตกลงจริง + product-specific checks; ห้าม copy district template,/พื้นที่/khueang-nai/; /บริการ/รับซื้อโน้ตบุ๊ก-อุบล/,/บริการ/รับซื้อโน้ตบุ๊ก-อุบล/; /บทความ/sell-it-products-from-ubon-districts/,P1,W5,READY,Qualified architecture candidate; implement only with unique page content.,notebook,LOCKED
B0-0336,/บริการ/รับซื้อคอมพิวเตอร์-เขื่องใน/,local_service,Local/District×Service,/พื้นที่/khueang-nai/,/บริการ/รับซื้อคอมพิวเตอร์-อุบล/,รับซื้อ คอมพิวเตอร์ เขื่องใน,,khueang-nai,,,,,5,0.0,0.0,,5,5,4,4,3,26,2,2,1,ข้อมูลบริการจริงของอำเภอ + วิธีส่งรูป/ประเมิน + logistics/จุดนัดหมายที่ตกลงจริง + product-specific checks; ห้าม copy district template,/พื้นที่/khueang-nai/; /บริการ/รับซื้อคอมพิวเตอร์-อุบล/,/บริการ/รับซื้อคอมพิวเตอร์-อุบล/; /บทความ/sell-it-products-from-ubon-districts/,P1,W5,READY,Qualified architecture candidate; implement only with unique page content.,computer,LOCKED
B0-0337,/บริการ/รับซื้อ-ipad-เขื่องใน/,local_service,Local/District×Service,/พื้นที่/khueang-nai/,/บริการ/รับซื้อ-ipad-อุบล/,รับซื้อ iPad เขื่องใน,,khueang-nai,,,,,5,0.0,0.0,,5,5,4,4,3,26,2,2,1,ข้อมูลบริการจริงของอำเภอ + วิธีส่งรูป/ประเมิน + logistics/จุดนัดหมายที่ตกลงจริง + product-specific checks; ห้าม copy district template,/พื้นที่/khueang-nai/; /บริการ/รับซื้อ-ipad-อุบล/,/บริการ/รับซื้อ-ipad-อุบล/; /บทความ/sell-it-products-from-ubon-districts/,P1,W5,READY,Qualified architecture candidate; implement only with unique page content.,tablet,LOCKED
B0-0338,/บริการ/รับซื้อมือถือ-เขมราฐ/,local_service,Local/District×Service,/พื้นที่/khemarat/,/บริการ/รับซื้อมือถือ-อุบล/,รับซื้อ มือถือ เขมราฐ,,khemarat,,,,,4,0.0,0.0,,5,5,4,4,3,25,2,2,1,ข้อมูลบริการจริงของอำเภอ + วิธีส่งรูป/ประเมิน + logistics/จุดนัดหมายที่ตกลงจริง + product-specific checks; ห้าม copy district template,/พื้นที่/khemarat/; /บริการ/รับซื้อมือถือ-อุบล/,/บริการ/รับซื้อมือถือ-อุบล/; /บทความ/sell-it-products-from-ubon-districts/,P1,W5,READY,Qualified architecture candidate; implement only with unique page content.,mobile,LOCKED
B0-0339,/บริการ/รับซื้อ-iphone-เขมราฐ/,local_service,Local/District×Service,/พื้นที่/khemarat/,/บริการ/รับซื้อ-iphone-อุบล/,รับซื้อ iPhone เขมราฐ,,khemarat,,,,,4,0.0,0.0,,5,5,4,4,3,25,2,2,1,ข้อมูลบริการจริงของอำเภอ + วิธีส่งรูป/ประเมิน + logistics/จุดนัดหมายที่ตกลงจริง + product-specific checks; ห้าม copy district template,/พื้นที่/khemarat/; /บริการ/รับซื้อ-iphone-อุบล/,/บริการ/รับซื้อ-iphone-อุบล/; /บทความ/sell-it-products-from-ubon-districts/,P1,W5,READY,Qualified architecture candidate; implement only with unique page content.,mobile,LOCKED
B0-0340,/บริการ/รับซื้อโน้ตบุ๊ก-เขมราฐ/,local_service,Local/District×Service,/พื้นที่/khemarat/,/บริการ/รับซื้อโน้ตบุ๊ก-อุบล/,รับซื้อ โน้ตบุ๊ก เขมราฐ,,khemarat,,,,,4,0.0,0.0,,5,5,4,4,3,25,2,2,1,ข้อมูลบริการจริงของอำเภอ + วิธีส่งรูป/ประเมิน + logistics/จุดนัดหมายที่ตกลงจริง + product-specific checks; ห้าม copy district template,/พื้นที่/khemarat/; /บริการ/รับซื้อโน้ตบุ๊ก-อุบล/,/บริการ/รับซื้อโน้ตบุ๊ก-อุบล/; /บทความ/sell-it-products-from-ubon-districts/,P1,W5,READY,Qualified architecture candidate; implement only with unique page content.,notebook,LOCKED
B0-0341,/บริการ/รับซื้อคอมพิวเตอร์-เขมราฐ/,local_service,Local/District×Service,/พื้นที่/khemarat/,/บริการ/รับซื้อคอมพิวเตอร์-อุบล/,รับซื้อ คอมพิวเตอร์ เขมราฐ,,khemarat,,,,,4,0.0,0.0,,5,5,4,4,3,25,2,2,1,ข้อมูลบริการจริงของอำเภอ + วิธีส่งรูป/ประเมิน + logistics/จุดนัดหมายที่ตกลงจริง + product-specific checks; ห้าม copy district template,/พื้นที่/khemarat/; /บริการ/รับซื้อคอมพิวเตอร์-อุบล/,/บริการ/รับซื้อคอมพิวเตอร์-อุบล/; /บทความ/sell-it-products-from-ubon-districts/,P1,W5,READY,Qualified architecture candidate; implement only with unique page content.,computer,LOCKED
B0-0342,/บริการ/รับซื้อ-ipad-เขมราฐ/,local_service,Local/District×Service,/พื้นที่/khemarat/,/บริการ/รับซื้อ-ipad-อุบล/,รับซื้อ iPad เขมราฐ,,khemarat,,,,,4,0.0,0.0,,5,5,4,4,3,25,2,2,1,ข้อมูลบริการจริงของอำเภอ + วิธีส่งรูป/ประเมิน + logistics/จุดนัดหมายที่ตกลงจริง + product-specific checks; ห้าม copy district template,/พื้นที่/khemarat/; /บริการ/รับซื้อ-ipad-อุบล/,/บริการ/รับซื้อ-ipad-อุบล/; /บทความ/sell-it-products-from-ubon-districts/,P1,W5,READY,Qualified architecture candidate; implement only with unique page content.,tablet,LOCKED
B0-0343,/บริการ/รับซื้อมือถือ-น้ำยืน/,local_service,Local/District×Service,/พื้นที่/nam-yuen/,/บริการ/รับซื้อมือถือ-อุบล/,รับซื้อ มือถือ น้ำยืน,,nam-yuen,,,,,4,0.0,0.0,,5,5,4,4,3,25,2,2,1,ข้อมูลบริการจริงของอำเภอ + วิธีส่งรูป/ประเมิน + logistics/จุดนัดหมายที่ตกลงจริง + product-specific checks; ห้าม copy district template,/พื้นที่/nam-yuen/; /บริการ/รับซื้อมือถือ-อุบล/,/บริการ/รับซื้อมือถือ-อุบล/; /บทความ/sell-it-products-from-ubon-districts/,P1,W5,READY,Qualified architecture candidate; implement only with unique page content.,mobile,LOCKED
B0-0344,/บริการ/รับซื้อ-iphone-น้ำยืน/,local_service,Local/District×Service,/พื้นที่/nam-yuen/,/บริการ/รับซื้อ-iphone-อุบล/,รับซื้อ iPhone น้ำยืน,,nam-yuen,,,,,4,0.0,0.0,,5,5,4,4,3,25,2,2,1,ข้อมูลบริการจริงของอำเภอ + วิธีส่งรูป/ประเมิน + logistics/จุดนัดหมายที่ตกลงจริง + product-specific checks; ห้าม copy district template,/พื้นที่/nam-yuen/; /บริการ/รับซื้อ-iphone-อุบล/,/บริการ/รับซื้อ-iphone-อุบล/; /บทความ/sell-it-products-from-ubon-districts/,P1,W5,READY,Qualified architecture candidate; implement only with unique page content.,mobile,LOCKED
B0-0345,/บริการ/รับซื้อโน้ตบุ๊ก-น้ำยืน/,local_service,Local/District×Service,/พื้นที่/nam-yuen/,/บริการ/รับซื้อโน้ตบุ๊ก-อุบล/,รับซื้อ โน้ตบุ๊ก น้ำยืน,,nam-yuen,,,,,4,0.0,0.0,,5,5,4,4,3,25,2,2,1,ข้อมูลบริการจริงของอำเภอ + วิธีส่งรูป/ประเมิน + logistics/จุดนัดหมายที่ตกลงจริง + product-specific checks; ห้าม copy district template,/พื้นที่/nam-yuen/; /บริการ/รับซื้อโน้ตบุ๊ก-อุบล/,/บริการ/รับซื้อโน้ตบุ๊ก-อุบล/; /บทความ/sell-it-products-from-ubon-districts/,P1,W5,READY,Qualified architecture candidate; implement only with unique page content.,notebook,LOCKED
B0-0346,/บริการ/รับซื้อคอมพิวเตอร์-น้ำยืน/,local_service,Local/District×Service,/พื้นที่/nam-yuen/,/บริการ/รับซื้อคอมพิวเตอร์-อุบล/,รับซื้อ คอมพิวเตอร์ น้ำยืน,,nam-yuen,,,,,4,0.0,0.0,,5,5,4,4,3,25,2,2,1,ข้อมูลบริการจริงของอำเภอ + วิธีส่งรูป/ประเมิน + logistics/จุดนัดหมายที่ตกลงจริง + product-specific checks; ห้าม copy district template,/พื้นที่/nam-yuen/; /บริการ/รับซื้อคอมพิวเตอร์-อุบล/,/บริการ/รับซื้อคอมพิวเตอร์-อุบล/; /บทความ/sell-it-products-from-ubon-districts/,P1,W5,READY,Qualified architecture candidate; implement only with unique page content.,computer,LOCKED
B0-0347,/บริการ/รับซื้อ-ipad-น้ำยืน/,local_service,Local/District×Service,/พื้นที่/nam-yuen/,/บริการ/รับซื้อ-ipad-อุบล/,รับซื้อ iPad น้ำยืน,,nam-yuen,,,,,4,0.0,0.0,,5,5,4,4,3,25,2,2,1,ข้อมูลบริการจริงของอำเภอ + วิธีส่งรูป/ประเมิน + logistics/จุดนัดหมายที่ตกลงจริง + product-specific checks; ห้าม copy district template,/พื้นที่/nam-yuen/; /บริการ/รับซื้อ-ipad-อุบล/,/บริการ/รับซื้อ-ipad-อุบล/; /บทความ/sell-it-products-from-ubon-districts/,P1,W5,READY,Qualified architecture candidate; implement only with unique page content.,tablet,LOCKED
B0-0348,/บริการ/รับซื้อมือถือ-โขงเจียม/,local_service,Local/District×Service,/พื้นที่/khong-chiam/,/บริการ/รับซื้อมือถือ-อุบล/,รับซื้อ มือถือ โขงเจียม,,khong-chiam,,,,,4,0.0,0.0,,5,5,4,4,3,25,2,2,1,ข้อมูลบริการจริงของอำเภอ + วิธีส่งรูป/ประเมิน + logistics/จุดนัดหมายที่ตกลงจริง + product-specific checks; ห้าม copy district template,/พื้นที่/khong-chiam/; /บริการ/รับซื้อมือถือ-อุบล/,/บริการ/รับซื้อมือถือ-อุบล/; /บทความ/sell-it-products-from-ubon-districts/,P1,W5,READY,Qualified architecture candidate; implement only with unique page content.,mobile,LOCKED
B0-0349,/บริการ/รับซื้อ-iphone-โขงเจียม/,local_service,Local/District×Service,/พื้นที่/khong-chiam/,/บริการ/รับซื้อ-iphone-อุบล/,รับซื้อ iPhone โขงเจียม,,khong-chiam,,,,,4,0.0,0.0,,5,5,4,4,3,25,2,2,1,ข้อมูลบริการจริงของอำเภอ + วิธีส่งรูป/ประเมิน + logistics/จุดนัดหมายที่ตกลงจริง + product-specific checks; ห้าม copy district template,/พื้นที่/khong-chiam/; /บริการ/รับซื้อ-iphone-อุบล/,/บริการ/รับซื้อ-iphone-อุบล/; /บทความ/sell-it-products-from-ubon-districts/,P1,W5,READY,Qualified architecture candidate; implement only with unique page content.,mobile,LOCKED
B0-0350,/บริการ/รับซื้อโน้ตบุ๊ก-โขงเจียม/,local_service,Local/District×Service,/พื้นที่/khong-chiam/,/บริการ/รับซื้อโน้ตบุ๊ก-อุบล/,รับซื้อ โน้ตบุ๊ก โขงเจียม,,khong-chiam,,,,,4,0.0,0.0,,5,5,4,4,3,25,2,2,1,ข้อมูลบริการจริงของอำเภอ + วิธีส่งรูป/ประเมิน + logistics/จุดนัดหมายที่ตกลงจริง + product-specific checks; ห้าม copy district template,/พื้นที่/khong-chiam/; /บริการ/รับซื้อโน้ตบุ๊ก-อุบล/,/บริการ/รับซื้อโน้ตบุ๊ก-อุบล/; /บทความ/sell-it-products-from-ubon-districts/,P1,W5,READY,Qualified architecture candidate; implement only with unique page content.,notebook,LOCKED
B0-0351,/บริการ/รับซื้อคอมพิวเตอร์-โขงเจียม/,local_service,Local/District×Service,/พื้นที่/khong-chiam/,/บริการ/รับซื้อคอมพิวเตอร์-อุบล/,รับซื้อ คอมพิวเตอร์ โขงเจียม,,khong-chiam,,,,,4,0.0,0.0,,5,5,4,4,3,25,2,2,1,ข้อมูลบริการจริงของอำเภอ + วิธีส่งรูป/ประเมิน + logistics/จุดนัดหมายที่ตกลงจริง + product-specific checks; ห้าม copy district template,/พื้นที่/khong-chiam/; /บริการ/รับซื้อคอมพิวเตอร์-อุบล/,/บริการ/รับซื้อคอมพิวเตอร์-อุบล/; /บทความ/sell-it-products-from-ubon-districts/,P1,W5,READY,Qualified architecture candidate; implement only with unique page content.,computer,LOCKED
B0-0352,/บริการ/รับซื้อ-ipad-โขงเจียม/,local_service,Local/District×Service,/พื้นที่/khong-chiam/,/บริการ/รับซื้อ-ipad-อุบล/,รับซื้อ iPad โขงเจียม,,khong-chiam,,,,,4,0.0,0.0,,5,5,4,4,3,25,2,2,1,ข้อมูลบริการจริงของอำเภอ + วิธีส่งรูป/ประเมิน + logistics/จุดนัดหมายที่ตกลงจริง + product-specific checks; ห้าม copy district template,/พื้นที่/khong-chiam/; /บริการ/รับซื้อ-ipad-อุบล/,/บริการ/รับซื้อ-ipad-อุบล/; /บทความ/sell-it-products-from-ubon-districts/,P1,W5,READY,Qualified architecture candidate; implement only with unique page content.,tablet,LOCKED
B0-0353,/บริการ/รับซื้อมือถือ-สิรินธร/,local_service,Local/District×Service,/พื้นที่/sirindhorn/,/บริการ/รับซื้อมือถือ-อุบล/,รับซื้อ มือถือ สิรินธร,,sirindhorn,,,,,4,0.0,0.0,,5,5,4,4,3,25,2,2,1,ข้อมูลบริการจริงของอำเภอ + วิธีส่งรูป/ประเมิน + logistics/จุดนัดหมายที่ตกลงจริง + product-specific checks; ห้าม copy district template,/พื้นที่/sirindhorn/; /บริการ/รับซื้อมือถือ-อุบล/,/บริการ/รับซื้อมือถือ-อุบล/; /บทความ/sell-it-products-from-ubon-districts/,P1,W5,READY,Qualified architecture candidate; implement only with unique page content.,mobile,LOCKED
B0-0354,/บริการ/รับซื้อ-iphone-สิรินธร/,local_service,Local/District×Service,/พื้นที่/sirindhorn/,/บริการ/รับซื้อ-iphone-อุบล/,รับซื้อ iPhone สิรินธร,,sirindhorn,,,,,4,0.0,0.0,,5,5,4,4,3,25,2,2,1,ข้อมูลบริการจริงของอำเภอ + วิธีส่งรูป/ประเมิน + logistics/จุดนัดหมายที่ตกลงจริง + product-specific checks; ห้าม copy district template,/พื้นที่/sirindhorn/; /บริการ/รับซื้อ-iphone-อุบล/,/บริการ/รับซื้อ-iphone-อุบล/; /บทความ/sell-it-products-from-ubon-districts/,P1,W5,READY,Qualified architecture candidate; implement only with unique page content.,mobile,LOCKED
B0-0355,/บริการ/รับซื้อโน้ตบุ๊ก-สิรินธร/,local_service,Local/District×Service,/พื้นที่/sirindhorn/,/บริการ/รับซื้อโน้ตบุ๊ก-อุบล/,รับซื้อ โน้ตบุ๊ก สิรินธร,,sirindhorn,,,,,4,0.0,0.0,,5,5,4,4,3,25,2,2,1,ข้อมูลบริการจริงของอำเภอ + วิธีส่งรูป/ประเมิน + logistics/จุดนัดหมายที่ตกลงจริง + product-specific checks; ห้าม copy district template,/พื้นที่/sirindhorn/; /บริการ/รับซื้อโน้ตบุ๊ก-อุบล/,/บริการ/รับซื้อโน้ตบุ๊ก-อุบล/; /บทความ/sell-it-products-from-ubon-districts/,P1,W5,READY,Qualified architecture candidate; implement only with unique page content.,notebook,LOCKED
B0-0356,/บริการ/รับซื้อคอมพิวเตอร์-สิรินธร/,local_service,Local/District×Service,/พื้นที่/sirindhorn/,/บริการ/รับซื้อคอมพิวเตอร์-อุบล/,รับซื้อ คอมพิวเตอร์ สิรินธร,,sirindhorn,,,,,4,0.0,0.0,,5,5,4,4,3,25,2,2,1,ข้อมูลบริการจริงของอำเภอ + วิธีส่งรูป/ประเมิน + logistics/จุดนัดหมายที่ตกลงจริง + product-specific checks; ห้าม copy district template,/พื้นที่/sirindhorn/; /บริการ/รับซื้อคอมพิวเตอร์-อุบล/,/บริการ/รับซื้อคอมพิวเตอร์-อุบล/; /บทความ/sell-it-products-from-ubon-districts/,P1,W5,READY,Qualified architecture candidate; implement only with unique page content.,computer,LOCKED
B0-0357,/บริการ/รับซื้อมือถือ-ตระการพืชผล/,local_service,Local/District×Service,/พื้นที่/trakan-phuet-phon/,/บริการ/รับซื้อมือถือ-อุบล/,รับซื้อ มือถือ ตระการพืชผล,,trakan-phuet-phon,,,,,3,0.0,0.0,,5,5,4,4,3,24,2,2,1,ข้อมูลบริการจริงของอำเภอ + วิธีส่งรูป/ประเมิน + logistics/จุดนัดหมายที่ตกลงจริง + product-specific checks; ห้าม copy district template,/พื้นที่/trakan-phuet-phon/; /บริการ/รับซื้อมือถือ-อุบล/,/บริการ/รับซื้อมือถือ-อุบล/; /บทความ/sell-it-products-from-ubon-districts/,P2,W6,READY,Qualified architecture candidate; implement only with unique page content.,mobile,LOCKED
B0-0358,/บริการ/รับซื้อ-iphone-ตระการพืชผล/,local_service,Local/District×Service,/พื้นที่/trakan-phuet-phon/,/บริการ/รับซื้อ-iphone-อุบล/,รับซื้อ iPhone ตระการพืชผล,,trakan-phuet-phon,,,,,3,0.0,0.0,,5,5,4,4,3,24,2,2,1,ข้อมูลบริการจริงของอำเภอ + วิธีส่งรูป/ประเมิน + logistics/จุดนัดหมายที่ตกลงจริง + product-specific checks; ห้าม copy district template,/พื้นที่/trakan-phuet-phon/; /บริการ/รับซื้อ-iphone-อุบล/,/บริการ/รับซื้อ-iphone-อุบล/; /บทความ/sell-it-products-from-ubon-districts/,P2,W6,READY,Qualified architecture candidate; implement only with unique page content.,mobile,LOCKED
B0-0359,/บริการ/รับซื้อโน้ตบุ๊ก-ตระการพืชผล/,local_service,Local/District×Service,/พื้นที่/trakan-phuet-phon/,/บริการ/รับซื้อโน้ตบุ๊ก-อุบล/,รับซื้อ โน้ตบุ๊ก ตระการพืชผล,,trakan-phuet-phon,,,,,3,0.0,0.0,,5,5,4,4,3,24,2,2,1,ข้อมูลบริการจริงของอำเภอ + วิธีส่งรูป/ประเมิน + logistics/จุดนัดหมายที่ตกลงจริง + product-specific checks; ห้าม copy district template,/พื้นที่/trakan-phuet-phon/; /บริการ/รับซื้อโน้ตบุ๊ก-อุบล/,/บริการ/รับซื้อโน้ตบุ๊ก-อุบล/; /บทความ/sell-it-products-from-ubon-districts/,P2,W6,READY,Qualified architecture candidate; implement only with unique page content.,notebook,LOCKED
B0-0360,/บริการ/รับซื้อคอมพิวเตอร์-ตระการพืชผล/,local_service,Local/District×Service,/พื้นที่/trakan-phuet-phon/,/บริการ/รับซื้อคอมพิวเตอร์-อุบล/,รับซื้อ คอมพิวเตอร์ ตระการพืชผล,,trakan-phuet-phon,,,,,3,0.0,0.0,,5,5,4,4,3,24,2,2,1,ข้อมูลบริการจริงของอำเภอ + วิธีส่งรูป/ประเมิน + logistics/จุดนัดหมายที่ตกลงจริง + product-specific checks; ห้าม copy district template,/พื้นที่/trakan-phuet-phon/; /บริการ/รับซื้อคอมพิวเตอร์-อุบล/,/บริการ/รับซื้อคอมพิวเตอร์-อุบล/; /บทความ/sell-it-products-from-ubon-districts/,P2,W6,READY,Qualified architecture candidate; implement only with unique page content.,computer,LOCKED
B0-0361,/บริการ/รับซื้อมือถือ-พิบูลมังสาหาร/,local_service,Local/District×Service,/พื้นที่/phibun-mangsahan/,/บริการ/รับซื้อมือถือ-อุบล/,รับซื้อ มือถือ พิบูลมังสาหาร,,phibun-mangsahan,,,,,2,0.0,0.0,,5,5,4,4,3,23,2,2,1,ข้อมูลบริการจริงของอำเภอ + วิธีส่งรูป/ประเมิน + logistics/จุดนัดหมายที่ตกลงจริง + product-specific checks; ห้าม copy district template,/พื้นที่/phibun-mangsahan/; /บริการ/รับซื้อมือถือ-อุบล/,/บริการ/รับซื้อมือถือ-อุบล/; /บทความ/sell-it-products-from-ubon-districts/,P2,W6,READY,Qualified architecture candidate; implement only with unique page content.,mobile,LOCKED
B0-0362,/บริการ/รับซื้อ-iphone-พิบูลมังสาหาร/,local_service,Local/District×Service,/พื้นที่/phibun-mangsahan/,/บริการ/รับซื้อ-iphone-อุบล/,รับซื้อ iPhone พิบูลมังสาหาร,,phibun-mangsahan,,,,,2,0.0,0.0,,5,5,4,4,3,23,2,2,1,ข้อมูลบริการจริงของอำเภอ + วิธีส่งรูป/ประเมิน + logistics/จุดนัดหมายที่ตกลงจริง + product-specific checks; ห้าม copy district template,/พื้นที่/phibun-mangsahan/; /บริการ/รับซื้อ-iphone-อุบล/,/บริการ/รับซื้อ-iphone-อุบล/; /บทความ/sell-it-products-from-ubon-districts/,P2,W6,READY,Qualified architecture candidate; implement only with unique page content.,mobile,LOCKED
B0-0363,/บริการ/รับซื้อโน้ตบุ๊ก-พิบูลมังสาหาร/,local_service,Local/District×Service,/พื้นที่/phibun-mangsahan/,/บริการ/รับซื้อโน้ตบุ๊ก-อุบล/,รับซื้อ โน้ตบุ๊ก พิบูลมังสาหาร,,phibun-mangsahan,,,,,2,0.0,0.0,,5,5,4,4,3,23,2,2,1,ข้อมูลบริการจริงของอำเภอ + วิธีส่งรูป/ประเมิน + logistics/จุดนัดหมายที่ตกลงจริง + product-specific checks; ห้าม copy district template,/พื้นที่/phibun-mangsahan/; /บริการ/รับซื้อโน้ตบุ๊ก-อุบล/,/บริการ/รับซื้อโน้ตบุ๊ก-อุบล/; /บทความ/sell-it-products-from-ubon-districts/,P2,W6,READY,Qualified architecture candidate; implement only with unique page content.,notebook,LOCKED
B0-0364,/บริการ/รับซื้อ-ipad-พิบูลมังสาหาร/,local_service,Local/District×Service,/พื้นที่/phibun-mangsahan/,/บริการ/รับซื้อ-ipad-อุบล/,รับซื้อ iPad พิบูลมังสาหาร,,phibun-mangsahan,,,,,2,0.0,0.0,,5,5,4,4,3,23,2,2,1,ข้อมูลบริการจริงของอำเภอ + วิธีส่งรูป/ประเมิน + logistics/จุดนัดหมายที่ตกลงจริง + product-specific checks; ห้าม copy district template,/พื้นที่/phibun-mangsahan/; /บริการ/รับซื้อ-ipad-อุบล/,/บริการ/รับซื้อ-ipad-อุบล/; /บทความ/sell-it-products-from-ubon-districts/,P2,W6,READY,Qualified architecture candidate; implement only with unique page content.,tablet,LOCKED
B0-0365,/บริการ/รับซื้อมือถือ-บุณฑริก/,local_service,Local/District×Service,/พื้นที่/buntharik/,/บริการ/รับซื้อมือถือ-อุบล/,รับซื้อ มือถือ บุณฑริก,,buntharik,,,,,3,0.0,0.0,,5,5,4,4,3,24,2,2,1,ข้อมูลบริการจริงของอำเภอ + วิธีส่งรูป/ประเมิน + logistics/จุดนัดหมายที่ตกลงจริง + product-specific checks; ห้าม copy district template,/พื้นที่/buntharik/; /บริการ/รับซื้อมือถือ-อุบล/,/บริการ/รับซื้อมือถือ-อุบล/; /บทความ/sell-it-products-from-ubon-districts/,P2,W6,READY,Qualified architecture candidate; implement only with unique page content.,mobile,LOCKED
B0-0366,/บริการ/รับซื้อโน้ตบุ๊ก-บุณฑริก/,local_service,Local/District×Service,/พื้นที่/buntharik/,/บริการ/รับซื้อโน้ตบุ๊ก-อุบล/,รับซื้อ โน้ตบุ๊ก บุณฑริก,,buntharik,,,,,3,0.0,0.0,,5,5,4,4,3,24,2,2,1,ข้อมูลบริการจริงของอำเภอ + วิธีส่งรูป/ประเมิน + logistics/จุดนัดหมายที่ตกลงจริง + product-specific checks; ห้าม copy district template,/พื้นที่/buntharik/; /บริการ/รับซื้อโน้ตบุ๊ก-อุบล/,/บริการ/รับซื้อโน้ตบุ๊ก-อุบล/; /บทความ/sell-it-products-from-ubon-districts/,P2,W6,READY,Qualified architecture candidate; implement only with unique page content.,notebook,LOCKED
B0-0367,/บริการ/รับซื้อคอมพิวเตอร์-บุณฑริก/,local_service,Local/District×Service,/พื้นที่/buntharik/,/บริการ/รับซื้อคอมพิวเตอร์-อุบล/,รับซื้อ คอมพิวเตอร์ บุณฑริก,,buntharik,,,,,3,0.0,0.0,,5,5,4,4,3,24,2,2,1,ข้อมูลบริการจริงของอำเภอ + วิธีส่งรูป/ประเมิน + logistics/จุดนัดหมายที่ตกลงจริง + product-specific checks; ห้าม copy district template,/พื้นที่/buntharik/; /บริการ/รับซื้อคอมพิวเตอร์-อุบล/,/บริการ/รับซื้อคอมพิวเตอร์-อุบล/; /บทความ/sell-it-products-from-ubon-districts/,P2,W6,READY,Qualified architecture candidate; implement only with unique page content.,computer,LOCKED
B0-0368,/บริการ/รับซื้อมือถือ-นาจะหลวย/,local_service,Local/District×Service,/พื้นที่/na-chaluai/,/บริการ/รับซื้อมือถือ-อุบล/,รับซื้อ มือถือ นาจะหลวย,,na-chaluai,,,,,3,0.0,0.0,,5,5,4,4,3,24,2,2,1,ข้อมูลบริการจริงของอำเภอ + วิธีส่งรูป/ประเมิน + logistics/จุดนัดหมายที่ตกลงจริง + product-specific checks; ห้าม copy district template,/พื้นที่/na-chaluai/; /บริการ/รับซื้อมือถือ-อุบล/,/บริการ/รับซื้อมือถือ-อุบล/; /บทความ/sell-it-products-from-ubon-districts/,P2,W6,READY,Qualified architecture candidate; implement only with unique page content.,mobile,LOCKED
B0-0369,/บริการ/รับซื้อโน้ตบุ๊ก-นาจะหลวย/,local_service,Local/District×Service,/พื้นที่/na-chaluai/,/บริการ/รับซื้อโน้ตบุ๊ก-อุบล/,รับซื้อ โน้ตบุ๊ก นาจะหลวย,,na-chaluai,,,,,3,0.0,0.0,,5,5,4,4,3,24,2,2,1,ข้อมูลบริการจริงของอำเภอ + วิธีส่งรูป/ประเมิน + logistics/จุดนัดหมายที่ตกลงจริง + product-specific checks; ห้าม copy district template,/พื้นที่/na-chaluai/; /บริการ/รับซื้อโน้ตบุ๊ก-อุบล/,/บริการ/รับซื้อโน้ตบุ๊ก-อุบล/; /บทความ/sell-it-products-from-ubon-districts/,P2,W6,READY,Qualified architecture candidate; implement only with unique page content.,notebook,LOCKED
B0-0370,/บริการ/รับซื้อคอมพิวเตอร์-นาจะหลวย/,local_service,Local/District×Service,/พื้นที่/na-chaluai/,/บริการ/รับซื้อคอมพิวเตอร์-อุบล/,รับซื้อ คอมพิวเตอร์ นาจะหลวย,,na-chaluai,,,,,3,0.0,0.0,,5,5,4,4,3,24,2,2,1,ข้อมูลบริการจริงของอำเภอ + วิธีส่งรูป/ประเมิน + logistics/จุดนัดหมายที่ตกลงจริง + product-specific checks; ห้าม copy district template,/พื้นที่/na-chaluai/; /บริการ/รับซื้อคอมพิวเตอร์-อุบล/,/บริการ/รับซื้อคอมพิวเตอร์-อุบล/; /บทความ/sell-it-products-from-ubon-districts/,P2,W6,READY,Qualified architecture candidate; implement only with unique page content.,computer,LOCKED
B0-0371,/บริการ/รับซื้อมือถือ-สำโรง/,local_service,Local/District×Service,/พื้นที่/samrong/,/บริการ/รับซื้อมือถือ-อุบล/,รับซื้อ มือถือ สำโรง,,samrong,,,,,3,0.0,0.0,,5,5,4,4,3,24,2,2,1,ข้อมูลบริการจริงของอำเภอ + วิธีส่งรูป/ประเมิน + logistics/จุดนัดหมายที่ตกลงจริง + product-specific checks; ห้าม copy district template,/พื้นที่/samrong/; /บริการ/รับซื้อมือถือ-อุบล/,/บริการ/รับซื้อมือถือ-อุบล/; /บทความ/sell-it-products-from-ubon-districts/,P2,W6,READY,Qualified architecture candidate; implement only with unique page content.,mobile,LOCKED
B0-0372,/บริการ/รับซื้อโน้ตบุ๊ก-สำโรง/,local_service,Local/District×Service,/พื้นที่/samrong/,/บริการ/รับซื้อโน้ตบุ๊ก-อุบล/,รับซื้อ โน้ตบุ๊ก สำโรง,,samrong,,,,,3,0.0,0.0,,5,5,4,4,3,24,2,2,1,ข้อมูลบริการจริงของอำเภอ + วิธีส่งรูป/ประเมิน + logistics/จุดนัดหมายที่ตกลงจริง + product-specific checks; ห้าม copy district template,/พื้นที่/samrong/; /บริการ/รับซื้อโน้ตบุ๊ก-อุบล/,/บริการ/รับซื้อโน้ตบุ๊ก-อุบล/; /บทความ/sell-it-products-from-ubon-districts/,P2,W6,READY,Qualified architecture candidate; implement only with unique page content.,notebook,LOCKED
B0-0373,/บริการ/รับซื้อ-ipad-สำโรง/,local_service,Local/District×Service,/พื้นที่/samrong/,/บริการ/รับซื้อ-ipad-อุบล/,รับซื้อ iPad สำโรง,,samrong,,,,,3,0.0,0.0,,5,5,4,4,3,24,2,2,1,ข้อมูลบริการจริงของอำเภอ + วิธีส่งรูป/ประเมิน + logistics/จุดนัดหมายที่ตกลงจริง + product-specific checks; ห้าม copy district template,/พื้นที่/samrong/; /บริการ/รับซื้อ-ipad-อุบล/,/บริการ/รับซื้อ-ipad-อุบล/; /บทความ/sell-it-products-from-ubon-districts/,P2,W6,READY,Qualified architecture candidate; implement only with unique page content.,tablet,LOCKED
B0-0374,/บริการ/รับซื้อมือถือ-กุดข้าวปุ้น/,local_service,Local/District×Service,/พื้นที่/kut-khaopun/,/บริการ/รับซื้อมือถือ-อุบล/,รับซื้อ มือถือ กุดข้าวปุ้น,,kut-khaopun,,,,,4,0.0,0.0,,5,5,4,4,3,25,2,2,1,ข้อมูลบริการจริงของอำเภอ + วิธีส่งรูป/ประเมิน + logistics/จุดนัดหมายที่ตกลงจริง + product-specific checks; ห้าม copy district template,/พื้นที่/kut-khaopun/; /บริการ/รับซื้อมือถือ-อุบล/,/บริการ/รับซื้อมือถือ-อุบล/; /บทความ/sell-it-products-from-ubon-districts/,P1,W5,READY,Qualified architecture candidate; implement only with unique page content.,mobile,LOCKED
B0-0375,/บริการ/รับซื้อโน้ตบุ๊ก-กุดข้าวปุ้น/,local_service,Local/District×Service,/พื้นที่/kut-khaopun/,/บริการ/รับซื้อโน้ตบุ๊ก-อุบล/,รับซื้อ โน้ตบุ๊ก กุดข้าวปุ้น,,kut-khaopun,,,,,4,0.0,0.0,,5,5,4,4,3,25,2,2,1,ข้อมูลบริการจริงของอำเภอ + วิธีส่งรูป/ประเมิน + logistics/จุดนัดหมายที่ตกลงจริง + product-specific checks; ห้าม copy district template,/พื้นที่/kut-khaopun/; /บริการ/รับซื้อโน้ตบุ๊ก-อุบล/,/บริการ/รับซื้อโน้ตบุ๊ก-อุบล/; /บทความ/sell-it-products-from-ubon-districts/,P1,W5,READY,Qualified architecture candidate; implement only with unique page content.,notebook,LOCKED
B0-0376,/บริการ/รับซื้อมือถือ-ศรีเมืองใหม่/,local_service,Local/District×Service,/พื้นที่/si-mueang-mai/,/บริการ/รับซื้อมือถือ-อุบล/,รับซื้อ มือถือ ศรีเมืองใหม่,,si-mueang-mai,,,,,3,0.0,0.0,,5,5,4,4,3,24,2,2,1,ข้อมูลบริการจริงของอำเภอ + วิธีส่งรูป/ประเมิน + logistics/จุดนัดหมายที่ตกลงจริง + product-specific checks; ห้าม copy district template,/พื้นที่/si-mueang-mai/; /บริการ/รับซื้อมือถือ-อุบล/,/บริการ/รับซื้อมือถือ-อุบล/; /บทความ/sell-it-products-from-ubon-districts/,P2,W6,READY,Qualified architecture candidate; implement only with unique page content.,mobile,LOCKED
B0-0377,/บริการ/รับซื้อโน้ตบุ๊ก-ศรีเมืองใหม่/,local_service,Local/District×Service,/พื้นที่/si-mueang-mai/,/บริการ/รับซื้อโน้ตบุ๊ก-อุบล/,รับซื้อ โน้ตบุ๊ก ศรีเมืองใหม่,,si-mueang-mai,,,,,3,0.0,0.0,,5,5,4,4,3,24,2,2,1,ข้อมูลบริการจริงของอำเภอ + วิธีส่งรูป/ประเมิน + logistics/จุดนัดหมายที่ตกลงจริง + product-specific checks; ห้าม copy district template,/พื้นที่/si-mueang-mai/; /บริการ/รับซื้อโน้ตบุ๊ก-อุบล/,/บริการ/รับซื้อโน้ตบุ๊ก-อุบล/; /บทความ/sell-it-products-from-ubon-districts/,P2,W6,READY,Qualified architecture candidate; implement only with unique page content.,notebook,LOCKED
B0-0378,/บริการ/รับซื้อมือถือ-น้ำขุ่น/,local_service,Local/District×Service,/พื้นที่/nam-khun/,/บริการ/รับซื้อมือถือ-อุบล/,รับซื้อ มือถือ น้ำขุ่น,,nam-khun,,,,,3,0.0,0.0,,5,5,4,4,3,24,2,2,1,ข้อมูลบริการจริงของอำเภอ + วิธีส่งรูป/ประเมิน + logistics/จุดนัดหมายที่ตกลงจริง + product-specific checks; ห้าม copy district template,/พื้นที่/nam-khun/; /บริการ/รับซื้อมือถือ-อุบล/,/บริการ/รับซื้อมือถือ-อุบล/; /บทความ/sell-it-products-from-ubon-districts/,P2,W6,READY,Qualified architecture candidate; implement only with unique page content.,mobile,LOCKED
B0-0379,/บริการ/รับซื้อโน้ตบุ๊ก-น้ำขุ่น/,local_service,Local/District×Service,/พื้นที่/nam-khun/,/บริการ/รับซื้อโน้ตบุ๊ก-อุบล/,รับซื้อ โน้ตบุ๊ก น้ำขุ่น,,nam-khun,,,,,3,0.0,0.0,,5,5,4,4,3,24,2,2,1,ข้อมูลบริการจริงของอำเภอ + วิธีส่งรูป/ประเมิน + logistics/จุดนัดหมายที่ตกลงจริง + product-specific checks; ห้าม copy district template,/พื้นที่/nam-khun/; /บริการ/รับซื้อโน้ตบุ๊ก-อุบล/,/บริการ/รับซื้อโน้ตบุ๊ก-อุบล/; /บทความ/sell-it-products-from-ubon-districts/,P2,W6,READY,Qualified architecture candidate; implement only with unique page content.,notebook,LOCKED
B0-0380,/บริการ/รับซื้อมือถือ-โพธิ์ไทร/,local_service,Local/District×Service,/พื้นที่/pho-sai/,/บริการ/รับซื้อมือถือ-อุบล/,รับซื้อ มือถือ โพธิ์ไทร,,pho-sai,,,,,3,0.0,0.0,,5,5,4,4,3,24,2,2,1,ข้อมูลบริการจริงของอำเภอ + วิธีส่งรูป/ประเมิน + logistics/จุดนัดหมายที่ตกลงจริง + product-specific checks; ห้าม copy district template,/พื้นที่/pho-sai/; /บริการ/รับซื้อมือถือ-อุบล/,/บริการ/รับซื้อมือถือ-อุบล/; /บทความ/sell-it-products-from-ubon-districts/,P2,W6,READY,Qualified architecture candidate; implement only with unique page content.,mobile,LOCKED
B0-0381,/บริการ/รับซื้อโน้ตบุ๊ก-โพธิ์ไทร/,local_service,Local/District×Service,/พื้นที่/pho-sai/,/บริการ/รับซื้อโน้ตบุ๊ก-อุบล/,รับซื้อ โน้ตบุ๊ก โพธิ์ไทร,,pho-sai,,,,,3,0.0,0.0,,5,5,4,4,3,24,2,2,1,ข้อมูลบริการจริงของอำเภอ + วิธีส่งรูป/ประเมิน + logistics/จุดนัดหมายที่ตกลงจริง + product-specific checks; ห้าม copy district template,/พื้นที่/pho-sai/; /บริการ/รับซื้อโน้ตบุ๊ก-อุบล/,/บริการ/รับซื้อโน้ตบุ๊ก-อุบล/; /บทความ/sell-it-products-from-ubon-districts/,P2,W6,READY,Qualified architecture candidate; implement only with unique page content.,notebook,LOCKED
B0-0382,/บริการ/รับซื้อเซิร์ฟเวอร์-อุบล/,b2b,B2B,/บริการ/รับซื้ออุปกรณ์ไอทียกล็อต-อุบล/,/บริการ/รับซื้ออุปกรณ์ไอทียกล็อต-อุบล/,รับซื้อ Server อุบล,,,,,,,3,0.0,0.0,,5,4,4,4,3,23,1,1,1,จำนวน/รุ่น/serial/asset list/สภาพ/การลบข้อมูล/วิธีประเมินล็อตเฉพาะประเภทสินทรัพย์,/บริการ/รับซื้ออุปกรณ์ไอทียกล็อต-อุบล/,/บริการ/รับซื้ออุปกรณ์ไอทียกล็อต-อุบล/; /บทความ/เตรียมขายคอมบริษัทเก่า-ลบข้อมูลอย่างไร/,P3,W7,READY,Qualified architecture candidate; implement only with unique page content.,b2b_lot,LOCKED
B0-0383,/บริการ/รับซื้ออุปกรณ์เน็ตเวิร์ก-อุบล/,b2b,B2B,/บริการ/รับซื้ออุปกรณ์ไอทียกล็อต-อุบล/,/บริการ/รับซื้ออุปกรณ์ไอทียกล็อต-อุบล/,รับซื้ออุปกรณ์ Network อุบล,,,,,,,3,0.0,0.0,,5,4,4,4,3,23,1,1,1,จำนวน/รุ่น/serial/asset list/สภาพ/การลบข้อมูล/วิธีประเมินล็อตเฉพาะประเภทสินทรัพย์,/บริการ/รับซื้ออุปกรณ์ไอทียกล็อต-อุบล/,/บริการ/รับซื้ออุปกรณ์ไอทียกล็อต-อุบล/; /บทความ/เตรียมขายคอมบริษัทเก่า-ลบข้อมูลอย่างไร/,P3,W7,READY,Qualified architecture candidate; implement only with unique page content.,b2b_lot,LOCKED
B0-0384,/บริการ/รับซื้อจอมอนิเตอร์ยกล็อต-อุบล/,b2b,B2B,/บริการ/รับซื้อคอมยกล็อต-อุบล/,/บริการ/รับซื้อคอมยกล็อต-อุบล/,รับซื้อจอมอนิเตอร์ยกล็อต อุบล,,,,,,,3,0.0,0.0,,5,4,4,4,3,23,1,1,1,จำนวน/รุ่น/serial/asset list/สภาพ/การลบข้อมูล/วิธีประเมินล็อตเฉพาะประเภทสินทรัพย์,/บริการ/รับซื้อคอมยกล็อต-อุบล/,/บริการ/รับซื้อคอมยกล็อต-อุบล/; /บทความ/เตรียมขายคอมบริษัทเก่า-ลบข้อมูลอย่างไร/,P3,W7,READY,Qualified architecture candidate; implement only with unique page content.,b2b_lot,LOCKED
B0-0385,/บริการ/รับซื้อโทรศัพท์บริษัท-อุบล/,b2b,B2B,/บริการ/รับซื้ออุปกรณ์ไอทียกล็อต-อุบล/,/บริการ/รับซื้ออุปกรณ์ไอทียกล็อต-อุบล/,รับซื้อโทรศัพท์บริษัท อุบล,,,,,,,3,0.0,0.0,,5,4,4,4,3,23,1,1,1,จำนวน/รุ่น/serial/asset list/สภาพ/การลบข้อมูล/วิธีประเมินล็อตเฉพาะประเภทสินทรัพย์,/บริการ/รับซื้ออุปกรณ์ไอทียกล็อต-อุบล/,/บริการ/รับซื้ออุปกรณ์ไอทียกล็อต-อุบล/; /บทความ/เตรียมขายคอมบริษัทเก่า-ลบข้อมูลอย่างไร/,P3,W7,READY,Qualified architecture candidate; implement only with unique page content.,b2b_lot,LOCKED
B0-0386,/บริการ/รับซื้อแท็บเล็ตยกล็อต-อุบล/,b2b,B2B,/บริการ/รับซื้ออุปกรณ์ไอทียกล็อต-อุบล/,/บริการ/รับซื้ออุปกรณ์ไอทียกล็อต-อุบล/,รับซื้อแท็บเล็ตยกล็อต อุบล,,,,,,,3,0.0,0.0,,5,4,4,4,3,23,1,1,1,จำนวน/รุ่น/serial/asset list/สภาพ/การลบข้อมูล/วิธีประเมินล็อตเฉพาะประเภทสินทรัพย์,/บริการ/รับซื้ออุปกรณ์ไอทียกล็อต-อุบล/,/บริการ/รับซื้ออุปกรณ์ไอทียกล็อต-อุบล/; /บทความ/เตรียมขายคอมบริษัทเก่า-ลบข้อมูลอย่างไร/,P3,W7,READY,Qualified architecture candidate; implement only with unique page content.,b2b_lot,LOCKED
B0-0387,/บริการ/รับซื้อ-ups-อุบล/,b2b,B2B,/บริการ/รับซื้ออุปกรณ์ไอทียกล็อต-อุบล/,/บริการ/รับซื้ออุปกรณ์ไอทียกล็อต-อุบล/,รับซื้อ UPS เครื่องสำรองไฟ อุบล,,,,,,,3,0.0,0.0,,5,4,4,4,3,23,1,1,1,จำนวน/รุ่น/serial/asset list/สภาพ/การลบข้อมูล/วิธีประเมินล็อตเฉพาะประเภทสินทรัพย์,/บริการ/รับซื้ออุปกรณ์ไอทียกล็อต-อุบล/,/บริการ/รับซื้ออุปกรณ์ไอทียกล็อต-อุบล/; /บทความ/เตรียมขายคอมบริษัทเก่า-ลบข้อมูลอย่างไร/,P3,W7,READY,Qualified architecture candidate; implement only with unique page content.,b2b_lot,LOCKED
B0-0388,/บทความ/check-iphone-parts-repair-history-before-selling/,guide,Guide,/บทความ/,/บริการ/รับซื้อ-iphone-อุบล/,เช็กประวัติอะไหล่และการซ่อม iPhone ก่อนขาย,,,,,,,3,0.0,0.0,,3,3,4,4,3,20,1,0,1,ขั้นตอนตรวจจริงที่ช่วยให้ผู้ขายเตรียมข้อมูลก่อนประเมินและเชื่อมตรงไป money page,/บทความ/; /บริการ/รับซื้อ-iphone-อุบล/,/บริการ/รับซื้อ-iphone-อุบล/; /วิธีประเมินราคา/,P3,W8,READY,Qualified architecture candidate; implement only with unique page content.,mobile,LOCKED
B0-0389,/บทความ/check-android-imei-account-before-selling/,guide,Guide,/บทความ/,/บริการ/รับซื้อมือถือ-อุบล/,เช็ก IMEI และบัญชี Android ก่อนขาย,,,,,,,3,0.0,0.0,,3,3,4,4,3,20,1,0,1,ขั้นตอนตรวจจริงที่ช่วยให้ผู้ขายเตรียมข้อมูลก่อนประเมินและเชื่อมตรงไป money page,/บทความ/; /บริการ/รับซื้อมือถือ-อุบล/,/บริการ/รับซื้อมือถือ-อุบล/; /วิธีประเมินราคา/,P3,W8,READY,Qualified architecture candidate; implement only with unique page content.,mobile,LOCKED
B0-0390,/บทความ/check-samsung-frp-knox-before-selling/,guide,Guide,/บทความ/,/บริการ/รับซื้อ-samsung-อุบล/,เช็ก FRP / Knox Samsung ก่อนขาย,,,,,,,3,0.0,0.0,,3,3,4,4,3,20,1,0,1,ขั้นตอนตรวจจริงที่ช่วยให้ผู้ขายเตรียมข้อมูลก่อนประเมินและเชื่อมตรงไป money page,/บทความ/; /บริการ/รับซื้อ-samsung-อุบล/,/บริการ/รับซื้อ-samsung-อุบล/; /วิธีประเมินราคา/,P3,W8,READY,Qualified architecture candidate; implement only with unique page content.,mobile,LOCKED
B0-0391,/บทความ/check-notebook-battery-health-before-selling/,guide,Guide,/บทความ/,/บริการ/รับซื้อโน้ตบุ๊ก-อุบล/,เช็กสุขภาพแบตโน้ตบุ๊กก่อนขาย,,,,,,,3,0.0,0.0,,3,3,4,4,3,20,1,0,1,ขั้นตอนตรวจจริงที่ช่วยให้ผู้ขายเตรียมข้อมูลก่อนประเมินและเชื่อมตรงไป money page,/บทความ/; /บริการ/รับซื้อโน้ตบุ๊ก-อุบล/,/บริการ/รับซื้อโน้ตบุ๊ก-อุบล/; /วิธีประเมินราคา/,P3,W8,READY,Qualified architecture candidate; implement only with unique page content.,notebook,LOCKED
B0-0392,/บทความ/check-notebook-charger-wattage-before-selling/,guide,Guide,/บทความ/,/บริการ/รับซื้อโน้ตบุ๊ก-อุบล/,เช็กที่ชาร์จและวัตต์โน้ตบุ๊กก่อนขาย,,,,,,,3,0.0,0.0,,3,3,4,4,3,20,1,0,1,ขั้นตอนตรวจจริงที่ช่วยให้ผู้ขายเตรียมข้อมูลก่อนประเมินและเชื่อมตรงไป money page,/บทความ/; /บริการ/รับซื้อโน้ตบุ๊ก-อุบล/,/บริการ/รับซื้อโน้ตบุ๊ก-อุบล/; /วิธีประเมินราคา/,P3,W8,READY,Qualified architecture candidate; implement only with unique page content.,notebook,LOCKED
B0-0393,/บทความ/check-ssd-health-before-selling/,guide,Guide,/บทความ/,/บริการ/รับซื้อ-ssd-อุบล/,เช็กสุขภาพ SSD ก่อนขาย,,,,,,,3,0.0,0.0,,3,3,4,4,3,20,1,0,1,ขั้นตอนตรวจจริงที่ช่วยให้ผู้ขายเตรียมข้อมูลก่อนประเมินและเชื่อมตรงไป money page,/บทความ/; /บริการ/รับซื้อ-ssd-อุบล/,/บริการ/รับซื้อ-ssd-อุบล/; /วิธีประเมินราคา/,P3,W8,READY,Qualified architecture candidate; implement only with unique page content.,pc_hardware,LOCKED
B0-0394,/บทความ/check-ram-ddr4-ddr5-before-selling/,guide,Guide,/บทความ/,/บริการ/รับซื้อ-ram-อุบล/,ดูว่า RAM เป็น DDR4 หรือ DDR5 ก่อนขาย,,,,,,,3,0.0,0.0,,3,3,4,4,3,20,1,0,1,ขั้นตอนตรวจจริงที่ช่วยให้ผู้ขายเตรียมข้อมูลก่อนประเมินและเชื่อมตรงไป money page,/บทความ/; /บริการ/รับซื้อ-ram-อุบล/,/บริการ/รับซื้อ-ram-อุบล/; /วิธีประเมินราคา/,P3,W8,READY,Qualified architecture candidate; implement only with unique page content.,pc_hardware,LOCKED
B0-0395,/บทความ/check-gpu-serial-warranty-before-selling/,guide,Guide,/บทความ/,/บริการ/รับซื้อการ์ดจอ-อุบล/,เช็ก Serial และประกันการ์ดจอก่อนขาย,,,,,,,3,0.0,0.0,,3,3,4,4,3,20,1,0,1,ขั้นตอนตรวจจริงที่ช่วยให้ผู้ขายเตรียมข้อมูลก่อนประเมินและเชื่อมตรงไป money page,/บทความ/; /บริการ/รับซื้อการ์ดจอ-อุบล/,/บริการ/รับซื้อการ์ดจอ-อุบล/; /วิธีประเมินราคา/,P3,W8,READY,Qualified architecture candidate; implement only with unique page content.,pc_hardware,LOCKED
B0-0396,/บทความ/check-camera-lens-fungus-before-selling/,guide,Guide,/บทความ/,/บริการ/รับซื้อเลนส์กล้อง-อุบล/,วิธีเช็กเลนส์ขึ้นราก่อนขาย,,,,,,,3,0.0,0.0,,3,3,4,4,3,20,1,0,1,ขั้นตอนตรวจจริงที่ช่วยให้ผู้ขายเตรียมข้อมูลก่อนประเมินและเชื่อมตรงไป money page,/บทความ/; /บริการ/รับซื้อเลนส์กล้อง-อุบล/,/บริการ/รับซื้อเลนส์กล้อง-อุบล/; /วิธีประเมินราคา/,P3,W8,READY,Qualified architecture candidate; implement only with unique page content.,camera_lens,LOCKED
B0-0397,/บทความ/check-camera-sensor-before-selling/,guide,Guide,/บทความ/,/บริการ/รับซื้อกล้อง-อุบล/,วิธีเช็กเซนเซอร์กล้องก่อนขาย,,,,,,,3,0.0,0.0,,3,3,4,4,3,20,1,0,1,ขั้นตอนตรวจจริงที่ช่วยให้ผู้ขายเตรียมข้อมูลก่อนประเมินและเชื่อมตรงไป money page,/บทความ/; /บริการ/รับซื้อกล้อง-อุบล/,/บริการ/รับซื้อกล้อง-อุบล/; /วิธีประเมินราคา/,P3,W8,READY,Qualified architecture candidate; implement only with unique page content.,camera,LOCKED
B0-0398,/บทความ/check-ps5-dualsense-before-selling/,guide,Guide,/บทความ/,/บริการ/รับซื้อ-ps5-อุบล/,เช็กจอย DualSense และ PS5 ก่อนขาย,,,,,,,3,0.0,0.0,,3,3,4,4,3,20,1,0,1,ขั้นตอนตรวจจริงที่ช่วยให้ผู้ขายเตรียมข้อมูลก่อนประเมินและเชื่อมตรงไป money page,/บทความ/; /บริการ/รับซื้อ-ps5-อุบล/,/บริการ/รับซื้อ-ps5-อุบล/; /วิธีประเมินราคา/,P3,W8,READY,Qualified architecture candidate; implement only with unique page content.,gaming,LOCKED
B0-0399,/บทความ/check-switch-joycon-before-selling/,guide,Guide,/บทความ/,/บริการ/รับซื้อ-nintendo-switch-อุบล/,เช็ก Joy-Con และ Nintendo Switch ก่อนขาย,,,,,,,3,0.0,0.0,,3,3,4,4,3,20,1,0,1,ขั้นตอนตรวจจริงที่ช่วยให้ผู้ขายเตรียมข้อมูลก่อนประเมินและเชื่อมตรงไป money page,/บทความ/; /บริการ/รับซื้อ-nintendo-switch-อุบล/,/บริการ/รับซื้อ-nintendo-switch-อุบล/; /วิธีประเมินราคา/,P3,W8,READY,Qualified architecture candidate; implement only with unique page content.,gaming,LOCKED
B0-0400,/บทความ/prepare-corporate-it-asset-list-before-selling/,guide,Guide,/บทความ/,/บริการ/รับซื้ออุปกรณ์ไอทียกล็อต-อุบล/,เตรียม Asset List สินค้าไอทีบริษัทก่อนขายยกล็อต,,,,,,,3,0.0,0.0,,3,3,4,4,3,20,1,0,1,ขั้นตอนตรวจจริงที่ช่วยให้ผู้ขายเตรียมข้อมูลก่อนประเมินและเชื่อมตรงไป money page,/บทความ/; /บริการ/รับซื้ออุปกรณ์ไอทียกล็อต-อุบล/,/บริการ/รับซื้ออุปกรณ์ไอทียกล็อต-อุบล/; /วิธีประเมินราคา/,P3,W8,READY,Qualified architecture candidate; implement only with unique page content.,b2b_lot,LOCKED
B0-0401,/บทความ/wipe-windows-pc-before-selling/,guide,Guide,/บทความ/,/บริการ/รับซื้อคอมพิวเตอร์-อุบล/,ล้างข้อมูล Windows PC ก่อนขายอย่างปลอดภัย,,,,,,,3,0.0,0.0,,3,3,4,4,3,20,1,0,1,ขั้นตอนตรวจจริงที่ช่วยให้ผู้ขายเตรียมข้อมูลก่อนประเมินและเชื่อมตรงไป money page,/บทความ/; /บริการ/รับซื้อคอมพิวเตอร์-อุบล/,/บริการ/รับซื้อคอมพิวเตอร์-อุบล/; /วิธีประเมินราคา/,P3,W8,READY,Qualified architecture candidate; implement only with unique page content.,computer,LOCKED
B0-0402,/บริการ/รับซื้อมือถือ-เมืองอุบล/,local_service,Local/District×Service,/พื้นที่/mueang-ubon-ratchathani/,/บริการ/รับซื้อมือถือ-อุบล/,รับซื้อ มือถือ เมืองอุบล,,mueang-ubon-ratchathani,,,,,4,0.0,0.0,,5,5,3,2,2,21,5,4,3,ยังไม่เห็นความแตกต่างชัดจาก province-wide money page,/พื้นที่/mueang-ubon-ratchathani/,,HOLD,W6,HOLD,เมืองอุบลมี intent ทับกับ core money page '...อุบล' สูง ต้องมี Query×Page หรือ local differentiation ก่อน,mobile,LOCKED
B0-0403,/บริการ/รับซื้อ-iphone-เมืองอุบล/,local_service,Local/District×Service,/พื้นที่/mueang-ubon-ratchathani/,/บริการ/รับซื้อ-iphone-อุบล/,รับซื้อ iPhone เมืองอุบล,,mueang-ubon-ratchathani,,,,,4,0.0,0.0,,5,5,3,2,2,21,5,4,3,ยังไม่เห็นความแตกต่างชัดจาก province-wide money page,/พื้นที่/mueang-ubon-ratchathani/,,HOLD,W6,HOLD,เมืองอุบลมี intent ทับกับ core money page '...อุบล' สูง ต้องมี Query×Page หรือ local differentiation ก่อน,mobile,LOCKED
B0-0404,/บริการ/รับซื้อโน้ตบุ๊ก-เมืองอุบล/,local_service,Local/District×Service,/พื้นที่/mueang-ubon-ratchathani/,/บริการ/รับซื้อโน้ตบุ๊ก-อุบล/,รับซื้อ โน้ตบุ๊ก เมืองอุบล,,mueang-ubon-ratchathani,,,,,4,0.0,0.0,,5,5,3,2,2,21,5,4,3,ยังไม่เห็นความแตกต่างชัดจาก province-wide money page,/พื้นที่/mueang-ubon-ratchathani/,,HOLD,W6,HOLD,เมืองอุบลมี intent ทับกับ core money page '...อุบล' สูง ต้องมี Query×Page หรือ local differentiation ก่อน,notebook,LOCKED
B0-0405,/บริการ/รับซื้อคอมพิวเตอร์-เมืองอุบล/,local_service,Local/District×Service,/พื้นที่/mueang-ubon-ratchathani/,/บริการ/รับซื้อคอมพิวเตอร์-อุบล/,รับซื้อ คอมพิวเตอร์ เมืองอุบล,,mueang-ubon-ratchathani,,,,,4,0.0,0.0,,5,5,3,2,2,21,5,4,3,ยังไม่เห็นความแตกต่างชัดจาก province-wide money page,/พื้นที่/mueang-ubon-ratchathani/,,HOLD,W6,HOLD,เมืองอุบลมี intent ทับกับ core money page '...อุบล' สูง ต้องมี Query×Page หรือ local differentiation ก่อน,computer,LOCKED
B0-0406,/บริการ/รับซื้อ-ipad-เมืองอุบล/,local_service,Local/District×Service,/พื้นที่/mueang-ubon-ratchathani/,/บริการ/รับซื้อ-ipad-อุบล/,รับซื้อ iPad เมืองอุบล,,mueang-ubon-ratchathani,,,,,4,0.0,0.0,,5,5,3,2,2,21,5,4,3,ยังไม่เห็นความแตกต่างชัดจาก province-wide money page,/พื้นที่/mueang-ubon-ratchathani/,,HOLD,W6,HOLD,เมืองอุบลมี intent ทับกับ core money page '...อุบล' สูง ต้องมี Query×Page หรือ local differentiation ก่อน,tablet,LOCKED
B0-0407,/บริการ/รับซื้อมือถือ-ตาลสุม/,local_service,Local/District×Service,/พื้นที่/tan-sum/,/บริการ/รับซื้อมือถือ-อุบล/,รับซื้อมือถือ ตาลสุม,,tan-sum,,,,,2,0.0,0.0,,5,5,3,2,2,19,2,4,3,ต้องพิสูจน์ operational/local content เพิ่มก่อน,/พื้นที่/tan-sum/,,HOLD,W6,HOLD,District evidence ยังต่ำหรือ unique local content ยังไม่พอสำหรับ release wave แรก,mobile,LOCKED
B0-0408,/บริการ/รับซื้อมือถือ-สว่างวีระวงศ์/,local_service,Local/District×Service,/พื้นที่/sawang-wirawong/,/บริการ/รับซื้อมือถือ-อุบล/,รับซื้อมือถือ สว่างวีระวงศ์,,sawang-wirawong,,,,,2,0.0,0.0,,5,5,3,2,2,19,2,4,3,ต้องพิสูจน์ operational/local content เพิ่มก่อน,/พื้นที่/sawang-wirawong/,,HOLD,W6,HOLD,District evidence ยังต่ำหรือ unique local content ยังไม่พอสำหรับ release wave แรก,mobile,LOCKED
B0-0409,/บริการ/รับซื้อมือถือ-เหล่าเสือโก้ก/,local_service,Local/District×Service,/พื้นที่/lao-suea-kok/,/บริการ/รับซื้อมือถือ-อุบล/,รับซื้อมือถือ เหล่าเสือโก้ก,,lao-suea-kok,,,,,2,0.0,0.0,,5,5,3,2,2,19,2,4,3,ต้องพิสูจน์ operational/local content เพิ่มก่อน,/พื้นที่/lao-suea-kok/,,HOLD,W6,HOLD,District evidence ยังต่ำหรือ unique local content ยังไม่พอสำหรับ release wave แรก,mobile,LOCKED
B0-0410,/บริการ/รับซื้อมือถือ-ทุ่งศรีอุดม/,local_service,Local/District×Service,/พื้นที่/thung-si-udom/,/บริการ/รับซื้อมือถือ-อุบล/,รับซื้อมือถือ ทุ่งศรีอุดม,,thung-si-udom,,,,,2,0.0,0.0,,5,5,3,2,2,19,2,4,3,ต้องพิสูจน์ operational/local content เพิ่มก่อน,/พื้นที่/thung-si-udom/,,HOLD,W6,HOLD,District evidence ยังต่ำหรือ unique local content ยังไม่พอสำหรับ release wave แรก,mobile,LOCKED
B0-0411,/บริการ/รับซื้อมือถือ-นาตาล/,local_service,Local/District×Service,/พื้นที่/na-tan/,/บริการ/รับซื้อมือถือ-อุบล/,รับซื้อมือถือ นาตาล,,na-tan,,,,,2,0.0,0.0,,5,5,3,2,2,19,2,4,3,ต้องพิสูจน์ operational/local content เพิ่มก่อน,/พื้นที่/na-tan/,,HOLD,W6,HOLD,District evidence ยังต่ำหรือ unique local content ยังไม่พอสำหรับ release wave แรก,mobile,LOCKED
B0-0412,/บริการ/รับซื้อมือถือ-นาเยีย/,local_service,Local/District×Service,/พื้นที่/na-yia/,/บริการ/รับซื้อมือถือ-อุบล/,รับซื้อมือถือ นาเยีย,,na-yia,,,,,2,0.0,0.0,,5,5,3,2,2,19,2,4,3,ต้องพิสูจน์ operational/local content เพิ่มก่อน,/พื้นที่/na-yia/,,HOLD,W6,HOLD,District evidence ยังต่ำหรือ unique local content ยังไม่พอสำหรับ release wave แรก,mobile,LOCKED
B0-0413,/บริการ/รับซื้อมือถือ-ดอนมดแดง/,local_service,Local/District×Service,/พื้นที่/don-mot-daeng/,/บริการ/รับซื้อมือถือ-อุบล/,รับซื้อมือถือ ดอนมดแดง,,don-mot-daeng,,,,,2,0.0,0.0,,5,5,3,2,2,19,2,4,3,ต้องพิสูจน์ operational/local content เพิ่มก่อน,/พื้นที่/don-mot-daeng/,,HOLD,W6,HOLD,District evidence ยังต่ำหรือ unique local content ยังไม่พอสำหรับ release wave แรก,mobile,LOCKED
B0-0414,/พื้นที่/central-ubon/,landmark,Local/Landmark,/พื้นที่/,/พื้นที่/,รับซื้อไอที เซ็นทรัลอุบล,,,,,,,0,0.0,0.0,,2,4,1,1,1,9,3,5,5,ไม่มีหลักฐาน search demand/operational necessity ใน Batch 0,/พื้นที่/,,REJECT,,REJECT,ไม่สร้าง landmark page เพื่อเพิ่มจำนวน URL; เสี่ยง doorway/thin content,non_core_local,LOCKED
B0-0415,/พื้นที่/ubon-airport/,landmark,Local/Landmark,/พื้นที่/,/พื้นที่/,รับซื้อไอที สนามบินอุบล,,,,,,,0,0.0,0.0,,2,4,1,1,1,9,3,5,5,ไม่มีหลักฐาน search demand/operational necessity ใน Batch 0,/พื้นที่/,,REJECT,,REJECT,ไม่สร้าง landmark page เพื่อเพิ่มจำนวน URL; เสี่ยง doorway/thin content,non_core_local,LOCKED
B0-0416,/พื้นที่/big-c-ubon/,landmark,Local/Landmark,/พื้นที่/,/พื้นที่/,รับซื้อไอที บิ๊กซีอุบล,,,,,,,0,0.0,0.0,,2,4,1,1,1,9,3,5,5,ไม่มีหลักฐาน search demand/operational necessity ใน Batch 0,/พื้นที่/,,REJECT,,REJECT,ไม่สร้าง landmark page เพื่อเพิ่มจำนวน URL; เสี่ยง doorway/thin content,non_core_local,LOCKED
B0-0417,/พื้นที่/lotus-ubon/,landmark,Local/Landmark,/พื้นที่/,/พื้นที่/,รับซื้อไอที โลตัสอุบล,,,,,,,0,0.0,0.0,,2,4,1,1,1,9,3,5,5,ไม่มีหลักฐาน search demand/operational necessity ใน Batch 0,/พื้นที่/,,REJECT,,REJECT,ไม่สร้าง landmark page เพื่อเพิ่มจำนวน URL; เสี่ยง doorway/thin content,non_core_local,LOCKED
B0-0418,/พื้นที่/warin-market/,landmark,Local/Landmark,/พื้นที่/,/พื้นที่/,รับซื้อไอที ตลาดวาริน,,,,,,,0,0.0,0.0,,2,4,1,1,1,9,3,5,5,ไม่มีหลักฐาน search demand/operational necessity ใน Batch 0,/พื้นที่/,,REJECT,,REJECT,ไม่สร้าง landmark page เพื่อเพิ่มจำนวน URL; เสี่ยง doorway/thin content,non_core_local,LOCKED
B0-0419,/ผลงาน/candidate-real-proof-1/,proof,Proof,/ผลงาน/,/ผลงาน/,เคสผลงานจริง candidate 1,,,,,,,0,0.0,0.0,,2,3,2,1,2,10,0,1,5,ต้องมีรูป/รายการ/วันที่/พื้นที่/รายละเอียดธุรกรรมจริงก่อน,/ผลงาน/,,HOLD,W9,HOLD,ห้ามสร้างจนกว่าจะมี evidence จริง; placeholder สำหรับ architecture เท่านั้น,non_core_proof,LOCKED
B0-0420,/ผลงาน/candidate-real-proof-2/,proof,Proof,/ผลงาน/,/ผลงาน/,เคสผลงานจริง candidate 2,,,,,,,0,0.0,0.0,,2,3,2,1,2,10,0,1,5,ต้องมีรูป/รายการ/วันที่/พื้นที่/รายละเอียดธุรกรรมจริงก่อน,/ผลงาน/,,HOLD,W9,HOLD,ห้ามสร้างจนกว่าจะมี evidence จริง; placeholder สำหรับ architecture เท่านั้น,non_core_proof,LOCKED
B0-0421,/ผลงาน/candidate-real-proof-3/,proof,Proof,/ผลงาน/,/ผลงาน/,เคสผลงานจริง candidate 3,,,,,,,0,0.0,0.0,,2,3,2,1,2,10,0,1,5,ต้องมีรูป/รายการ/วันที่/พื้นที่/รายละเอียดธุรกรรมจริงก่อน,/ผลงาน/,,HOLD,W9,HOLD,ห้ามสร้างจนกว่าจะมี evidence จริง; placeholder สำหรับ architecture เท่านั้น,non_core_proof,LOCKED
B0-0422,/ผลงาน/candidate-real-proof-4/,proof,Proof,/ผลงาน/,/ผลงาน/,เคสผลงานจริง candidate 4,,,,,,,0,0.0,0.0,,2,3,2,1,2,10,0,1,5,ต้องมีรูป/รายการ/วันที่/พื้นที่/รายละเอียดธุรกรรมจริงก่อน,/ผลงาน/,,HOLD,W9,HOLD,ห้ามสร้างจนกว่าจะมี evidence จริง; placeholder สำหรับ architecture เท่านั้น,non_core_proof,LOCKED
B0-0423,/ผลงาน/candidate-real-proof-5/,proof,Proof,/ผลงาน/,/ผลงาน/,เคสผลงานจริง candidate 5,,,,,,,0,0.0,0.0,,2,3,2,1,2,10,0,1,5,ต้องมีรูป/รายการ/วันที่/พื้นที่/รายละเอียดธุรกรรมจริงก่อน,/ผลงาน/,,HOLD,W9,HOLD,ห้ามสร้างจนกว่าจะมี evidence จริง; placeholder สำหรับ architecture เท่านั้น,non_core_proof,LOCKED
