url,source_file,collection,page_type,intent_type,primary_topic,brand,series,model,condition,district,parent_url,current_http_behavior,canonical_target,self_canonical,indexable,in_sitemap,internal_inlinks,redirect_target,gsc_present,gsc_clicks,gsc_impressions,gsc_ctr,gsc_position,ownership_status,confidence,notes
/,src/pages/index.astro,static,home,commercial_local,รับซื้อสินค้าไอที อุบลราชธานี,,,,,,,GENERATED_CANONICAL_ROUTE,/,EXPECTED_FROM_ROUTE_SOURCE,SOURCE_EXPECTED_TRUE,EXPECTED_TRUE_BUILD_NOT_FRESHLY_VERIFIED,1197485,,True,82.0,1120.0,0.0732142857142857,6.61,PROTECT_WINNER,HIGH,Source-derived current route; fresh Astro build unavailable in this environment.
/คำถามที่พบบ่อย/,src/pages/คำถามที่พบบ่อย.astro,static,utility,utility,คำถามที่พบบ่อย,,,,,,,GENERATED_CANONICAL_ROUTE,/คำถามที่พบบ่อย/,EXPECTED_FROM_ROUTE_SOURCE,SOURCE_EXPECTED_TRUE,EXPECTED_TRUE_BUILD_NOT_FRESHLY_VERIFIED,2,,True,0.0,17.0,0.0,14.12,KEEP_SUPPORT,MEDIUM,Source-derived current route; fresh Astro build unavailable in this environment.
/ตัวอย่างเคสประเมิน/,src/pages/ตัวอย่างเคสประเมิน/index.astro,static,hub,proof_hub,ตัวอย่างเคสประเมิน,,,,,,,GENERATED_CANONICAL_ROUTE,/ตัวอย่างเคสประเมิน/,EXPECTED_FROM_ROUTE_SOURCE,SOURCE_EXPECTED_TRUE,EXPECTED_TRUE_BUILD_NOT_FRESHLY_VERIFIED,113,,True,0.0,1.0,0.0,3.0,KEEP_SUPPORT,MEDIUM,Source-derived current route; fresh Astro build unavailable in this environment.
/ตัวอย่างเคสประเมิน/case-fujifilm-canon-creator-camera/,src/content/examples/fujifilm-canon-creator-camera-example.md,examples,example,proof_support,ตัวอย่างเคสประเมินราคากล้อง Fujifilm หรือ Canon จากครีเอเตอร์,,,,,,/ตัวอย่างเคสประเมิน/,GENERATED_CANONICAL_ROUTE,/ตัวอย่างเคสประเมิน/case-fujifilm-canon-creator-camera/,EXPECTED_FROM_ROUTE_SOURCE,SOURCE_EXPECTED_TRUE,EXPECTED_TRUE_BUILD_NOT_FRESHLY_VERIFIED,2,,False,0.0,0.0,0.0,,KEEP_SUPPORT,MEDIUM,Source-derived current route; fresh Astro build unavailable in this environment.
/ตัวอย่างเคสประเมิน/case-gaming-cafe-pc-gpu-monitor/,src/content/examples/gaming-cafe-pc-gpu-monitor-example.md,examples,example,proof_support,ตัวอย่างเคสประเมินราคาคอมร้านเกม การ์ดจอ และจอเกมมิ่ง,,,,,,/ตัวอย่างเคสประเมิน/,GENERATED_CANONICAL_ROUTE,/ตัวอย่างเคสประเมิน/case-gaming-cafe-pc-gpu-monitor/,EXPECTED_FROM_ROUTE_SOURCE,SOURCE_EXPECTED_TRUE,EXPECTED_TRUE_BUILD_NOT_FRESHLY_VERIFIED,6,,False,0.0,0.0,0.0,,KEEP_SUPPORT,MEDIUM,Source-derived current route; fresh Astro build unavailable in this environment.
/ตัวอย่างเคสประเมิน/case-gaming-notebook-det-udom/,src/content/examples/gaming-notebook-det-udom-example.md,examples,example,proof_support,ตัวอย่างเคสประเมินราคาโน้ตบุ๊กเกมมิ่งที่เดชอุดม,,,,,,/ตัวอย่างเคสประเมิน/,GENERATED_CANONICAL_ROUTE,/ตัวอย่างเคสประเมิน/case-gaming-notebook-det-udom/,EXPECTED_FROM_ROUTE_SOURCE,SOURCE_EXPECTED_TRUE,EXPECTED_TRUE_BUILD_NOT_FRESHLY_VERIFIED,0,,False,0.0,0.0,0.0,,KEEP_SUPPORT,MEDIUM,Source-derived current route; fresh Astro build unavailable in this environment.
/ตัวอย่างเคสประเมิน/case-ipad-gen-10-apple-pencil-student/,src/content/examples/ipad-gen-10-apple-pencil-student-example.md,examples,example,proof_support,ตัวอย่างเคสประเมินราคา iPad Gen 10 พร้อม Apple Pencil จากนักศึกษา,,,,,,/ตัวอย่างเคสประเมิน/,GENERATED_CANONICAL_ROUTE,/ตัวอย่างเคสประเมิน/case-ipad-gen-10-apple-pencil-student/,EXPECTED_FROM_ROUTE_SOURCE,SOURCE_EXPECTED_TRUE,EXPECTED_TRUE_BUILD_NOT_FRESHLY_VERIFIED,4,,False,0.0,0.0,0.0,,KEEP_SUPPORT,MEDIUM,Source-derived current route; fresh Astro build unavailable in this environment.
/ตัวอย่างเคสประเมิน/case-ipad-pro-ubon-university/,src/content/examples/ipad-pro-ubon-university-example.md,examples,example,proof_support,ตัวอย่างเคสประเมินราคา iPad Pro แถว ม.อุบล วารินชำราบ,,,,,,/ตัวอย่างเคสประเมิน/,GENERATED_CANONICAL_ROUTE,/ตัวอย่างเคสประเมิน/case-ipad-pro-ubon-university/,EXPECTED_FROM_ROUTE_SOURCE,SOURCE_EXPECTED_TRUE,EXPECTED_TRUE_BUILD_NOT_FRESHLY_VERIFIED,10,,True,0.0,3.0,0.0,18.0,KEEP_SUPPORT,MEDIUM,Source-derived current route; fresh Astro build unavailable in this environment.
/ตัวอย่างเคสประเมิน/case-iphone-15-pro-max-mueang-ubon/,src/content/examples/iphone-15-pro-max-mueang-ubon-example.md,examples,example,proof_support,ตัวอย่างเคสประเมินราคา iPhone 15 Pro Max ที่เมืองอุบลราชธานี,,,,,,/ตัวอย่างเคสประเมิน/,GENERATED_CANONICAL_ROUTE,/ตัวอย่างเคสประเมิน/case-iphone-15-pro-max-mueang-ubon/,EXPECTED_FROM_ROUTE_SOURCE,SOURCE_EXPECTED_TRUE,EXPECTED_TRUE_BUILD_NOT_FRESHLY_VERIFIED,6,,False,0.0,0.0,0.0,,KEEP_SUPPORT,MEDIUM,Source-derived current route; fresh Astro build unavailable in this environment.
/ตัวอย่างเคสประเมิน/case-macbook-air-m1-warin-chamrap/,src/content/examples/macbook-air-m1-warin-example.md,examples,example,proof_support,ตัวอย่างเคสประเมินราคา MacBook Air M1 ที่วารินชำราบ,,,,,,/ตัวอย่างเคสประเมิน/,GENERATED_CANONICAL_ROUTE,/ตัวอย่างเคสประเมิน/case-macbook-air-m1-warin-chamrap/,EXPECTED_FROM_ROUTE_SOURCE,SOURCE_EXPECTED_TRUE,EXPECTED_TRUE_BUILD_NOT_FRESHLY_VERIFIED,0,,False,0.0,0.0,0.0,,KEEP_SUPPORT,MEDIUM,Source-derived current route; fresh Astro build unavailable in this environment.
/ตัวอย่างเคสประเมิน/case-macbook-air-m2-ubon-university/,src/content/examples/macbook-air-m2-ubon-university-example.md,examples,example,proof_support,ตัวอย่างเคสประเมินราคา MacBook Air M2 แถว ม.อุบล,,,,,,/ตัวอย่างเคสประเมิน/,GENERATED_CANONICAL_ROUTE,/ตัวอย่างเคสประเมิน/case-macbook-air-m2-ubon-university/,EXPECTED_FROM_ROUTE_SOURCE,SOURCE_EXPECTED_TRUE,EXPECTED_TRUE_BUILD_NOT_FRESHLY_VERIFIED,8,,False,0.0,0.0,0.0,,KEEP_SUPPORT,MEDIUM,Source-derived current route; fresh Astro build unavailable in this environment.
/ตัวอย่างเคสประเมิน/case-notebook-lot-company-warin/,src/content/examples/notebook-lot-company-warin-example.md,examples,example,proof_support,ตัวอย่างเคสประเมินราคาโน้ตบุ๊กยกล็อตจากบริษัทในวารินชำราบ,,,,,,/ตัวอย่างเคสประเมิน/,GENERATED_CANONICAL_ROUTE,/ตัวอย่างเคสประเมิน/case-notebook-lot-company-warin/,EXPECTED_FROM_ROUTE_SOURCE,SOURCE_EXPECTED_TRUE,EXPECTED_TRUE_BUILD_NOT_FRESHLY_VERIFIED,6,,False,0.0,0.0,0.0,,KEEP_SUPPORT,MEDIUM,Source-derived current route; fresh Astro build unavailable in this environment.
/ตัวอย่างเคสประเมิน/case-office-computer-8-units-khueang-nai/,src/content/examples/b2b-computer-lot-khueang-nai-example.md,examples,example,proof_support,ตัวอย่างเคสประเมินราคาคอมบริษัท 8 เครื่องที่เขื่องใน,,,,,,/ตัวอย่างเคสประเมิน/,GENERATED_CANONICAL_ROUTE,/ตัวอย่างเคสประเมิน/case-office-computer-8-units-khueang-nai/,EXPECTED_FROM_ROUTE_SOURCE,SOURCE_EXPECTED_TRUE,EXPECTED_TRUE_BUILD_NOT_FRESHLY_VERIFIED,0,,False,0.0,0.0,0.0,,KEEP_SUPPORT,MEDIUM,Source-derived current route; fresh Astro build unavailable in this environment.
/ตัวอย่างเคสประเมิน/case-office-computer-lot-mueang-ubon/,src/content/examples/office-computer-lot-mueang-ubon-example.md,examples,example,proof_support,ตัวอย่างเคสประเมินราคาคอมสำนักงานหลายเครื่องในเมืองอุบล,,,,,,/ตัวอย่างเคสประเมิน/,GENERATED_CANONICAL_ROUTE,/ตัวอย่างเคสประเมิน/case-office-computer-lot-mueang-ubon/,EXPECTED_FROM_ROUTE_SOURCE,SOURCE_EXPECTED_TRUE,EXPECTED_TRUE_BUILD_NOT_FRESHLY_VERIFIED,8,,False,0.0,0.0,0.0,,KEEP_SUPPORT,MEDIUM,Source-derived current route; fresh Astro build unavailable in this environment.
/ตัวอย่างเคสประเมิน/case-oppo-vivo-upgrade-phone/,src/content/examples/oppo-vivo-upgrade-phone-example.md,examples,example,proof_support,ตัวอย่างเคสประเมินราคา OPPO และ vivo มือสองจากลูกค้าเปลี่ยนเครื่อง,,,,,,/ตัวอย่างเคสประเมิน/,GENERATED_CANONICAL_ROUTE,/ตัวอย่างเคสประเมิน/case-oppo-vivo-upgrade-phone/,EXPECTED_FROM_ROUTE_SOURCE,SOURCE_EXPECTED_TRUE,EXPECTED_TRUE_BUILD_NOT_FRESHLY_VERIFIED,2,,False,0.0,0.0,0.0,,KEEP_SUPPORT,MEDIUM,Source-derived current route; fresh Astro build unavailable in this environment.
/ตัวอย่างเคสประเมิน/case-ps5-rog-ally-secondhand-ubon/,src/content/examples/ps5-rog-ally-secondhand-ubon-example.md,examples,example,proof_support,ตัวอย่างเคสประเมินราคา PS5 หรือ ROG Ally มือสองในอุบล,,,,,,/ตัวอย่างเคสประเมิน/,GENERATED_CANONICAL_ROUTE,/ตัวอย่างเคสประเมิน/case-ps5-rog-ally-secondhand-ubon/,EXPECTED_FROM_ROUTE_SOURCE,SOURCE_EXPECTED_TRUE,EXPECTED_TRUE_BUILD_NOT_FRESHLY_VERIFIED,4,,False,0.0,0.0,0.0,,KEEP_SUPPORT,MEDIUM,Source-derived current route; fresh Astro build unavailable in this environment.
/ตัวอย่างเคสประเมิน/case-samsung-galaxy-s-ultra-warin/,src/content/examples/samsung-galaxy-s-ultra-warin-example.md,examples,example,proof_support,ตัวอย่างเคสประเมินราคา Samsung Galaxy S Ultra แถววารินชำราบ,,,,,,/ตัวอย่างเคสประเมิน/,GENERATED_CANONICAL_ROUTE,/ตัวอย่างเคสประเมิน/case-samsung-galaxy-s-ultra-warin/,EXPECTED_FROM_ROUTE_SOURCE,SOURCE_EXPECTED_TRUE,EXPECTED_TRUE_BUILD_NOT_FRESHLY_VERIFIED,2,,False,0.0,0.0,0.0,,KEEP_SUPPORT,MEDIUM,Source-derived current route; fresh Astro build unavailable in this environment.
/ตัวอย่างเคสประเมิน/case-sony-a7-phibun-mangsahan/,src/content/examples/sony-a7-phibun-example.md,examples,example,proof_support,ตัวอย่างเคสประเมินราคากล้อง Sony A7 ที่พิบูลมังสาหาร,,,,,,/ตัวอย่างเคสประเมิน/,GENERATED_CANONICAL_ROUTE,/ตัวอย่างเคสประเมิน/case-sony-a7-phibun-mangsahan/,EXPECTED_FROM_ROUTE_SOURCE,SOURCE_EXPECTED_TRUE,EXPECTED_TRUE_BUILD_NOT_FRESHLY_VERIFIED,0,,False,0.0,0.0,0.0,,KEEP_SUPPORT,MEDIUM,Source-derived current route; fresh Astro build unavailable in this environment.
/ตัวอย่างเคสประเมิน/case-sony-camera-with-lens-ubon/,src/content/examples/sony-camera-with-lens-ubon-example.md,examples,example,proof_support,ตัวอย่างเคสประเมินราคากล้อง Sony พร้อมเลนส์ในอุบล,,,,,,/ตัวอย่างเคสประเมิน/,GENERATED_CANONICAL_ROUTE,/ตัวอย่างเคสประเมิน/case-sony-camera-with-lens-ubon/,EXPECTED_FROM_ROUTE_SOURCE,SOURCE_EXPECTED_TRUE,EXPECTED_TRUE_BUILD_NOT_FRESHLY_VERIFIED,4,,False,0.0,0.0,0.0,,KEEP_SUPPORT,MEDIUM,Source-derived current route; fresh Astro build unavailable in this environment.
/ติดต่อ/,src/pages/ติดต่อ.astro,static,utility,utility,ติดต่อ,,,,,,,GENERATED_CANONICAL_ROUTE,/ติดต่อ/,EXPECTED_FROM_ROUTE_SOURCE,SOURCE_EXPECTED_TRUE,EXPECTED_TRUE_BUILD_NOT_FRESHLY_VERIFIED,1,,True,1.0,42.0,0.0238095238095238,8.79,KEEP_SUPPORT,MEDIUM,Source-derived current route; fresh Astro build unavailable in this environment.
/นโยบายความเป็นส่วนตัว/,src/pages/นโยบายความเป็นส่วนตัว.astro,static,utility,utility,นโยบายความเป็นส่วนตัว,,,,,,,GENERATED_CANONICAL_ROUTE,/นโยบายความเป็นส่วนตัว/,EXPECTED_FROM_ROUTE_SOURCE,SOURCE_EXPECTED_TRUE,EXPECTED_TRUE_BUILD_NOT_FRESHLY_VERIFIED,2,,False,0.0,0.0,0.0,,KEEP_SUPPORT,MEDIUM,Source-derived current route; fresh Astro build unavailable in this environment.
/บทความ/,src/pages/บทความ/index.astro,static,hub,informational_hub,บทความ,,,,,,,GENERATED_CANONICAL_ROUTE,/บทความ/,EXPECTED_FROM_ROUTE_SOURCE,SOURCE_EXPECTED_TRUE,EXPECTED_TRUE_BUILD_NOT_FRESHLY_VERIFIED,93,,True,0.0,10.0,0.0,9.6,KEEP_SUPPORT,MEDIUM,Source-derived current route; fresh Astro build unavailable in this environment.
/บทความ/apple-watch-unpair/,src/content/blog/apple-watch-unpair.md,blog,guide,informational_support,วิธีเลิกจับคู่ (Unpair) Apple Watch อย่างถูกต้องก่อนนำไปขาย,,,,,,/บทความ/,GENERATED_CANONICAL_ROUTE,/บทความ/apple-watch-unpair/,EXPECTED_FROM_ROUTE_SOURCE,SOURCE_EXPECTED_TRUE,EXPECTED_TRUE_BUILD_NOT_FRESHLY_VERIFIED,0,,True,0.0,83.0,0.0,8.99,KEEP_SUPPORT,MEDIUM,Source-derived current route; fresh Astro build unavailable in this environment.
/บทความ/camera-shutter-count/,src/content/blog/camera-shutter-count.md,blog,guide,informational_support,ยอดชัตเตอร์กล้อง (Shutter Count) คืออะไร? ทำไมมีผลกับราคารับซื้อ,,,,,,/บทความ/,GENERATED_CANONICAL_ROUTE,/บทความ/camera-shutter-count/,EXPECTED_FROM_ROUTE_SOURCE,SOURCE_EXPECTED_TRUE,EXPECTED_TRUE_BUILD_NOT_FRESHLY_VERIFIED,6,,True,1.0,59.0,0.0169491525423728,8.53,KEEP_SUPPORT,MEDIUM,Source-derived current route; fresh Astro build unavailable in this environment.
/บทความ/check-game-console-before-selling/,src/content/blog/check-game-console-before-selling.md,blog,guide,informational_support,ขาย PS5 หรือ Nintendo Switch มือสอง ต้องเตรียมอะไรบ้าง,,,,,,/บทความ/,GENERATED_CANONICAL_ROUTE,/บทความ/check-game-console-before-selling/,EXPECTED_FROM_ROUTE_SOURCE,SOURCE_EXPECTED_TRUE,EXPECTED_TRUE_BUILD_NOT_FRESHLY_VERIFIED,6,,False,0.0,0.0,0.0,,KEEP_SUPPORT,MEDIUM,Source-derived current route; fresh Astro build unavailable in this environment.
/บทความ/check-ipad-battery/,src/content/blog/check-ipad-battery.md,blog,guide,informational_support,วิธีเช็ก Battery Health iPhone/iPad ก่อนส่งประเมินราคา,,,,,,/บทความ/,GENERATED_CANONICAL_ROUTE,/บทความ/check-ipad-battery/,EXPECTED_FROM_ROUTE_SOURCE,SOURCE_EXPECTED_TRUE,EXPECTED_TRUE_BUILD_NOT_FRESHLY_VERIFIED,0,,True,0.0,11.0,0.0,9.82,KEEP_SUPPORT,MEDIUM,Source-derived current route; fresh Astro build unavailable in this environment.
/บทความ/check-mirrorless-camera-before-selling/,src/content/blog/check-mirrorless-camera-before-selling.md,blog,guide,informational_support,ขายกล้องมือสองต้องเช็กอะไรบ้างก่อนส่งรูปประเมิน,,,,,,/บทความ/,GENERATED_CANONICAL_ROUTE,/บทความ/check-mirrorless-camera-before-selling/,EXPECTED_FROM_ROUTE_SOURCE,SOURCE_EXPECTED_TRUE,EXPECTED_TRUE_BUILD_NOT_FRESHLY_VERIFIED,14,,True,0.0,3.0,0.0,5.0,KEEP_SUPPORT,MEDIUM,Source-derived current route; fresh Astro build unavailable in this environment.
/บทความ/check-notebook-before-selling/,src/content/blog/check-notebook-before-selling.md,blog,guide,informational_support,"เช็กสเปกโน๊ตบุ๊คก่อนขาย ต้องดู CPU, RAM, SSD และรุ่นอย่างไร",,,,,,/บทความ/,GENERATED_CANONICAL_ROUTE,/บทความ/check-notebook-before-selling/,EXPECTED_FROM_ROUTE_SOURCE,SOURCE_EXPECTED_TRUE,EXPECTED_TRUE_BUILD_NOT_FRESHLY_VERIFIED,10,,True,0.0,1.0,0.0,9.0,KEEP_SUPPORT,MEDIUM,Source-derived current route; fresh Astro build unavailable in this environment.
/บทความ/check-pc-spec-before-selling/,src/content/blog/check-pc-spec-before-selling.md,blog,guide,informational_support,เช็กสเปกคอมก่อนขาย ต้องดู CPU RAM SSD GPU ยังไง,,,,,,/บทความ/,GENERATED_CANONICAL_ROUTE,/บทความ/check-pc-spec-before-selling/,EXPECTED_FROM_ROUTE_SOURCE,SOURCE_EXPECTED_TRUE,EXPECTED_TRUE_BUILD_NOT_FRESHLY_VERIFIED,6,,True,0.0,8.0,0.0,6.12,KEEP_SUPPORT,MEDIUM,Source-derived current route; fresh Astro build unavailable in this environment.
/บทความ/game-console-condition/,src/content/blog/game-console-condition.md,blog,guide,informational_support,"PS5, Nintendo Switch มือสอง ก่อนขายควรเตรียมอะไรบ้าง",,,,,,/บทความ/,GENERATED_CANONICAL_ROUTE,/บทความ/game-console-condition/,EXPECTED_FROM_ROUTE_SOURCE,SOURCE_EXPECTED_TRUE,EXPECTED_TRUE_BUILD_NOT_FRESHLY_VERIFIED,0,,False,0.0,0.0,0.0,,KEEP_SUPPORT,MEDIUM,Source-derived current route; fresh Astro build unavailable in this environment.
/บทความ/gpu-mining-before-selling/,src/content/blog/gpu-mining-before-selling.md,blog,guide,informational_support,การ์ดจอขุดเหมืองขายได้ไหม ก่อนขายต้องเช็กอะไรบ้าง,,,,,,/บทความ/,GENERATED_CANONICAL_ROUTE,/บทความ/gpu-mining-before-selling/,EXPECTED_FROM_ROUTE_SOURCE,SOURCE_EXPECTED_TRUE,EXPECTED_TRUE_BUILD_NOT_FRESHLY_VERIFIED,4,,False,0.0,0.0,0.0,,KEEP_SUPPORT,MEDIUM,Source-derived current route; fresh Astro build unavailable in this environment.
/บทความ/gpu-second-hand/,src/content/blog/gpu-second-hand.md,blog,guide,informational_support,ขายการ์ดจอมือสอง ต้องเตรียมข้อมูลอะไรบ้าง,,,,,,/บทความ/,GENERATED_CANONICAL_ROUTE,/บทความ/gpu-second-hand/,EXPECTED_FROM_ROUTE_SOURCE,SOURCE_EXPECTED_TRUE,EXPECTED_TRUE_BUILD_NOT_FRESHLY_VERIFIED,0,,False,0.0,0.0,0.0,,KEEP_SUPPORT,MEDIUM,Source-derived current route; fresh Astro build unavailable in this environment.
/บทความ/iphone-icloud-before-selling/,src/content/blog/iphone-icloud-before-selling.md,blog,guide,informational_support,iPhone ติด iCloud ขายได้ไหม และต้องเตรียมเครื่องอย่างไรก่อนขาย,,,,,,/บทความ/,GENERATED_CANONICAL_ROUTE,/บทความ/iphone-icloud-before-selling/,EXPECTED_FROM_ROUTE_SOURCE,SOURCE_EXPECTED_TRUE,EXPECTED_TRUE_BUILD_NOT_FRESHLY_VERIFIED,0,,True,2.0,140.0,0.0142857142857142,10.5,KEEP_SUPPORT,MEDIUM,Source-derived current route; fresh Astro build unavailable in this environment.
/บทความ/prepare-iphone-for-sale/,src/content/blog/prepare-iphone-for-sale.md,blog,guide,informational_support,วิธีเตรียม iPhone เครื่องเก่าให้พร้อมขาย ได้ราคาดี ไม่มีข้อมูลหลุด,,,,,,/บทความ/,GENERATED_CANONICAL_ROUTE,/บทความ/prepare-iphone-for-sale/,EXPECTED_FROM_ROUTE_SOURCE,SOURCE_EXPECTED_TRUE,EXPECTED_TRUE_BUILD_NOT_FRESHLY_VERIFIED,2,,True,0.0,1.0,0.0,10.0,KEEP_SUPPORT,MEDIUM,Source-derived current route; fresh Astro build unavailable in this environment.
/บทความ/prepare-macbook-trade-in/,src/content/blog/prepare-macbook-trade-in.md,blog,guide,informational_support,วิธีล้างเครื่อง MacBook ก่อนขาย ป้องกันข้อมูลสำคัญรั่วไหล,,,,,,/บทความ/,GENERATED_CANONICAL_ROUTE,/บทความ/prepare-macbook-trade-in/,EXPECTED_FROM_ROUTE_SOURCE,SOURCE_EXPECTED_TRUE,EXPECTED_TRUE_BUILD_NOT_FRESHLY_VERIFIED,2,,False,0.0,0.0,0.0,,KEEP_SUPPORT,MEDIUM,Source-derived current route; fresh Astro build unavailable in this environment.
/บทความ/sell-broken-phone/,src/content/blog/sell-broken-phone.md,blog,guide,informational_support,โทรศัพท์จอแตก แบตเสื่อม หรือเปิดไม่ติด ยังขายได้ไหม? ร้านประเมินราคาอย่างไร,,,,,,/บทความ/,GENERATED_CANONICAL_ROUTE,/บทความ/sell-broken-phone/,EXPECTED_FROM_ROUTE_SOURCE,SOURCE_EXPECTED_TRUE,EXPECTED_TRUE_BUILD_NOT_FRESHLY_VERIFIED,2,,True,0.0,3.0,0.0,7.330000000000001,KEEP_SUPPORT,MEDIUM,Source-derived current route; fresh Astro build unavailable in this environment.
/บทความ/sell-camera-lenses/,src/content/blog/sell-camera-lenses.md,blog,guide,informational_support,ขายเลนส์กล้องมือสอง ดูแลรักษาอย่างไรให้ราคายังปังเมื่อถึงเวลาขาย,,,,,,/บทความ/,GENERATED_CANONICAL_ROUTE,/บทความ/sell-camera-lenses/,EXPECTED_FROM_ROUTE_SOURCE,SOURCE_EXPECTED_TRUE,EXPECTED_TRUE_BUILD_NOT_FRESHLY_VERIFIED,2,,True,0.0,2.0,0.0,7.0,KEEP_SUPPORT,MEDIUM,Source-derived current route; fresh Astro build unavailable in this environment.
/บทความ/sell-gaming-pc/,src/content/blog/sell-gaming-pc.md,blog,guide,informational_support,ขาย PC Gaming ยกเซ็ต หรือแยกชิ้นอะไหล่ขาย แบบไหนคุ้มกว่ากัน?,,,,,,/บทความ/,GENERATED_CANONICAL_ROUTE,/บทความ/sell-gaming-pc/,EXPECTED_FROM_ROUTE_SOURCE,SOURCE_EXPECTED_TRUE,EXPECTED_TRUE_BUILD_NOT_FRESHLY_VERIFIED,0,,True,0.0,3.0,0.0,7.669999999999999,KEEP_SUPPORT,MEDIUM,Source-derived current route; fresh Astro build unavailable in this environment.
/บทความ/sell-it-products-from-ubon-districts/,src/content/blog/sell-it-products-from-ubon-districts.md,blog,guide,informational_support,อยู่ต่างอำเภอในอุบล อยากขายสินค้าไอที ต้องส่งรูปอะไรบ้าง,,,,,,/บทความ/,GENERATED_CANONICAL_ROUTE,/บทความ/sell-it-products-from-ubon-districts/,EXPECTED_FROM_ROUTE_SOURCE,SOURCE_EXPECTED_TRUE,EXPECTED_TRUE_BUILD_NOT_FRESHLY_VERIFIED,8,,True,0.0,2.0,0.0,12.5,KEEP_SUPPORT,MEDIUM,Source-derived current route; fresh Astro build unavailable in this environment.
/บทความ/sell-samsung-galaxy/,src/content/blog/sell-samsung-galaxy.md,blog,guide,informational_support,ขาย Samsung Galaxy S Series/Z Fold มือสอง เช็คตรงไหนบ้างให้ได้ราคาดี,,,,,,/บทความ/,GENERATED_CANONICAL_ROUTE,/บทความ/sell-samsung-galaxy/,EXPECTED_FROM_ROUTE_SOURCE,SOURCE_EXPECTED_TRUE,EXPECTED_TRUE_BUILD_NOT_FRESHLY_VERIFIED,0,,True,0.0,2.0,0.0,14.0,KEEP_SUPPORT,MEDIUM,Source-derived current route; fresh Astro build unavailable in this environment.
/บทความ/sell-smartwatch/,src/content/blog/sell-smartwatch.md,blog,guide,informational_support,"เตรียมขาย Smartwatch ยี่ห้ออื่นๆ (Garmin, Suunto, Samsung) ต้องเช็คความพร้อมตรงไหน",,,,,,/บทความ/,GENERATED_CANONICAL_ROUTE,/บทความ/sell-smartwatch/,EXPECTED_FROM_ROUTE_SOURCE,SOURCE_EXPECTED_TRUE,EXPECTED_TRUE_BUILD_NOT_FRESHLY_VERIFIED,0,,True,0.0,1.0,0.0,9.0,KEEP_SUPPORT,MEDIUM,Source-derived current route; fresh Astro build unavailable in this environment.
/บทความ/sell-speaker-jbl-marshall/,src/content/blog/sell-speaker-jbl-marshall.md,blog,guide,informational_support,"วิธีเช็คสภาพลำโพงบลูทูธ (JBL, Marshall) มือสองก่อนขายต่อ",,,,,,/บทความ/,GENERATED_CANONICAL_ROUTE,/บทความ/sell-speaker-jbl-marshall/,EXPECTED_FROM_ROUTE_SOURCE,SOURCE_EXPECTED_TRUE,EXPECTED_TRUE_BUILD_NOT_FRESHLY_VERIFIED,2,,False,0.0,0.0,0.0,,KEEP_SUPPORT,MEDIUM,Source-derived current route; fresh Astro build unavailable in this environment.
/บทความ/smartphone-box-accessories/,src/content/blog/smartphone-box-accessories.md,blog,guide,informational_support,กล่องและอุปกรณ์เสริมมือถือ หายไป มีผลกับราคารับซื้อแค่ไหน?,,,,,,/บทความ/,GENERATED_CANONICAL_ROUTE,/บทความ/smartphone-box-accessories/,EXPECTED_FROM_ROUTE_SOURCE,SOURCE_EXPECTED_TRUE,EXPECTED_TRUE_BUILD_NOT_FRESHLY_VERIFIED,0,,True,0.0,2.0,0.0,3.0,KEEP_SUPPORT,MEDIUM,Source-derived current route; fresh Astro build unavailable in this environment.
/บทความ/trade-in-vs-sell-cash/,src/content/blog/trade-in-vs-sell-cash.md,blog,guide,informational_support,เทิร์นเครื่องใหม่ vs ขายรับเงินสด แบบไหนตอบโจทย์คุณมากที่สุด?,,,,,,/บทความ/,GENERATED_CANONICAL_ROUTE,/บทความ/trade-in-vs-sell-cash/,EXPECTED_FROM_ROUTE_SOURCE,SOURCE_EXPECTED_TRUE,EXPECTED_TRUE_BUILD_NOT_FRESHLY_VERIFIED,6,,True,0.0,2.0,0.0,6.0,KEEP_SUPPORT,MEDIUM,Source-derived current route; fresh Astro build unavailable in this environment.
/บทความ/ubon-university-student-device-selling-guide/,src/content/blog/ubon-university-student-device-selling-guide.md,blog,guide,informational_support,นักศึกษา ม.อุบล จะขาย iPad หรือ MacBook ต้องเตรียมอะไรบ้าง,,,,,,/บทความ/,GENERATED_CANONICAL_ROUTE,/บทความ/ubon-university-student-device-selling-guide/,EXPECTED_FROM_ROUTE_SOURCE,SOURCE_EXPECTED_TRUE,EXPECTED_TRUE_BUILD_NOT_FRESHLY_VERIFIED,6,,True,0.0,5.0,0.0,7.2,KEEP_SUPPORT,MEDIUM,Source-derived current route; fresh Astro build unavailable in this environment.
/บทความ/ลบข้อมูลก่อนขาย-iphone-ipad-macbook/,src/content/blog/ลบข้อมูลก่อนขาย-iphone-ipad-macbook.md,blog,guide,informational_support,"ลบข้อมูลก่อนขาย iPhone, iPad, MacBook ต้องเตรียมอะไรบ้าง",,,,,,/บทความ/,GENERATED_CANONICAL_ROUTE,/บทความ/ลบข้อมูลก่อนขาย-iphone-ipad-macbook/,EXPECTED_FROM_ROUTE_SOURCE,SOURCE_EXPECTED_TRUE,EXPECTED_TRUE_BUILD_NOT_FRESHLY_VERIFIED,2,,True,0.0,22.0,0.0,8.86,KEEP_SUPPORT,MEDIUM,Source-derived current route; fresh Astro build unavailable in this environment.
/บทความ/วิธีถ่ายรูปสินค้าไอทีส่งประเมินราคา/,src/content/blog/วิธีถ่ายรูปสินค้าไอทีส่งประเมินราคา.md,blog,guide,informational_support,วิธีถ่ายรูปสินค้าไอทีให้ร้านประเมินราคาเบื้องต้นได้ง่ายขึ้น,,,,,,/บทความ/,GENERATED_CANONICAL_ROUTE,/บทความ/วิธีถ่ายรูปสินค้าไอทีส่งประเมินราคา/,EXPECTED_FROM_ROUTE_SOURCE,SOURCE_EXPECTED_TRUE,EXPECTED_TRUE_BUILD_NOT_FRESHLY_VERIFIED,0,,False,0.0,0.0,0.0,,KEEP_SUPPORT,MEDIUM,Source-derived current route; fresh Astro build unavailable in this environment.
/บทความ/เช็ก-cycle-count-macbook-ก่อนขาย/,src/content/blog/เช็ก-cycle-count-macbook-ก่อนขาย.md,blog,guide,informational_support,วิธีเช็ก Cycle Count และ Battery Condition ของ MacBook ก่อนขาย,,,,,,/บทความ/,GENERATED_CANONICAL_ROUTE,/บทความ/เช็ก-cycle-count-macbook-ก่อนขาย/,EXPECTED_FROM_ROUTE_SOURCE,SOURCE_EXPECTED_TRUE,EXPECTED_TRUE_BUILD_NOT_FRESHLY_VERIFIED,2,,True,0.0,31.0,0.0,11.26,KEEP_SUPPORT,MEDIUM,Source-derived current route; fresh Astro build unavailable in this environment.
/บทความ/เตรียมขายคอมบริษัทเก่า-ลบข้อมูลอย่างไร/,src/content/blog/prepare-sell-corporate-pc-data-deletion.md,blog,guide,informational_support,บริษัทในอุบลจะขายคอมเก่า ต้องเตรียมรายการเครื่องและข้อมูลอย่างไร,,,,,,/บทความ/,GENERATED_CANONICAL_ROUTE,/บทความ/เตรียมขายคอมบริษัทเก่า-ลบข้อมูลอย่างไร/,EXPECTED_FROM_ROUTE_SOURCE,SOURCE_EXPECTED_TRUE,EXPECTED_TRUE_BUILD_NOT_FRESHLY_VERIFIED,8,,True,0.0,9.0,0.0,8.22,KEEP_SUPPORT,MEDIUM,Source-derived current route; fresh Astro build unavailable in this environment.
/บริการ/,src/pages/บริการ/index.astro,static,hub,commercial_hub,บริการรับซื้อ,,,,,,,GENERATED_CANONICAL_ROUTE,/บริการ/,EXPECTED_FROM_ROUTE_SOURCE,SOURCE_EXPECTED_TRUE,EXPECTED_TRUE_BUILD_NOT_FRESHLY_VERIFIED,2301,,False,0.0,0.0,0.0,,KEEP_OWNER,MEDIUM,Source-derived current route; fresh Astro build unavailable in this environment.
/บริการ/notebook-broken-ubon/,src/content/services/notebook-broken-ubon.md,services,service,commercial,รับซื้อโน้ตบุ๊กเสียหลายอาการ,,,,,,/บริการ/รับซื้อโน้ตบุ๊ก-อุบล/,GENERATED_CANONICAL_ROUTE,/บริการ/notebook-broken-ubon/,EXPECTED_FROM_ROUTE_SOURCE,SOURCE_EXPECTED_TRUE,EXPECTED_TRUE_BUILD_NOT_FRESHLY_VERIFIED,20,,False,0.0,0.0,0.0,,KEEP_OWNER,HIGH,Source-derived current route; fresh Astro build unavailable in this environment.
/บริการ/รับซื้อ-acer-nitro-อุบล/,src/content/services/acer-nitro-series-ubon.md,services,series,commercial,รับซื้อ Acer Nitro อุบล,Acer,Acer Nitro,,,,/บริการ/รับซื้อโน้ตบุ๊ก-acer-อุบล/,GENERATED_CANONICAL_ROUTE,/บริการ/รับซื้อ-acer-nitro-อุบล/,EXPECTED_FROM_ROUTE_SOURCE,SOURCE_EXPECTED_TRUE,EXPECTED_TRUE_BUILD_NOT_FRESHLY_VERIFIED,1,,False,0.0,0.0,0.0,0.0,KEEP_OWNER,HIGH,W2A production route created in Content/Expansion Batch 3; parent inlink added. Fresh Astro build unavailable because npm ci timed out in this environment.
/บริการ/รับซื้อ-apple-pencil-อุบล/,src/content/services/apple-pencil-ubon.md,services,service,commercial,Apple Pencil,,,,,,/บริการ/รับซื้อ-ipad-อุบล/,GENERATED_CANONICAL_ROUTE,/บริการ/รับซื้อ-apple-pencil-อุบล/,EXPECTED_FROM_ROUTE_SOURCE,SOURCE_EXPECTED_TRUE,EXPECTED_TRUE_BUILD_NOT_FRESHLY_VERIFIED,18,,True,0.0,1.0,0.0,2.0,KEEP_OWNER,HIGH,Source-derived current route; fresh Astro build unavailable in this environment.
/บริการ/รับซื้อ-apple-watch-อุบล/,src/content/services/smartwatch-ubon.md,services,service,commercial,รับซื้อ Apple Watch,,,,,,/บริการ/,GENERATED_CANONICAL_ROUTE,/บริการ/รับซื้อ-apple-watch-อุบล/,EXPECTED_FROM_ROUTE_SOURCE,SOURCE_EXPECTED_TRUE,EXPECTED_TRUE_BUILD_NOT_FRESHLY_VERIFIED,4,,False,0.0,0.0,0.0,,KEEP_OWNER,HIGH,Source-derived current route; fresh Astro build unavailable in this environment.
/บริการ/รับซื้อ-apple-อุบล/,src/content/services/apple-ubon.md,services,service,commercial,รับซื้อ MacBook/iMac/Apple,,,,,,/บริการ/,GENERATED_CANONICAL_ROUTE,/บริการ/รับซื้อ-apple-อุบล/,EXPECTED_FROM_ROUTE_SOURCE,SOURCE_EXPECTED_TRUE,EXPECTED_TRUE_BUILD_NOT_FRESHLY_VERIFIED,2,,True,2.0,102.0,0.0196078431372549,10.82,KEEP_OWNER,HIGH,Source-derived current route; fresh Astro build unavailable in this environment.
/บริการ/รับซื้อ-asus-rog-อุบล/,src/content/services/asus-rog-series-ubon.md,services,series,commercial,รับซื้อ ASUS ROG อุบล,ASUS,ASUS ROG,,,,/บริการ/รับซื้อโน้ตบุ๊ก-asus-อุบล/,GENERATED_CANONICAL_ROUTE,/บริการ/รับซื้อ-asus-rog-อุบล/,EXPECTED_FROM_ROUTE_SOURCE,SOURCE_EXPECTED_TRUE,EXPECTED_TRUE_BUILD_NOT_FRESHLY_VERIFIED,1,,False,0.0,0.0,0.0,0.0,KEEP_OWNER,HIGH,W2A production route created in Content/Expansion Batch 3; parent inlink added. Fresh Astro build unavailable because npm ci timed out in this environment.
/บริการ/รับซื้อ-asus-tuf-อุบล/,src/content/services/asus-tuf-series-ubon.md,services,series,commercial,รับซื้อ ASUS TUF Gaming อุบล,ASUS,ASUS TUF Gaming,,,,/บริการ/รับซื้อโน้ตบุ๊ก-asus-อุบล/,GENERATED_CANONICAL_ROUTE,/บริการ/รับซื้อ-asus-tuf-อุบล/,EXPECTED_FROM_ROUTE_SOURCE,SOURCE_EXPECTED_TRUE,EXPECTED_TRUE_BUILD_NOT_FRESHLY_VERIFIED,1,,False,0.0,0.0,0.0,0.0,KEEP_OWNER,HIGH,W2A production route created in Content/Expansion Batch 3; parent inlink added. Fresh Astro build unavailable because npm ci timed out in this environment.
/บริการ/รับซื้อ-asus-vivobook-อุบล/,src/content/services/asus-vivobook-series-ubon.md,services,series,commercial,รับซื้อ ASUS Vivobook อุบล,ASUS,ASUS Vivobook,,,,/บริการ/รับซื้อโน้ตบุ๊ก-asus-อุบล/,GENERATED_CANONICAL_ROUTE,/บริการ/รับซื้อ-asus-vivobook-อุบล/,EXPECTED_FROM_ROUTE_SOURCE,SOURCE_EXPECTED_TRUE,EXPECTED_TRUE_BUILD_NOT_FRESHLY_VERIFIED,1,,False,0.0,0.0,0.0,0.0,KEEP_OWNER,HIGH,W2A production route created in Content/Expansion Batch 3; parent inlink added. Fresh Astro build unavailable because npm ci timed out in this environment.
/บริการ/รับซื้อ-cpu-อุบล/,src/content/services/cpu-ubon.md,services,service,commercial,รับซื้อ CPU,,,,,,/บริการ/รับซื้อ-อะไหล่คอม-อุบล/,GENERATED_CANONICAL_ROUTE,/บริการ/รับซื้อ-cpu-อุบล/,EXPECTED_FROM_ROUTE_SOURCE,SOURCE_EXPECTED_TRUE,EXPECTED_TRUE_BUILD_NOT_FRESHLY_VERIFIED,26,,False,0.0,0.0,0.0,,KEEP_OWNER,HIGH,Source-derived current route; fresh Astro build unavailable in this environment.
/บริการ/รับซื้อ-dell-latitude-อุบล/,src/content/services/dell-latitude-series-ubon.md,services,series,commercial,รับซื้อ Dell Latitude อุบล,Dell,Dell Latitude,,,,/บริการ/รับซื้อโน้ตบุ๊ก-dell-อุบล/,GENERATED_CANONICAL_ROUTE,/บริการ/รับซื้อ-dell-latitude-อุบล/,EXPECTED_FROM_ROUTE_SOURCE,SOURCE_EXPECTED_TRUE,EXPECTED_TRUE_BUILD_NOT_FRESHLY_VERIFIED,1,,False,0.0,0.0,0.0,0.0,KEEP_OWNER,HIGH,W2A production route created in Content/Expansion Batch 3; parent inlink added. Fresh Astro build unavailable because npm ci timed out in this environment.
/บริการ/รับซื้อ-dji-osmo-อุบล/,src/content/services/dji-osmo-ubon.md,services,service,commercial,DJI Osmo,,,,,,/บริการ/รับซื้อกล้อง-อุบล/,GENERATED_CANONICAL_ROUTE,/บริการ/รับซื้อ-dji-osmo-อุบล/,EXPECTED_FROM_ROUTE_SOURCE,SOURCE_EXPECTED_TRUE,EXPECTED_TRUE_BUILD_NOT_FRESHLY_VERIFIED,10,,False,0.0,0.0,0.0,,KEEP_OWNER,HIGH,Source-derived current route; fresh Astro build unavailable in this environment.
/บริการ/รับซื้อ-gopro-อุบล/,src/content/services/gopro-ubon.md,services,service,commercial,GoPro,,,,,,/บริการ/รับซื้อกล้อง-อุบล/,GENERATED_CANONICAL_ROUTE,/บริการ/รับซื้อ-gopro-อุบล/,EXPECTED_FROM_ROUTE_SOURCE,SOURCE_EXPECTED_TRUE,EXPECTED_TRUE_BUILD_NOT_FRESHLY_VERIFIED,10,,True,0.0,2.0,0.0,9.0,KEEP_OWNER,HIGH,Source-derived current route; fresh Astro build unavailable in this environment.
/บริการ/รับซื้อ-hp-victus-อุบล/,src/content/services/hp-victus-series-ubon.md,services,series,commercial,รับซื้อ HP Victus อุบล,HP,HP Victus,,,,/บริการ/รับซื้อโน้ตบุ๊ก-hp-อุบล/,GENERATED_CANONICAL_ROUTE,/บริการ/รับซื้อ-hp-victus-อุบล/,EXPECTED_FROM_ROUTE_SOURCE,SOURCE_EXPECTED_TRUE,EXPECTED_TRUE_BUILD_NOT_FRESHLY_VERIFIED,1,,False,0.0,0.0,0.0,0.0,KEEP_OWNER,HIGH,W2A production route created in Content/Expansion Batch 3; parent inlink added. Fresh Astro build unavailable because npm ci timed out in this environment.
/บริการ/รับซื้อ-imac-อุบล/,src/content/services/imac-ubon.md,services,service,commercial,รับซื้อ iMac,,,,,,/บริการ/รับซื้อ-apple-อุบล/,GENERATED_CANONICAL_ROUTE,/บริการ/รับซื้อ-imac-อุบล/,EXPECTED_FROM_ROUTE_SOURCE,SOURCE_EXPECTED_TRUE,EXPECTED_TRUE_BUILD_NOT_FRESHLY_VERIFIED,2,,True,2.0,7.0,0.2857142857142857,8.29,KEEP_OWNER,HIGH,Source-derived current route; fresh Astro build unavailable in this environment.
/บริการ/รับซื้อ-ipad-air-อุบล/,src/content/services/ipad-air-ubon.md,services,service,commercial,iPad Air,,,,,,/บริการ/รับซื้อ-ipad-อุบล/,GENERATED_CANONICAL_ROUTE,/บริการ/รับซื้อ-ipad-air-อุบล/,EXPECTED_FROM_ROUTE_SOURCE,SOURCE_EXPECTED_TRUE,EXPECTED_TRUE_BUILD_NOT_FRESHLY_VERIFIED,20,,True,0.0,3.0,0.0,8.0,KEEP_OWNER,HIGH,Source-derived current route; fresh Astro build unavailable in this environment.
/บริการ/รับซื้อ-ipad-gen-10-อุบล/,src/content/services/ipad-gen-10-ubon.md,services,service,commercial,iPad Gen 10,,,,,,/บริการ/รับซื้อ-ipad-อุบล/,GENERATED_CANONICAL_ROUTE,/บริการ/รับซื้อ-ipad-gen-10-อุบล/,EXPECTED_FROM_ROUTE_SOURCE,SOURCE_EXPECTED_TRUE,EXPECTED_TRUE_BUILD_NOT_FRESHLY_VERIFIED,16,,True,1.0,2.0,0.5,2.0,KEEP_OWNER,HIGH,Source-derived current route; fresh Astro build unavailable in this environment.
/บริการ/รับซื้อ-ipad-gen-9-อุบล/,src/content/services/ipad-gen-9-ubon.md,services,service,commercial,iPad Gen 9,,,,,,/บริการ/รับซื้อ-ipad-อุบล/,GENERATED_CANONICAL_ROUTE,/บริการ/รับซื้อ-ipad-gen-9-อุบล/,EXPECTED_FROM_ROUTE_SOURCE,SOURCE_EXPECTED_TRUE,EXPECTED_TRUE_BUILD_NOT_FRESHLY_VERIFIED,8,,False,0.0,0.0,0.0,,KEEP_OWNER,HIGH,Source-derived current route; fresh Astro build unavailable in this environment.
/บริการ/รับซื้อ-ipad-mini-อุบล/,src/content/services/ipad-mini-ubon.md,services,service,commercial,iPad mini,,,,,,/บริการ/รับซื้อ-ipad-อุบล/,GENERATED_CANONICAL_ROUTE,/บริการ/รับซื้อ-ipad-mini-อุบล/,EXPECTED_FROM_ROUTE_SOURCE,SOURCE_EXPECTED_TRUE,EXPECTED_TRUE_BUILD_NOT_FRESHLY_VERIFIED,10,,True,0.0,1.0,0.0,13.0,KEEP_OWNER,HIGH,Source-derived current route; fresh Astro build unavailable in this environment.
/บริการ/รับซื้อ-ipad-pro-อุบล/,src/content/services/ipad-pro-ubon.md,services,service,commercial,iPad Pro,,,,,,/บริการ/รับซื้อ-ipad-อุบล/,GENERATED_CANONICAL_ROUTE,/บริการ/รับซื้อ-ipad-pro-อุบล/,EXPECTED_FROM_ROUTE_SOURCE,SOURCE_EXPECTED_TRUE,EXPECTED_TRUE_BUILD_NOT_FRESHLY_VERIFIED,22,,True,0.0,2.0,0.0,13.0,KEEP_OWNER,HIGH,Source-derived current route; fresh Astro build unavailable in this environment.
/บริการ/รับซื้อ-ipad-มหาวิทยาลัยอุบล/,src/content/services/รับซื้อ-ipad-มหาวิทยาลัยอุบล.md,services,service,commercial,iPad ม.อุบล,,,,,,/บริการ/,GENERATED_CANONICAL_ROUTE,/บริการ/รับซื้อ-ipad-มหาวิทยาลัยอุบล/,EXPECTED_FROM_ROUTE_SOURCE,SOURCE_EXPECTED_TRUE,EXPECTED_TRUE_BUILD_NOT_FRESHLY_VERIFIED,10,,True,0.0,1.0,0.0,8.0,KEEP_OWNER,HIGH,Source-derived current route; fresh Astro build unavailable in this environment.
/บริการ/รับซื้อ-ipad-อุบล/,src/content/services/ipad-ubon.md,services,service,commercial,รับซื้อ iPad,,,,,,/บริการ/รับซื้อแท็บเล็ต-อุบล/,GENERATED_CANONICAL_ROUTE,/บริการ/รับซื้อ-ipad-อุบล/,EXPECTED_FROM_ROUTE_SOURCE,SOURCE_EXPECTED_TRUE,EXPECTED_TRUE_BUILD_NOT_FRESHLY_VERIFIED,144,,True,11.0,235.0,0.0468085106382978,7.99,PROTECT_WINNER,HIGH,Source-derived current route; fresh Astro build unavailable in this environment.
/บริการ/รับซื้อ-iphone-13-pro-max-อุบล/,src/content/services/iphone-13-pro-max-ubon.md,services,service,commercial,iPhone 13 Pro Max,,,,,,/บริการ/รับซื้อ-iphone-อุบล/,GENERATED_CANONICAL_ROUTE,/บริการ/รับซื้อ-iphone-13-pro-max-อุบล/,EXPECTED_FROM_ROUTE_SOURCE,SOURCE_EXPECTED_TRUE,EXPECTED_TRUE_BUILD_NOT_FRESHLY_VERIFIED,4,,True,0.0,2.0,0.0,9.5,KEEP_OWNER,HIGH,Source-derived current route; fresh Astro build unavailable in this environment.
/บริการ/รับซื้อ-iphone-14-pro-max-อุบล/,src/content/services/iphone-14-pro-max-ubon.md,services,service,commercial,iPhone 14 Pro Max,,,,,,/บริการ/รับซื้อ-iphone-อุบล/,GENERATED_CANONICAL_ROUTE,/บริการ/รับซื้อ-iphone-14-pro-max-อุบล/,EXPECTED_FROM_ROUTE_SOURCE,SOURCE_EXPECTED_TRUE,EXPECTED_TRUE_BUILD_NOT_FRESHLY_VERIFIED,10,,True,1.0,2.0,0.5,10.0,KEEP_OWNER,HIGH,Source-derived current route; fresh Astro build unavailable in this environment.
/บริการ/รับซื้อ-iphone-15-pro-max-อุบล/,src/content/services/iphone-15-pro-max-ubon.md,services,service,commercial,iPhone 15 Pro Max,,,,,,/บริการ/รับซื้อ-iphone-อุบล/,GENERATED_CANONICAL_ROUTE,/บริการ/รับซื้อ-iphone-15-pro-max-อุบล/,EXPECTED_FROM_ROUTE_SOURCE,SOURCE_EXPECTED_TRUE,EXPECTED_TRUE_BUILD_NOT_FRESHLY_VERIFIED,28,,False,0.0,0.0,0.0,,KEEP_OWNER,HIGH,Source-derived current route; fresh Astro build unavailable in this environment.
/บริการ/รับซื้อ-iphone-15-pro-อุบล/,src/content/services/iphone-15-pro-ubon.md,services,service,commercial,iPhone 15 Pro,,,,,,/บริการ/รับซื้อ-iphone-อุบล/,GENERATED_CANONICAL_ROUTE,/บริการ/รับซื้อ-iphone-15-pro-อุบล/,EXPECTED_FROM_ROUTE_SOURCE,SOURCE_EXPECTED_TRUE,EXPECTED_TRUE_BUILD_NOT_FRESHLY_VERIFIED,6,,False,0.0,0.0,0.0,,KEEP_OWNER,HIGH,Source-derived current route; fresh Astro build unavailable in this environment.
/บริการ/รับซื้อ-iphone-16-pro-max-อุบล/,src/content/services/iphone-16-pro-max-ubon.md,services,service,commercial,iPhone 16 Pro Max,,,,,,/บริการ/รับซื้อ-iphone-อุบล/,GENERATED_CANONICAL_ROUTE,/บริการ/รับซื้อ-iphone-16-pro-max-อุบล/,EXPECTED_FROM_ROUTE_SOURCE,SOURCE_EXPECTED_TRUE,EXPECTED_TRUE_BUILD_NOT_FRESHLY_VERIFIED,20,,True,0.0,1.0,0.0,17.0,KEEP_OWNER,HIGH,Source-derived current route; fresh Astro build unavailable in this environment.
/บริการ/รับซื้อ-iphone-16-pro-อุบล/,src/content/services/iphone-16-pro-ubon.md,services,service,commercial,iPhone 16 Pro,,,,,,/บริการ/รับซื้อ-iphone-อุบล/,GENERATED_CANONICAL_ROUTE,/บริการ/รับซื้อ-iphone-16-pro-อุบล/,EXPECTED_FROM_ROUTE_SOURCE,SOURCE_EXPECTED_TRUE,EXPECTED_TRUE_BUILD_NOT_FRESHLY_VERIFIED,6,,True,1.0,4.0,0.25,1.25,KEEP_OWNER,HIGH,Source-derived current route; fresh Astro build unavailable in this environment.
/บริการ/รับซื้อ-iphone-จอแตก-อุบล/,src/content/services/iphone-broken-screen-ubon.md,services,service,commercial,iPhone จอแตก,,,,,,/บริการ/รับซื้อ-iphone-อุบล/,GENERATED_CANONICAL_ROUTE,/บริการ/รับซื้อ-iphone-จอแตก-อุบล/,EXPECTED_FROM_ROUTE_SOURCE,SOURCE_EXPECTED_TRUE,EXPECTED_TRUE_BUILD_NOT_FRESHLY_VERIFIED,10,,False,0.0,0.0,0.0,,KEEP_OWNER,HIGH,Source-derived current route; fresh Astro build unavailable in this environment.
/บริการ/รับซื้อ-iphone-วารินชำราบ/,src/content/services/รับซื้อ-iphone-วารินชำราบ.md,services,service,commercial,iPhone วารินชำราบ,,,,,,/บริการ/,GENERATED_CANONICAL_ROUTE,/บริการ/รับซื้อ-iphone-วารินชำราบ/,EXPECTED_FROM_ROUTE_SOURCE,SOURCE_EXPECTED_TRUE,EXPECTED_TRUE_BUILD_NOT_FRESHLY_VERIFIED,12,,False,0.0,0.0,0.0,,KEEP_OWNER,HIGH,Source-derived current route; fresh Astro build unavailable in this environment.
/บริการ/รับซื้อ-iphone-อุบล/,src/content/services/iphone-ubon.md,services,service,commercial,รับซื้อ iPhone,,,,,,/บริการ/รับซื้อมือถือ-อุบล/,GENERATED_CANONICAL_ROUTE,/บริการ/รับซื้อ-iphone-อุบล/,EXPECTED_FROM_ROUTE_SOURCE,SOURCE_EXPECTED_TRUE,EXPECTED_TRUE_BUILD_NOT_FRESHLY_VERIFIED,120,,True,8.0,123.0,0.065040650406504,8.826016260162604,PROTECT_WINNER,HIGH,Source-derived current route; fresh Astro build unavailable in this environment.
/บริการ/รับซื้อ-iphone-แบตเสื่อม-อุบล/,src/content/services/iphone-bad-battery-ubon.md,services,service,commercial,iPhone แบตเสื่อม,,,,,,/บริการ/รับซื้อ-iphone-อุบล/,GENERATED_CANONICAL_ROUTE,/บริการ/รับซื้อ-iphone-แบตเสื่อม-อุบล/,EXPECTED_FROM_ROUTE_SOURCE,SOURCE_EXPECTED_TRUE,EXPECTED_TRUE_BUILD_NOT_FRESHLY_VERIFIED,2,,False,0.0,0.0,0.0,,KEEP_OWNER,HIGH,Source-derived current route; fresh Astro build unavailable in this environment.
/บริการ/รับซื้อ-lenovo-legion-อุบล/,src/content/services/lenovo-legion-series-ubon.md,services,series,commercial,รับซื้อ Lenovo Legion อุบล,Lenovo,Lenovo Legion,,,,/บริการ/รับซื้อโน้ตบุ๊ก-lenovo-อุบล/,GENERATED_CANONICAL_ROUTE,/บริการ/รับซื้อ-lenovo-legion-อุบล/,EXPECTED_FROM_ROUTE_SOURCE,SOURCE_EXPECTED_TRUE,EXPECTED_TRUE_BUILD_NOT_FRESHLY_VERIFIED,1,,False,0.0,0.0,0.0,0.0,KEEP_OWNER,HIGH,W2A production route created in Content/Expansion Batch 3; parent inlink added. Fresh Astro build unavailable because npm ci timed out in this environment.
/บริการ/รับซื้อ-lenovo-loq-อุบล/,src/content/services/lenovo-loq-series-ubon.md,services,series,commercial,รับซื้อ Lenovo LOQ อุบล,Lenovo,Lenovo LOQ,,,,/บริการ/รับซื้อโน้ตบุ๊ก-lenovo-อุบล/,GENERATED_CANONICAL_ROUTE,/บริการ/รับซื้อ-lenovo-loq-อุบล/,EXPECTED_FROM_ROUTE_SOURCE,SOURCE_EXPECTED_TRUE,EXPECTED_TRUE_BUILD_NOT_FRESHLY_VERIFIED,1,,False,0.0,0.0,0.0,0.0,KEEP_OWNER,HIGH,W2A production route created in Content/Expansion Batch 3; parent inlink added. Fresh Astro build unavailable because npm ci timed out in this environment.
/บริการ/รับซื้อ-lenovo-thinkpad-อุบล/,src/content/services/lenovo-thinkpad-series-ubon.md,services,series,commercial,รับซื้อ Lenovo ThinkPad อุบล,Lenovo,Lenovo ThinkPad,,,,/บริการ/รับซื้อโน้ตบุ๊ก-lenovo-อุบล/,GENERATED_CANONICAL_ROUTE,/บริการ/รับซื้อ-lenovo-thinkpad-อุบล/,EXPECTED_FROM_ROUTE_SOURCE,SOURCE_EXPECTED_TRUE,EXPECTED_TRUE_BUILD_NOT_FRESHLY_VERIFIED,1,,False,0.0,0.0,0.0,0.0,KEEP_OWNER,HIGH,W2A production route created in Content/Expansion Batch 3; parent inlink added. Fresh Astro build unavailable because npm ci timed out in this environment.
/บริการ/รับซื้อ-macbook-air-m2-อุบล/,src/content/services/macbook-air-m2-ubon.md,services,service,commercial,MacBook Air M2,,,,,,/บริการ/รับซื้อ-macbook-อุบล/,GENERATED_CANONICAL_ROUTE,/บริการ/รับซื้อ-macbook-air-m2-อุบล/,EXPECTED_FROM_ROUTE_SOURCE,SOURCE_EXPECTED_TRUE,EXPECTED_TRUE_BUILD_NOT_FRESHLY_VERIFIED,22,,False,0.0,0.0,0.0,,KEEP_OWNER,HIGH,Source-derived current route; fresh Astro build unavailable in this environment.
/บริการ/รับซื้อ-macbook-air-m3-อุบล/,src/content/services/macbook-air-m3-ubon.md,services,service,commercial,MacBook Air M3,,,,,,/บริการ/รับซื้อ-macbook-อุบล/,GENERATED_CANONICAL_ROUTE,/บริการ/รับซื้อ-macbook-air-m3-อุบล/,EXPECTED_FROM_ROUTE_SOURCE,SOURCE_EXPECTED_TRUE,EXPECTED_TRUE_BUILD_NOT_FRESHLY_VERIFIED,12,,False,0.0,0.0,0.0,,KEEP_OWNER,HIGH,Source-derived current route; fresh Astro build unavailable in this environment.
/บริการ/รับซื้อ-macbook-air-m4-อุบล/,src/content/services/macbook-air-m4-ubon.md,services,service,commercial,MacBook Air M4,,,,,,/บริการ/รับซื้อ-macbook-อุบล/,GENERATED_CANONICAL_ROUTE,/บริการ/รับซื้อ-macbook-air-m4-อุบล/,EXPECTED_FROM_ROUTE_SOURCE,SOURCE_EXPECTED_TRUE,EXPECTED_TRUE_BUILD_NOT_FRESHLY_VERIFIED,6,,False,0.0,0.0,0.0,,KEEP_OWNER,HIGH,Source-derived current route; fresh Astro build unavailable in this environment.
/บริการ/รับซื้อ-macbook-pro-m2-อุบล/,src/content/services/macbook-pro-m2-ubon.md,services,service,commercial,MacBook Pro M2,,,,,,/บริการ/รับซื้อ-macbook-อุบล/,GENERATED_CANONICAL_ROUTE,/บริการ/รับซื้อ-macbook-pro-m2-อุบล/,EXPECTED_FROM_ROUTE_SOURCE,SOURCE_EXPECTED_TRUE,EXPECTED_TRUE_BUILD_NOT_FRESHLY_VERIFIED,10,,False,0.0,0.0,0.0,,KEEP_OWNER,HIGH,Source-derived current route; fresh Astro build unavailable in this environment.
/บริการ/รับซื้อ-macbook-pro-m3-อุบล/,src/content/services/macbook-pro-m3-ubon.md,services,service,commercial,MacBook Pro M3,,,,,,/บริการ/รับซื้อ-macbook-อุบล/,GENERATED_CANONICAL_ROUTE,/บริการ/รับซื้อ-macbook-pro-m3-อุบล/,EXPECTED_FROM_ROUTE_SOURCE,SOURCE_EXPECTED_TRUE,EXPECTED_TRUE_BUILD_NOT_FRESHLY_VERIFIED,12,,False,0.0,0.0,0.0,,KEEP_OWNER,HIGH,Source-derived current route; fresh Astro build unavailable in this environment.
/บริการ/รับซื้อ-macbook-pro-m4-อุบล/,src/content/services/macbook-pro-m4-ubon.md,services,service,commercial,MacBook Pro M4,,,,,,/บริการ/รับซื้อ-macbook-อุบล/,GENERATED_CANONICAL_ROUTE,/บริการ/รับซื้อ-macbook-pro-m4-อุบล/,EXPECTED_FROM_ROUTE_SOURCE,SOURCE_EXPECTED_TRUE,EXPECTED_TRUE_BUILD_NOT_FRESHLY_VERIFIED,6,,True,0.0,1.0,0.0,7.0,KEEP_OWNER,HIGH,Source-derived current route; fresh Astro build unavailable in this environment.
/บริการ/รับซื้อ-macbook-จอแตก-อุบล/,src/content/services/macbook-broken-screen-ubon.md,services,service,commercial,MacBook จอแตก,,,,,,/บริการ/รับซื้อ-macbook-อุบล/,GENERATED_CANONICAL_ROUTE,/บริการ/รับซื้อ-macbook-จอแตก-อุบล/,EXPECTED_FROM_ROUTE_SOURCE,SOURCE_EXPECTED_TRUE,EXPECTED_TRUE_BUILD_NOT_FRESHLY_VERIFIED,2,,False,0.0,0.0,0.0,,KEEP_OWNER,HIGH,Source-derived current route; fresh Astro build unavailable in this environment.
/บริการ/รับซื้อ-macbook-มหาวิทยาลัยอุบล/,src/content/services/รับซื้อ-macbook-มหาวิทยาลัยอุบล.md,services,service,commercial,MacBook ม.อุบล,,,,,,/บริการ/,GENERATED_CANONICAL_ROUTE,/บริการ/รับซื้อ-macbook-มหาวิทยาลัยอุบล/,EXPECTED_FROM_ROUTE_SOURCE,SOURCE_EXPECTED_TRUE,EXPECTED_TRUE_BUILD_NOT_FRESHLY_VERIFIED,10,,False,0.0,0.0,0.0,,KEEP_OWNER,HIGH,Source-derived current route; fresh Astro build unavailable in this environment.
/บริการ/รับซื้อ-macbook-อุบล/,src/content/services/macbook-ubon.md,services,service,commercial,รับซื้อ MacBook,,,,,,/บริการ/รับซื้อโน้ตบุ๊ก-อุบล/,GENERATED_CANONICAL_ROUTE,/บริการ/รับซื้อ-macbook-อุบล/,EXPECTED_FROM_ROUTE_SOURCE,SOURCE_EXPECTED_TRUE,EXPECTED_TRUE_BUILD_NOT_FRESHLY_VERIFIED,150,,True,6.0,41.0,0.1463414634146341,7.66,PROTECT_WINNER,HIGH,Source-derived current route; fresh Astro build unavailable in this environment.
/บริการ/รับซื้อ-macbook-อุบล/macbook-air-m1/,src/content/model-services/macbook-air-m1.md,model-services,model,model_commercial,MacBook Air M1,Apple,,MacBook Air M1,,,/บริการ/รับซื้อ-macbook-อุบล/,GENERATED_CANONICAL_ROUTE,/บริการ/รับซื้อ-macbook-อุบล/macbook-air-m1/,EXPECTED_FROM_ROUTE_SOURCE,SOURCE_EXPECTED_TRUE,EXPECTED_TRUE_BUILD_NOT_FRESHLY_VERIFIED,10,,True,2.0,28.0,0.0714285714285714,9.39,KEEP_OWNER,HIGH,Source-derived current route; fresh Astro build unavailable in this environment.
/บริการ/รับซื้อ-macbook-อุบล/macbook-intel/,src/content/model-services/macbook-intel.md,model-services,model,model_commercial,MacBook Intel,Apple,,MacBook Intel,,,/บริการ/รับซื้อ-macbook-อุบล/,GENERATED_CANONICAL_ROUTE,/บริการ/รับซื้อ-macbook-อุบล/macbook-intel/,EXPECTED_FROM_ROUTE_SOURCE,SOURCE_EXPECTED_TRUE,EXPECTED_TRUE_BUILD_NOT_FRESHLY_VERIFIED,0,,False,0.0,0.0,0.0,,KEEP_OWNER,HIGH,Source-derived current route; fresh Astro build unavailable in this environment.
/บริการ/รับซื้อ-macbook-อุบล/macbook-pro-m1/,src/content/model-services/macbook-pro-m1.md,model-services,model,model_commercial,MacBook Pro M1,Apple,,MacBook Pro M1,,,/บริการ/รับซื้อ-macbook-อุบล/,GENERATED_CANONICAL_ROUTE,/บริการ/รับซื้อ-macbook-อุบล/macbook-pro-m1/,EXPECTED_FROM_ROUTE_SOURCE,SOURCE_EXPECTED_TRUE,EXPECTED_TRUE_BUILD_NOT_FRESHLY_VERIFIED,2,,True,0.0,5.0,0.0,12.2,KEEP_OWNER,HIGH,Source-derived current route; fresh Astro build unavailable in this environment.
/บริการ/รับซื้อ-macbook-แบตเสื่อม-อุบล/,src/content/services/macbook-bad-battery-ubon.md,services,service,commercial,MacBook แบตเสื่อม,,,,,,/บริการ/รับซื้อ-macbook-อุบล/,GENERATED_CANONICAL_ROUTE,/บริการ/รับซื้อ-macbook-แบตเสื่อม-อุบล/,EXPECTED_FROM_ROUTE_SOURCE,SOURCE_EXPECTED_TRUE,EXPECTED_TRUE_BUILD_NOT_FRESHLY_VERIFIED,4,,False,0.0,0.0,0.0,,KEEP_OWNER,HIGH,Source-derived current route; fresh Astro build unavailable in this environment.
/บริการ/รับซื้อ-magic-keyboard-ipad-อุบล/,src/content/services/magic-keyboard-ipad-ubon.md,services,service,commercial,Magic Keyboard iPad,,,,,,/บริการ/รับซื้อ-ipad-อุบล/,GENERATED_CANONICAL_ROUTE,/บริการ/รับซื้อ-magic-keyboard-ipad-อุบล/,EXPECTED_FROM_ROUTE_SOURCE,SOURCE_EXPECTED_TRUE,EXPECTED_TRUE_BUILD_NOT_FRESHLY_VERIFIED,6,,False,0.0,0.0,0.0,,KEEP_OWNER,HIGH,Source-derived current route; fresh Astro build unavailable in this environment.
/บริการ/รับซื้อ-msi-katana-อุบล/,src/content/services/msi-katana-series-ubon.md,services,series,commercial,รับซื้อ MSI Katana อุบล,MSI,MSI Katana,,,,/บริการ/รับซื้อโน้ตบุ๊ก-msi-อุบล/,GENERATED_CANONICAL_ROUTE,/บริการ/รับซื้อ-msi-katana-อุบล/,EXPECTED_FROM_ROUTE_SOURCE,SOURCE_EXPECTED_TRUE,EXPECTED_TRUE_BUILD_NOT_FRESHLY_VERIFIED,1,,False,0.0,0.0,0.0,0.0,KEEP_OWNER,HIGH,W2A production route created in Content/Expansion Batch 3; parent inlink added. Fresh Astro build unavailable because npm ci timed out in this environment.
/บริการ/รับซื้อ-nintendo-switch-oled-อุบล/,src/content/services/console-nintendo-switch-oled-ubon.md,services,service,commercial,รับซื้อ Switch OLED,,,,,,/บริการ/รับซื้อ-เครื่องเกม-อุบล/,GENERATED_CANONICAL_ROUTE,/บริการ/รับซื้อ-nintendo-switch-oled-อุบล/,EXPECTED_FROM_ROUTE_SOURCE,SOURCE_EXPECTED_TRUE,EXPECTED_TRUE_BUILD_NOT_FRESHLY_VERIFIED,12,,False,0.0,0.0,0.0,,KEEP_OWNER,HIGH,Source-derived current route; fresh Astro build unavailable in this environment.
/บริการ/รับซื้อ-nintendo-switch-อุบล/,src/content/services/console-nintendo-switch-ubon.md,services,service,commercial,รับซื้อ Nintendo Switch,,,,,,/บริการ/รับซื้อ-เครื่องเกม-อุบล/,GENERATED_CANONICAL_ROUTE,/บริการ/รับซื้อ-nintendo-switch-อุบล/,EXPECTED_FROM_ROUTE_SOURCE,SOURCE_EXPECTED_TRUE,EXPECTED_TRUE_BUILD_NOT_FRESHLY_VERIFIED,14,,True,1.0,6.0,0.1666666666666666,9.33,KEEP_OWNER,HIGH,Source-derived current route; fresh Astro build unavailable in this environment.
/บริการ/รับซื้อ-oppo-อุบล/,src/content/services/oppo-ubon.md,services,service,commercial,รับซื้อ OPPO,,,,,,/บริการ/รับซื้อมือถือ-อุบล/,GENERATED_CANONICAL_ROUTE,/บริการ/รับซื้อ-oppo-อุบล/,EXPECTED_FROM_ROUTE_SOURCE,SOURCE_EXPECTED_TRUE,EXPECTED_TRUE_BUILD_NOT_FRESHLY_VERIFIED,8,,True,0.0,1.0,0.0,7.0,KEEP_OWNER,HIGH,Source-derived current route; fresh Astro build unavailable in this environment.
/บริการ/รับซื้อ-pc-gaming-อุบล/,src/content/services/pc-gaming-ubon.md,services,service,commercial,รับซื้อ PC Gaming / คอมตั้งโต๊ะ,,,,,,/บริการ/รับซื้อคอมพิวเตอร์-อุบล/,GENERATED_CANONICAL_ROUTE,/บริการ/รับซื้อ-pc-gaming-อุบล/,EXPECTED_FROM_ROUTE_SOURCE,SOURCE_EXPECTED_TRUE,EXPECTED_TRUE_BUILD_NOT_FRESHLY_VERIFIED,33,,True,2.0,47.0,0.0425531914893617,12.13,KEEP_OWNER,HIGH,Source-derived current route; fresh Astro build unavailable in this environment.
/บริการ/รับซื้อ-poco-อุบล/,src/content/services/poco-ubon.md,services,service,commercial,รับซื้อ POCO,,,,,,/บริการ/รับซื้อมือถือ-อุบล/,GENERATED_CANONICAL_ROUTE,/บริการ/รับซื้อ-poco-อุบล/,EXPECTED_FROM_ROUTE_SOURCE,SOURCE_EXPECTED_TRUE,EXPECTED_TRUE_BUILD_NOT_FRESHLY_VERIFIED,6,,True,0.0,4.0,0.0,9.5,KEEP_OWNER,HIGH,Source-derived current route; fresh Astro build unavailable in this environment.
/บริการ/รับซื้อ-ps5-อุบล/,src/content/services/console-ps5-ubon.md,services,service,commercial,รับซื้อ PS5,,,,,,/บริการ/รับซื้อ-เครื่องเกม-อุบล/,GENERATED_CANONICAL_ROUTE,/บริการ/รับซื้อ-ps5-อุบล/,EXPECTED_FROM_ROUTE_SOURCE,SOURCE_EXPECTED_TRUE,EXPECTED_TRUE_BUILD_NOT_FRESHLY_VERIFIED,14,,True,3.0,6.0,0.5,8.0,KEEP_OWNER,HIGH,Source-derived current route; fresh Astro build unavailable in this environment.
/บริการ/รับซื้อ-radeon-rx-7000-series-อุบล/,src/content/services/radeon-rx7000-series-ubon.md,services,series,commercial,รับซื้อ AMD Radeon RX 7000 Series อุบล,AMD,AMD Radeon RX 7000 Series,,,,/บริการ/รับซื้อการ์ดจอ-อุบล/,GENERATED_CANONICAL_ROUTE,/บริการ/รับซื้อ-radeon-rx-7000-series-อุบล/,EXPECTED_FROM_ROUTE_SOURCE,SOURCE_EXPECTED_TRUE,EXPECTED_TRUE_BUILD_NOT_FRESHLY_VERIFIED,1,,False,0.0,0.0,0.0,0.0,KEEP_OWNER,HIGH,W2A production route created in Content/Expansion Batch 3; parent inlink added. Fresh Astro build unavailable because npm ci timed out in this environment.
/บริการ/รับซื้อ-ram-อุบล/,src/content/services/ram-ubon.md,services,service,commercial,รับซื้อ RAM,,,,,,/บริการ/รับซื้อ-อะไหล่คอม-อุบล/,GENERATED_CANONICAL_ROUTE,/บริการ/รับซื้อ-ram-อุบล/,EXPECTED_FROM_ROUTE_SOURCE,SOURCE_EXPECTED_TRUE,EXPECTED_TRUE_BUILD_NOT_FRESHLY_VERIFIED,28,,True,1.0,4.0,0.25,4.25,KEEP_OWNER,HIGH,Source-derived current route; fresh Astro build unavailable in this environment.
/บริการ/รับซื้อ-realme-อุบล/,src/content/services/realme-ubon.md,services,service,commercial,รับซื้อ realme,,,,,,/บริการ/รับซื้อมือถือ-อุบล/,GENERATED_CANONICAL_ROUTE,/บริการ/รับซื้อ-realme-อุบล/,EXPECTED_FROM_ROUTE_SOURCE,SOURCE_EXPECTED_TRUE,EXPECTED_TRUE_BUILD_NOT_FRESHLY_VERIFIED,6,,False,0.0,0.0,0.0,,KEEP_OWNER,HIGH,Source-derived current route; fresh Astro build unavailable in this environment.
/บริการ/รับซื้อ-redmi-อุบล/,src/content/services/redmi-ubon.md,services,service,commercial,รับซื้อ Redmi,,,,,,/บริการ/รับซื้อมือถือ-อุบล/,GENERATED_CANONICAL_ROUTE,/บริการ/รับซื้อ-redmi-อุบล/,EXPECTED_FROM_ROUTE_SOURCE,SOURCE_EXPECTED_TRUE,EXPECTED_TRUE_BUILD_NOT_FRESHLY_VERIFIED,6,,False,0.0,0.0,0.0,,KEEP_OWNER,HIGH,Source-derived current route; fresh Astro build unavailable in this environment.
/บริการ/รับซื้อ-rog-ally-อุบล/,src/content/services/rog-ally-ubon.md,services,service,commercial,รับซื้อ ROG Ally,,,,,,/บริการ/รับซื้อ-เครื่องเกม-อุบล/,GENERATED_CANONICAL_ROUTE,/บริการ/รับซื้อ-rog-ally-อุบล/,EXPECTED_FROM_ROUTE_SOURCE,SOURCE_EXPECTED_TRUE,EXPECTED_TRUE_BUILD_NOT_FRESHLY_VERIFIED,12,,True,0.0,1.0,0.0,9.0,KEEP_OWNER,HIGH,Source-derived current route; fresh Astro build unavailable in this environment.
/บริการ/รับซื้อ-rtx-30-series-อุบล/,src/content/services/rtx-30-series-ubon.md,services,series,commercial,รับซื้อ NVIDIA RTX 30 Series อุบล,NVIDIA,NVIDIA RTX 30 Series,,,,/บริการ/รับซื้อ-rtx-อุบล/,GENERATED_CANONICAL_ROUTE,/บริการ/รับซื้อ-rtx-30-series-อุบล/,EXPECTED_FROM_ROUTE_SOURCE,SOURCE_EXPECTED_TRUE,EXPECTED_TRUE_BUILD_NOT_FRESHLY_VERIFIED,1,,False,0.0,0.0,0.0,0.0,KEEP_OWNER,HIGH,W2A production route created in Content/Expansion Batch 3; parent inlink added. Fresh Astro build unavailable because npm ci timed out in this environment.
/บริการ/รับซื้อ-rtx-40-series-อุบล/,src/content/services/rtx-40-series-ubon.md,services,series,commercial,รับซื้อ NVIDIA RTX 40 Series อุบล,NVIDIA,NVIDIA RTX 40 Series,,,,/บริการ/รับซื้อ-rtx-อุบล/,GENERATED_CANONICAL_ROUTE,/บริการ/รับซื้อ-rtx-40-series-อุบล/,EXPECTED_FROM_ROUTE_SOURCE,SOURCE_EXPECTED_TRUE,EXPECTED_TRUE_BUILD_NOT_FRESHLY_VERIFIED,1,,False,0.0,0.0,0.0,0.0,KEEP_OWNER,HIGH,W2A production route created in Content/Expansion Batch 3; parent inlink added. Fresh Astro build unavailable because npm ci timed out in this environment.
/บริการ/รับซื้อ-rtx-50-series-อุบล/,src/content/services/rtx-50-series-ubon.md,services,series,commercial,รับซื้อ NVIDIA RTX 50 Series อุบล,NVIDIA,NVIDIA RTX 50 Series,,,,/บริการ/รับซื้อ-rtx-อุบล/,GENERATED_CANONICAL_ROUTE,/บริการ/รับซื้อ-rtx-50-series-อุบล/,EXPECTED_FROM_ROUTE_SOURCE,SOURCE_EXPECTED_TRUE,EXPECTED_TRUE_BUILD_NOT_FRESHLY_VERIFIED,1,,False,0.0,0.0,0.0,0.0,KEEP_OWNER,HIGH,W2A production route created in Content/Expansion Batch 3; parent inlink added. Fresh Astro build unavailable because npm ci timed out in this environment.
/บริการ/รับซื้อ-rtx-อุบล/,src/content/services/gpu-rtx-ubon.md,services,service,commercial,รับซื้อ การ์ดจอ RTX,,,,,,/บริการ/รับซื้อการ์ดจอ-อุบล/,GENERATED_CANONICAL_ROUTE,/บริการ/รับซื้อ-rtx-อุบล/,EXPECTED_FROM_ROUTE_SOURCE,SOURCE_EXPECTED_TRUE,EXPECTED_TRUE_BUILD_NOT_FRESHLY_VERIFIED,30,,False,0.0,0.0,0.0,,KEEP_OWNER,HIGH,Source-derived current route; fresh Astro build unavailable in this environment.
/บริการ/รับซื้อ-samsung-galaxy-s-ultra-อุบล/,src/content/services/samsung-galaxy-s-ultra-ubon.md,services,service,commercial,Samsung Galaxy S Ultra,,,,,,/บริการ/รับซื้อ-samsung-อุบล/,GENERATED_CANONICAL_ROUTE,/บริการ/รับซื้อ-samsung-galaxy-s-ultra-อุบล/,EXPECTED_FROM_ROUTE_SOURCE,SOURCE_EXPECTED_TRUE,EXPECTED_TRUE_BUILD_NOT_FRESHLY_VERIFIED,10,,True,2.0,14.0,0.1428571428571428,6.5,KEEP_OWNER,HIGH,Source-derived current route; fresh Astro build unavailable in this environment.
/บริการ/รับซื้อ-samsung-อุบล/,src/content/services/samsung-ubon.md,services,service,commercial,รับซื้อ Samsung,,,,,,/บริการ/รับซื้อมือถือ-อุบล/,GENERATED_CANONICAL_ROUTE,/บริการ/รับซื้อ-samsung-อุบล/,EXPECTED_FROM_ROUTE_SOURCE,SOURCE_EXPECTED_TRUE,EXPECTED_TRUE_BUILD_NOT_FRESHLY_VERIFIED,12,,True,4.0,61.0,0.0655737704918032,9.3,KEEP_OWNER,HIGH,Source-derived current route; fresh Astro build unavailable in this environment.
/บริการ/รับซื้อ-ssd-อุบล/,src/content/services/ssd-ubon.md,services,service,commercial,รับซื้อ SSD,,,,,,/บริการ/รับซื้อ-อะไหล่คอม-อุบล/,GENERATED_CANONICAL_ROUTE,/บริการ/รับซื้อ-ssd-อุบล/,EXPECTED_FROM_ROUTE_SOURCE,SOURCE_EXPECTED_TRUE,EXPECTED_TRUE_BUILD_NOT_FRESHLY_VERIFIED,26,,True,0.0,1.0,0.0,10.0,KEEP_OWNER,HIGH,Source-derived current route; fresh Astro build unavailable in this environment.
/บริการ/รับซื้อ-steam-deck-อุบล/,src/content/services/steam-deck-ubon.md,services,service,commercial,รับซื้อ Steam Deck,,,,,,/บริการ/รับซื้อ-เครื่องเกม-อุบล/,GENERATED_CANONICAL_ROUTE,/บริการ/รับซื้อ-steam-deck-อุบล/,EXPECTED_FROM_ROUTE_SOURCE,SOURCE_EXPECTED_TRUE,EXPECTED_TRUE_BUILD_NOT_FRESHLY_VERIFIED,8,,False,0.0,0.0,0.0,,KEEP_OWNER,HIGH,Source-derived current route; fresh Astro build unavailable in this environment.
/บริการ/รับซื้อ-vivo-อุบล/,src/content/services/vivo-ubon.md,services,service,commercial,รับซื้อ vivo,,,,,,/บริการ/รับซื้อมือถือ-อุบล/,GENERATED_CANONICAL_ROUTE,/บริการ/รับซื้อ-vivo-อุบล/,EXPECTED_FROM_ROUTE_SOURCE,SOURCE_EXPECTED_TRUE,EXPECTED_TRUE_BUILD_NOT_FRESHLY_VERIFIED,8,,True,0.0,1.0,0.0,6.0,KEEP_OWNER,HIGH,Source-derived current route; fresh Astro build unavailable in this environment.
/บริการ/รับซื้อ-xbox-อุบล/,src/content/services/xbox-ubon.md,services,service,commercial,รับซื้อ Xbox,,,,,,/บริการ/รับซื้อ-เครื่องเกม-อุบล/,GENERATED_CANONICAL_ROUTE,/บริการ/รับซื้อ-xbox-อุบล/,EXPECTED_FROM_ROUTE_SOURCE,SOURCE_EXPECTED_TRUE,EXPECTED_TRUE_BUILD_NOT_FRESHLY_VERIFIED,6,,True,0.0,3.0,0.0,8.0,KEEP_OWNER,HIGH,Source-derived current route; fresh Astro build unavailable in this environment.
/บริการ/รับซื้อ-xiaomi-อุบล/,src/content/services/xiaomi-ubon.md,services,service,commercial,รับซื้อ Xiaomi,,,,,,/บริการ/รับซื้อมือถือ-อุบล/,GENERATED_CANONICAL_ROUTE,/บริการ/รับซื้อ-xiaomi-อุบล/,EXPECTED_FROM_ROUTE_SOURCE,SOURCE_EXPECTED_TRUE,EXPECTED_TRUE_BUILD_NOT_FRESHLY_VERIFIED,6,,False,0.0,0.0,0.0,,KEEP_OWNER,HIGH,Source-derived current route; fresh Astro build unavailable in this environment.
/บริการ/รับซื้อ-อะไหล่คอม-อุบล/,src/content/services/pc-parts-ubon.md,services,service,commercial,รับซื้อการ์ดจอ/อะไหล่คอม,,,,,,/บริการ/,GENERATED_CANONICAL_ROUTE,/บริการ/รับซื้อ-อะไหล่คอม-อุบล/,EXPECTED_FROM_ROUTE_SOURCE,SOURCE_EXPECTED_TRUE,EXPECTED_TRUE_BUILD_NOT_FRESHLY_VERIFIED,50,,True,15.0,168.0,0.0892857142857142,7.79,PROTECT_WINNER,HIGH,Source-derived current route; fresh Astro build unavailable in this environment.
/บริการ/รับซื้อ-เครื่องเกม-อุบล/,src/content/services/game-console-ubon.md,services,service,commercial,รับซื้อเครื่องเกม,,,,,,/บริการ/,GENERATED_CANONICAL_ROUTE,/บริการ/รับซื้อ-เครื่องเกม-อุบล/,EXPECTED_FROM_ROUTE_SOURCE,SOURCE_EXPECTED_TRUE,EXPECTED_TRUE_BUILD_NOT_FRESHLY_VERIFIED,38,,True,20.0,132.0,0.1515151515151515,8.48,PROTECT_WINNER,HIGH,Source-derived current route; fresh Astro build unavailable in this environment.
/บริการ/รับซื้อ-เครื่องเสียง-อุบล/,src/content/services/speaker-ubon.md,services,service,commercial,รับซื้อเครื่องเสียง JBL/Marshall,,,,,,/บริการ/,GENERATED_CANONICAL_ROUTE,/บริการ/รับซื้อ-เครื่องเสียง-อุบล/,EXPECTED_FROM_ROUTE_SOURCE,SOURCE_EXPECTED_TRUE,EXPECTED_TRUE_BUILD_NOT_FRESHLY_VERIFIED,4,,False,0.0,0.0,0.0,,KEEP_OWNER,HIGH,Source-derived current route; fresh Astro build unavailable in this environment.
/บริการ/รับซื้อกล้อง-canon-eos-r-series-อุบล/,src/content/services/canon-eos-r-series-ubon.md,services,series,commercial,รับซื้อ Canon EOS R Series อุบล,Canon,Canon EOS R Series,,,,/บริการ/รับซื้อกล้อง-canon-อุบล/,GENERATED_CANONICAL_ROUTE,/บริการ/รับซื้อกล้อง-canon-eos-r-series-อุบล/,EXPECTED_FROM_ROUTE_SOURCE,SOURCE_EXPECTED_TRUE,EXPECTED_TRUE_BUILD_NOT_FRESHLY_VERIFIED,1,,False,0.0,0.0,0.0,0.0,KEEP_OWNER,HIGH,W2A production route created in Content/Expansion Batch 3; parent inlink added. Fresh Astro build unavailable because npm ci timed out in this environment.
/บริการ/รับซื้อกล้อง-canon-อุบล/,src/content/services/camera-canon-ubon.md,services,service,commercial,รับซื้อ Canon,,,,,,/บริการ/รับซื้อกล้อง-อุบล/,GENERATED_CANONICAL_ROUTE,/บริการ/รับซื้อกล้อง-canon-อุบล/,EXPECTED_FROM_ROUTE_SOURCE,SOURCE_EXPECTED_TRUE,EXPECTED_TRUE_BUILD_NOT_FRESHLY_VERIFIED,26,,True,1.0,19.0,0.0526315789473684,7.37,KEEP_OWNER,HIGH,Source-derived current route; fresh Astro build unavailable in this environment.
/บริการ/รับซื้อกล้อง-fujifilm-x-series-อุบล/,src/content/services/fujifilm-x-series-ubon.md,services,series,commercial,รับซื้อ Fujifilm X Series อุบล,Fujifilm,Fujifilm X Series,,,,/บริการ/รับซื้อกล้อง-fujifilm-อุบล/,GENERATED_CANONICAL_ROUTE,/บริการ/รับซื้อกล้อง-fujifilm-x-series-อุบล/,EXPECTED_FROM_ROUTE_SOURCE,SOURCE_EXPECTED_TRUE,EXPECTED_TRUE_BUILD_NOT_FRESHLY_VERIFIED,1,,False,0.0,0.0,0.0,0.0,KEEP_OWNER,HIGH,W2A production route created in Content/Expansion Batch 3; parent inlink added. Fresh Astro build unavailable because npm ci timed out in this environment.
/บริการ/รับซื้อกล้อง-fujifilm-อุบล/,src/content/services/camera-fujifilm-ubon.md,services,service,commercial,รับซื้อ Fujifilm,,,,,,/บริการ/รับซื้อกล้อง-อุบล/,GENERATED_CANONICAL_ROUTE,/บริการ/รับซื้อกล้อง-fujifilm-อุบล/,EXPECTED_FROM_ROUTE_SOURCE,SOURCE_EXPECTED_TRUE,EXPECTED_TRUE_BUILD_NOT_FRESHLY_VERIFIED,18,,True,0.0,1.0,0.0,20.0,KEEP_OWNER,HIGH,Source-derived current route; fresh Astro build unavailable in this environment.
/บริการ/รับซื้อกล้อง-nikon-อุบล/,src/content/services/camera-nikon-ubon.md,services,service,commercial,รับซื้อ Nikon,,,,,,/บริการ/รับซื้อกล้อง-อุบล/,GENERATED_CANONICAL_ROUTE,/บริการ/รับซื้อกล้อง-nikon-อุบล/,EXPECTED_FROM_ROUTE_SOURCE,SOURCE_EXPECTED_TRUE,EXPECTED_TRUE_BUILD_NOT_FRESHLY_VERIFIED,18,,False,0.0,0.0,0.0,,KEEP_OWNER,HIGH,Source-derived current route; fresh Astro build unavailable in this environment.
/บริการ/รับซื้อกล้อง-sony-a7-series-อุบล/,src/content/services/sony-a7-series-ubon.md,services,series,commercial,รับซื้อ Sony A7 Series อุบล,Sony,Sony A7 Series,,,,/บริการ/รับซื้อกล้อง-sony-อุบล/,GENERATED_CANONICAL_ROUTE,/บริการ/รับซื้อกล้อง-sony-a7-series-อุบล/,EXPECTED_FROM_ROUTE_SOURCE,SOURCE_EXPECTED_TRUE,EXPECTED_TRUE_BUILD_NOT_FRESHLY_VERIFIED,1,,False,0.0,0.0,0.0,0.0,KEEP_OWNER,HIGH,W2A production route created in Content/Expansion Batch 3; parent inlink added. Fresh Astro build unavailable because npm ci timed out in this environment.
/บริการ/รับซื้อกล้อง-sony-zv-series-อุบล/,src/content/services/sony-zv-series-ubon.md,services,series,commercial,รับซื้อ Sony ZV Series อุบล,Sony,Sony ZV Series,,,,/บริการ/รับซื้อกล้อง-sony-อุบล/,GENERATED_CANONICAL_ROUTE,/บริการ/รับซื้อกล้อง-sony-zv-series-อุบล/,EXPECTED_FROM_ROUTE_SOURCE,SOURCE_EXPECTED_TRUE,EXPECTED_TRUE_BUILD_NOT_FRESHLY_VERIFIED,1,,False,0.0,0.0,0.0,0.0,KEEP_OWNER,HIGH,W2A production route created in Content/Expansion Batch 3; parent inlink added. Fresh Astro build unavailable because npm ci timed out in this environment.
/บริการ/รับซื้อกล้อง-sony-อุบล/,src/content/services/sony-camera-ubon.md,services,service,commercial,รับซื้อกล้อง Sony,,,,,,/บริการ/รับซื้อกล้อง-อุบล/,GENERATED_CANONICAL_ROUTE,/บริการ/รับซื้อกล้อง-sony-อุบล/,EXPECTED_FROM_ROUTE_SOURCE,SOURCE_EXPECTED_TRUE,EXPECTED_TRUE_BUILD_NOT_FRESHLY_VERIFIED,26,,True,1.0,23.0,0.0434782608695652,11.78,KEEP_OWNER,HIGH,Source-derived current route; fresh Astro build unavailable in this environment.
/บริการ/รับซื้อกล้อง-vlog-อุบล/,src/content/services/vlog-camera-ubon.md,services,service,commercial,กล้อง Vlog,,,,,,/บริการ/รับซื้อกล้อง-อุบล/,GENERATED_CANONICAL_ROUTE,/บริการ/รับซื้อกล้อง-vlog-อุบล/,EXPECTED_FROM_ROUTE_SOURCE,SOURCE_EXPECTED_TRUE,EXPECTED_TRUE_BUILD_NOT_FRESHLY_VERIFIED,24,,True,0.0,1.0,0.0,6.0,KEEP_OWNER,HIGH,Source-derived current route; fresh Astro build unavailable in this environment.
/บริการ/รับซื้อกล้อง-พิบูลมังสาหาร/,src/content/services/รับซื้อกล้อง-พิบูลมังสาหาร.md,services,service,commercial,กล้อง พิบูล,,,,,,/บริการ/,GENERATED_CANONICAL_ROUTE,/บริการ/รับซื้อกล้อง-พิบูลมังสาหาร/,EXPECTED_FROM_ROUTE_SOURCE,SOURCE_EXPECTED_TRUE,EXPECTED_TRUE_BUILD_NOT_FRESHLY_VERIFIED,6,,False,0.0,0.0,0.0,,KEEP_OWNER,HIGH,Source-derived current route; fresh Astro build unavailable in this environment.
/บริการ/รับซื้อกล้อง-อุบล/,src/content/services/camera-ubon.md,services,service,commercial,รับซื้อกล้อง,,,,,,/บริการ/,GENERATED_CANONICAL_ROUTE,/บริการ/รับซื้อกล้อง-อุบล/,EXPECTED_FROM_ROUTE_SOURCE,SOURCE_EXPECTED_TRUE,EXPECTED_TRUE_BUILD_NOT_FRESHLY_VERIFIED,157,,True,8.0,70.0,0.1142857142857142,7.690000000000001,PROTECT_WINNER,HIGH,Source-derived current route; fresh Astro build unavailable in this environment.
/บริการ/รับซื้อกล้อง-อุบล/sony-a6400/,src/content/camera-models/sony-a6400.md,camera-models,model,model_commercial,Sony A6400,Sony,,Sony A6400,,,/บริการ/รับซื้อกล้อง-อุบล/,GENERATED_CANONICAL_ROUTE,/บริการ/รับซื้อกล้อง-อุบล/sony-a6400/,EXPECTED_FROM_ROUTE_SOURCE,SOURCE_EXPECTED_TRUE,EXPECTED_TRUE_BUILD_NOT_FRESHLY_VERIFIED,4,,True,0.0,1.0,0.0,6.0,KEEP_OWNER,HIGH,Source-derived current route; fresh Astro build unavailable in this environment.
/บริการ/รับซื้อกล้อง-อุบล/sony-a7-iii/,src/content/camera-models/sony-a7-iii.md,camera-models,model,model_commercial,Sony A7 III,Sony,,Sony A7 III,,,/บริการ/รับซื้อกล้อง-อุบล/,GENERATED_CANONICAL_ROUTE,/บริการ/รับซื้อกล้อง-อุบล/sony-a7-iii/,EXPECTED_FROM_ROUTE_SOURCE,SOURCE_EXPECTED_TRUE,EXPECTED_TRUE_BUILD_NOT_FRESHLY_VERIFIED,8,,False,0.0,0.0,0.0,,KEEP_OWNER,HIGH,Source-derived current route; fresh Astro build unavailable in this environment.
/บริการ/รับซื้อกล้อง-อุบล/sony-a7-iv/,src/content/camera-models/sony-a7-iv.md,camera-models,model,model_commercial,Sony A7 IV,Sony,,Sony A7 IV,,,/บริการ/รับซื้อกล้อง-อุบล/,GENERATED_CANONICAL_ROUTE,/บริการ/รับซื้อกล้อง-อุบล/sony-a7-iv/,EXPECTED_FROM_ROUTE_SOURCE,SOURCE_EXPECTED_TRUE,EXPECTED_TRUE_BUILD_NOT_FRESHLY_VERIFIED,4,,True,0.0,2.0,0.0,7.5,KEEP_OWNER,HIGH,Source-derived current route; fresh Astro build unavailable in this environment.
/บริการ/รับซื้อกล้อง-อุบล/sony-a7c/,src/content/camera-models/sony-a7c.md,camera-models,model,model_commercial,Sony A7C,Sony,,Sony A7C,,,/บริการ/รับซื้อกล้อง-อุบล/,GENERATED_CANONICAL_ROUTE,/บริการ/รับซื้อกล้อง-อุบล/sony-a7c/,EXPECTED_FROM_ROUTE_SOURCE,SOURCE_EXPECTED_TRUE,EXPECTED_TRUE_BUILD_NOT_FRESHLY_VERIFIED,8,,False,0.0,0.0,0.0,,KEEP_OWNER,HIGH,Source-derived current route; fresh Astro build unavailable in this environment.
/บริการ/รับซื้อกล้อง-อุบล/sony-zv-e10/,src/content/camera-models/sony-zv-e10.md,camera-models,model,model_commercial,Sony ZV-E10,Sony,,Sony ZV-E10,,,/บริการ/รับซื้อกล้อง-อุบล/,GENERATED_CANONICAL_ROUTE,/บริการ/รับซื้อกล้อง-อุบล/sony-zv-e10/,EXPECTED_FROM_ROUTE_SOURCE,SOURCE_EXPECTED_TRUE,EXPECTED_TRUE_BUILD_NOT_FRESHLY_VERIFIED,4,,False,0.0,0.0,0.0,,KEEP_OWNER,HIGH,Source-derived current route; fresh Astro build unavailable in this environment.
/บริการ/รับซื้อกล้อง-เสีย-อุบล/,src/content/services/camera-broken-ubon.md,services,service,commercial,รับซื้อกล้องเสีย,,,,,,/บริการ/รับซื้อกล้อง-อุบล/,GENERATED_CANONICAL_ROUTE,/บริการ/รับซื้อกล้อง-เสีย-อุบล/,EXPECTED_FROM_ROUTE_SOURCE,SOURCE_EXPECTED_TRUE,EXPECTED_TRUE_BUILD_NOT_FRESHLY_VERIFIED,0,,False,0.0,0.0,0.0,,KEEP_OWNER,HIGH,Source-derived current route; fresh Astro build unavailable in this environment.
/บริการ/รับซื้อกล้องพร้อมเลนส์-อุบล/,src/content/services/camera-with-lens-ubon.md,services,service,commercial,รับซื้อกล้องพร้อมเลนส์,,,,,,/บริการ/รับซื้อกล้อง-อุบล/,GENERATED_CANONICAL_ROUTE,/บริการ/รับซื้อกล้องพร้อมเลนส์-อุบล/,EXPECTED_FROM_ROUTE_SOURCE,SOURCE_EXPECTED_TRUE,EXPECTED_TRUE_BUILD_NOT_FRESHLY_VERIFIED,4,,True,0.0,13.0,0.0,10.54,KEEP_OWNER,HIGH,Source-derived current route; fresh Astro build unavailable in this environment.
/บริการ/รับซื้อการ์ดจอ-อุบล/,src/content/services/gpu-ubon.md,services,service,commercial,รับซื้อการ์ดจอ,,,,,,/บริการ/รับซื้อ-อะไหล่คอม-อุบล/,GENERATED_CANONICAL_ROUTE,/บริการ/รับซื้อการ์ดจอ-อุบล/,EXPECTED_FROM_ROUTE_SOURCE,SOURCE_EXPECTED_TRUE,EXPECTED_TRUE_BUILD_NOT_FRESHLY_VERIFIED,40,,True,0.0,1.0,0.0,3.0,KEEP_OWNER,HIGH,Source-derived current route; fresh Astro build unavailable in this environment.
/บริการ/รับซื้อคอมบริษัท-อุบล/,src/content/services/pc-corporate-ubon.md,services,service,commercial,รับซื้อคอมบริษัท,,,,,,/บริการ/,GENERATED_CANONICAL_ROUTE,/บริการ/รับซื้อคอมบริษัท-อุบล/,EXPECTED_FROM_ROUTE_SOURCE,SOURCE_EXPECTED_TRUE,EXPECTED_TRUE_BUILD_NOT_FRESHLY_VERIFIED,30,,True,0.0,2.0,0.0,11.0,KEEP_OWNER,HIGH,Source-derived current route; fresh Astro build unavailable in this environment.
/บริการ/รับซื้อคอมประกอบ-อุบล/,src/content/services/pc-custom-build-ubon.md,services,service,commercial,รับซื้อ คอมประกอบ,,,,,,/บริการ/รับซื้อคอมพิวเตอร์-อุบล/,GENERATED_CANONICAL_ROUTE,/บริการ/รับซื้อคอมประกอบ-อุบล/,EXPECTED_FROM_ROUTE_SOURCE,SOURCE_EXPECTED_TRUE,EXPECTED_TRUE_BUILD_NOT_FRESHLY_VERIFIED,26,,True,0.0,1.0,0.0,10.0,KEEP_OWNER,HIGH,Source-derived current route; fresh Astro build unavailable in this environment.
/บริการ/รับซื้อคอมพิวเตอร์-พิบูลมังสาหาร/,src/content/services/รับซื้อคอมพิวเตอร์-พิบูลมังสาหาร.md,services,service,commercial,คอมพิวเตอร์ พิบูล,,,,,,/บริการ/,GENERATED_CANONICAL_ROUTE,/บริการ/รับซื้อคอมพิวเตอร์-พิบูลมังสาหาร/,EXPECTED_FROM_ROUTE_SOURCE,SOURCE_EXPECTED_TRUE,EXPECTED_TRUE_BUILD_NOT_FRESHLY_VERIFIED,8,,True,0.0,1.0,0.0,11.0,KEEP_OWNER,HIGH,Source-derived current route; fresh Astro build unavailable in this environment.
/บริการ/รับซื้อคอมพิวเตอร์-อุบล/,src/content/services/pc-ubon.md,services,service,commercial,รับซื้อคอมพิวเตอร์,,,,,,/บริการ/,GENERATED_CANONICAL_ROUTE,/บริการ/รับซื้อคอมพิวเตอร์-อุบล/,EXPECTED_FROM_ROUTE_SOURCE,SOURCE_EXPECTED_TRUE,EXPECTED_TRUE_BUILD_NOT_FRESHLY_VERIFIED,138,,True,7.0,106.0,0.0660377358490566,10.36,PROTECT_WINNER,HIGH,Source-derived current route; fresh Astro build unavailable in this environment.
/บริการ/รับซื้อคอมยกล็อต-อุบล/,src/content/services/b2b-lot-ubon.md,services,service,commercial,รับซื้อคอมยกล็อต,,,,,,/บริการ/,GENERATED_CANONICAL_ROUTE,/บริการ/รับซื้อคอมยกล็อต-อุบล/,EXPECTED_FROM_ROUTE_SOURCE,SOURCE_EXPECTED_TRUE,EXPECTED_TRUE_BUILD_NOT_FRESHLY_VERIFIED,46,,False,0.0,0.0,0.0,,KEEP_OWNER,HIGH,Source-derived current route; fresh Astro build unavailable in this environment.
/บริการ/รับซื้อคอมร้านเกม-อุบล/,src/content/services/pc-game-cafe-ubon.md,services,service,commercial,รับซื้อคอมร้านเกม,,,,,,/บริการ/รับซื้อคอมบริษัท-อุบล/,GENERATED_CANONICAL_ROUTE,/บริการ/รับซื้อคอมร้านเกม-อุบล/,EXPECTED_FROM_ROUTE_SOURCE,SOURCE_EXPECTED_TRUE,EXPECTED_TRUE_BUILD_NOT_FRESHLY_VERIFIED,14,,True,0.0,1.0,0.0,9.0,KEEP_OWNER,HIGH,Source-derived current route; fresh Astro build unavailable in this environment.
/บริการ/รับซื้อคอมสำนักงาน-อุบล/,src/content/services/pc-office-ubon.md,services,service,commercial,รับซื้อคอมสำนักงาน,,,,,,/บริการ/รับซื้อคอมบริษัท-อุบล/,GENERATED_CANONICAL_ROUTE,/บริการ/รับซื้อคอมสำนักงาน-อุบล/,EXPECTED_FROM_ROUTE_SOURCE,SOURCE_EXPECTED_TRUE,EXPECTED_TRUE_BUILD_NOT_FRESHLY_VERIFIED,12,,True,0.0,2.0,0.0,7.0,KEEP_OWNER,HIGH,Source-derived current route; fresh Astro build unavailable in this environment.
/บริการ/รับซื้อคอมโรงเรียน-อุบล/,src/content/services/pc-school-ubon.md,services,service,commercial,รับซื้อคอมโรงเรียน,,,,,,/บริการ/รับซื้อคอมบริษัท-อุบล/,GENERATED_CANONICAL_ROUTE,/บริการ/รับซื้อคอมโรงเรียน-อุบล/,EXPECTED_FROM_ROUTE_SOURCE,SOURCE_EXPECTED_TRUE,EXPECTED_TRUE_BUILD_NOT_FRESHLY_VERIFIED,4,,False,0.0,0.0,0.0,,KEEP_OWNER,HIGH,Source-derived current route; fresh Astro build unavailable in this environment.
/บริการ/รับซื้อจอคอม-อุบล/,src/content/services/monitor-ubon.md,services,service,commercial,รับซื้อจอคอม,,,,,,/บริการ/รับซื้อคอมพิวเตอร์-อุบล/,GENERATED_CANONICAL_ROUTE,/บริการ/รับซื้อจอคอม-อุบล/,EXPECTED_FROM_ROUTE_SOURCE,SOURCE_EXPECTED_TRUE,EXPECTED_TRUE_BUILD_NOT_FRESHLY_VERIFIED,26,,True,0.0,1.0,0.0,15.0,KEEP_OWNER,HIGH,Source-derived current route; fresh Astro build unavailable in this environment.
/บริการ/รับซื้อจอเกมมิ่ง-อุบล/,src/content/services/monitor-gaming-ubon.md,services,service,commercial,รับซื้อจอเกมมิ่ง,,,,,,/บริการ/รับซื้อจอคอม-อุบล/,GENERATED_CANONICAL_ROUTE,/บริการ/รับซื้อจอเกมมิ่ง-อุบล/,EXPECTED_FROM_ROUTE_SOURCE,SOURCE_EXPECTED_TRUE,EXPECTED_TRUE_BUILD_NOT_FRESHLY_VERIFIED,6,,True,1.0,1.0,1.0,19.0,KEEP_OWNER,HIGH,Source-derived current route; fresh Astro build unavailable in this environment.
/บริการ/รับซื้อทีวี-อุบล/,src/content/services/tv-electronics-ubon.md,services,service,commercial,รับซื้อทีวี/เครื่องใช้ไฟฟ้า,,,,,,/บริการ/,GENERATED_CANONICAL_ROUTE,/บริการ/รับซื้อทีวี-อุบล/,EXPECTED_FROM_ROUTE_SOURCE,SOURCE_EXPECTED_TRUE,EXPECTED_TRUE_BUILD_NOT_FRESHLY_VERIFIED,0,,False,0.0,0.0,0.0,,KEEP_OWNER,HIGH,Source-derived current route; fresh Astro build unavailable in this environment.
/บริการ/รับซื้อมือถือ-อุบล/,src/content/services/smartphone-ubon.md,services,service,commercial,รับซื้อโทรศัพท์มือถือ,,,,,,/บริการ/,GENERATED_CANONICAL_ROUTE,/บริการ/รับซื้อมือถือ-อุบล/,EXPECTED_FROM_ROUTE_SOURCE,SOURCE_EXPECTED_TRUE,EXPECTED_TRUE_BUILD_NOT_FRESHLY_VERIFIED,78,,True,65.0,870.0,0.0747126436781609,7.879999999999999,PROTECT_WINNER,HIGH,Source-derived current route; fresh Astro build unavailable in this environment.
/บริการ/รับซื้อมือถือ-เดชอุดม/,src/content/services/รับซื้อมือถือ-เดชอุดม.md,services,service,commercial,มือถือ เดชอุดม,,,,,,/บริการ/,GENERATED_CANONICAL_ROUTE,/บริการ/รับซื้อมือถือ-เดชอุดม/,EXPECTED_FROM_ROUTE_SOURCE,SOURCE_EXPECTED_TRUE,EXPECTED_TRUE_BUILD_NOT_FRESHLY_VERIFIED,6,,True,3.0,20.0,0.15,4.85,KEEP_OWNER,HIGH,Source-derived current route; fresh Astro build unavailable in this environment.
/บริการ/รับซื้อลำโพง-jbl-marshall-อุบล/,src/content/services/speaker-jbl-marshall-ubon.md,services,service,commercial,รับซื้อลำโพง JBL Marshall,,,,,,/บริการ/รับซื้อ-เครื่องเสียง-อุบล/,GENERATED_CANONICAL_ROUTE,/บริการ/รับซื้อลำโพง-jbl-marshall-อุบล/,EXPECTED_FROM_ROUTE_SOURCE,SOURCE_EXPECTED_TRUE,EXPECTED_TRUE_BUILD_NOT_FRESHLY_VERIFIED,4,,True,0.0,3.0,0.0,8.67,KEEP_OWNER,HIGH,Source-derived current route; fresh Astro build unavailable in this environment.
/บริการ/รับซื้อสมาร์ทวอทช์-แก็ดเจ็ต-อุบล/,src/content/services/gadget-ubon.md,services,service,commercial,รับซื้อสมาร์ทวอทช์/แก็ดเจ็ต,,,,,,/บริการ/,GENERATED_CANONICAL_ROUTE,/บริการ/รับซื้อสมาร์ทวอทช์-แก็ดเจ็ต-อุบล/,EXPECTED_FROM_ROUTE_SOURCE,SOURCE_EXPECTED_TRUE,EXPECTED_TRUE_BUILD_NOT_FRESHLY_VERIFIED,2,,True,0.0,7.0,0.0,10.570000000000002,KEEP_OWNER,HIGH,Source-derived current route; fresh Astro build unavailable in this environment.
/บริการ/รับซื้ออุปกรณ์คอม-อุบล/,src/content/services/pc-parts-bundle-ubon.md,services,service,commercial,รับซื้ออุปกรณ์คอม,,,,,,/บริการ/รับซื้อ-อะไหล่คอม-อุบล/,GENERATED_CANONICAL_ROUTE,/บริการ/รับซื้ออุปกรณ์คอม-อุบล/,EXPECTED_FROM_ROUTE_SOURCE,SOURCE_EXPECTED_TRUE,EXPECTED_TRUE_BUILD_NOT_FRESHLY_VERIFIED,10,,True,0.0,12.0,0.0,7.169999999999999,KEEP_OWNER,HIGH,Source-derived current route; fresh Astro build unavailable in this environment.
/บริการ/รับซื้ออุปกรณ์ไอทียกล็อต-อุบล/,src/content/services/it-lot-ubon.md,services,service,commercial,รับซื้ออุปกรณ์ไอทียกล็อต,,,,,,/บริการ/รับซื้อคอมยกล็อต-อุบล/,GENERATED_CANONICAL_ROUTE,/บริการ/รับซื้ออุปกรณ์ไอทียกล็อต-อุบล/,EXPECTED_FROM_ROUTE_SOURCE,SOURCE_EXPECTED_TRUE,EXPECTED_TRUE_BUILD_NOT_FRESHLY_VERIFIED,2,,True,0.0,2.0,0.0,7.5,KEEP_OWNER,HIGH,Source-derived current route; fresh Astro build unavailable in this environment.
/บริการ/รับซื้อเครื่องเกมพกพา-อุบล/,src/content/services/handheld-game-console-ubon.md,services,service,commercial,รับซื้อเครื่องเกมพกพา,,,,,,/บริการ/รับซื้อ-เครื่องเกม-อุบล/,GENERATED_CANONICAL_ROUTE,/บริการ/รับซื้อเครื่องเกมพกพา-อุบล/,EXPECTED_FROM_ROUTE_SOURCE,SOURCE_EXPECTED_TRUE,EXPECTED_TRUE_BUILD_NOT_FRESHLY_VERIFIED,26,,False,0.0,0.0,0.0,,KEEP_OWNER,HIGH,Source-derived current route; fresh Astro build unavailable in this environment.
/บริการ/รับซื้อเลนส์-canon-rf-ef-อุบล/,src/content/services/lens-canon-rf-ef-ubon.md,services,service,commercial,รับซื้อเลนส์ Canon,,,,,,/บริการ/รับซื้อเลนส์กล้อง-อุบล/,GENERATED_CANONICAL_ROUTE,/บริการ/รับซื้อเลนส์-canon-rf-ef-อุบล/,EXPECTED_FROM_ROUTE_SOURCE,SOURCE_EXPECTED_TRUE,EXPECTED_TRUE_BUILD_NOT_FRESHLY_VERIFIED,8,,True,0.0,2.0,0.0,15.5,KEEP_OWNER,HIGH,Source-derived current route; fresh Astro build unavailable in this environment.
/บริการ/รับซื้อเลนส์-sony-fe-อุบล/,src/content/services/lens-sony-fe-ubon.md,services,service,commercial,รับซื้อเลนส์ Sony FE,,,,,,/บริการ/รับซื้อเลนส์กล้อง-อุบล/,GENERATED_CANONICAL_ROUTE,/บริการ/รับซื้อเลนส์-sony-fe-อุบล/,EXPECTED_FROM_ROUTE_SOURCE,SOURCE_EXPECTED_TRUE,EXPECTED_TRUE_BUILD_NOT_FRESHLY_VERIFIED,10,,False,0.0,0.0,0.0,,KEEP_OWNER,HIGH,Source-derived current route; fresh Astro build unavailable in this environment.
/บริการ/รับซื้อเลนส์กล้อง-อุบล/,src/content/services/camera-lens-ubon.md,services,service,commercial,รับซื้อเลนส์กล้อง,,,,,,/บริการ/,GENERATED_CANONICAL_ROUTE,/บริการ/รับซื้อเลนส์กล้อง-อุบล/,EXPECTED_FROM_ROUTE_SOURCE,SOURCE_EXPECTED_TRUE,EXPECTED_TRUE_BUILD_NOT_FRESHLY_VERIFIED,38,,True,0.0,20.0,0.0,8.35,KEEP_OWNER,HIGH,Source-derived current route; fresh Astro build unavailable in this environment.
/บริการ/รับซื้อแท็บเล็ต-อุบล/,src/content/services/tablet-ubon.md,services,service,commercial,รับซื้อแท็บเล็ต,,,,,,/บริการ/,GENERATED_CANONICAL_ROUTE,/บริการ/รับซื้อแท็บเล็ต-อุบล/,EXPECTED_FROM_ROUTE_SOURCE,SOURCE_EXPECTED_TRUE,EXPECTED_TRUE_BUILD_NOT_FRESHLY_VERIFIED,0,,True,1.0,28.0,0.0357142857142857,6.86,KEEP_OWNER,HIGH,Source-derived current route; fresh Astro build unavailable in this environment.
/บริการ/รับซื้อโดรน-dji-อุบล/,src/content/services/drone-dji-ubon.md,services,service,commercial,โดรน DJI,,,,,,/บริการ/รับซื้อกล้อง-อุบล/,GENERATED_CANONICAL_ROUTE,/บริการ/รับซื้อโดรน-dji-อุบล/,EXPECTED_FROM_ROUTE_SOURCE,SOURCE_EXPECTED_TRUE,EXPECTED_TRUE_BUILD_NOT_FRESHLY_VERIFIED,8,,True,0.0,2.0,0.0,5.0,KEEP_OWNER,HIGH,Source-derived current route; fresh Astro build unavailable in this environment.
/บริการ/รับซื้อโน้ตบุ๊ก-acer-อุบล/,src/content/services/notebook-acer-ubon.md,services,service,commercial,โน้ตบุ๊ก Acer,,,,,,/บริการ/รับซื้อโน้ตบุ๊ก-อุบล/,GENERATED_CANONICAL_ROUTE,/บริการ/รับซื้อโน้ตบุ๊ก-acer-อุบล/,EXPECTED_FROM_ROUTE_SOURCE,SOURCE_EXPECTED_TRUE,EXPECTED_TRUE_BUILD_NOT_FRESHLY_VERIFIED,20,,True,0.0,1.0,0.0,16.0,KEEP_OWNER,HIGH,Source-derived current route; fresh Astro build unavailable in this environment.
/บริการ/รับซื้อโน้ตบุ๊ก-asus-อุบล/,src/content/services/notebook-asus-ubon.md,services,service,commercial,โน้ตบุ๊ก ASUS,,,,,,/บริการ/รับซื้อโน้ตบุ๊ก-อุบล/,GENERATED_CANONICAL_ROUTE,/บริการ/รับซื้อโน้ตบุ๊ก-asus-อุบล/,EXPECTED_FROM_ROUTE_SOURCE,SOURCE_EXPECTED_TRUE,EXPECTED_TRUE_BUILD_NOT_FRESHLY_VERIFIED,22,,True,0.0,5.0,0.0,9.0,KEEP_OWNER,HIGH,Source-derived current route; fresh Astro build unavailable in this environment.
/บริการ/รับซื้อโน้ตบุ๊ก-dell-อุบล/,src/content/services/notebook-dell-ubon.md,services,service,commercial,รับซื้อ Dell,,,,,,/บริการ/รับซื้อโน้ตบุ๊ก-อุบล/,GENERATED_CANONICAL_ROUTE,/บริการ/รับซื้อโน้ตบุ๊ก-dell-อุบล/,EXPECTED_FROM_ROUTE_SOURCE,SOURCE_EXPECTED_TRUE,EXPECTED_TRUE_BUILD_NOT_FRESHLY_VERIFIED,12,,False,0.0,0.0,0.0,,KEEP_OWNER,HIGH,Source-derived current route; fresh Astro build unavailable in this environment.
/บริการ/รับซื้อโน้ตบุ๊ก-gaming-อุบล/,src/content/services/notebook-gaming-ubon.md,services,service,commercial,รับซื้อโน้ตบุ๊กเกมมิ่ง,,,,,,/บริการ/รับซื้อโน้ตบุ๊ก-อุบล/,GENERATED_CANONICAL_ROUTE,/บริการ/รับซื้อโน้ตบุ๊ก-gaming-อุบล/,EXPECTED_FROM_ROUTE_SOURCE,SOURCE_EXPECTED_TRUE,EXPECTED_TRUE_BUILD_NOT_FRESHLY_VERIFIED,12,,False,0.0,0.0,0.0,,KEEP_OWNER,HIGH,Source-derived current route; fresh Astro build unavailable in this environment.
/บริการ/รับซื้อโน้ตบุ๊ก-hp-อุบล/,src/content/services/notebook-hp-ubon.md,services,service,commercial,รับซื้อ HP,,,,,,/บริการ/รับซื้อโน้ตบุ๊ก-อุบล/,GENERATED_CANONICAL_ROUTE,/บริการ/รับซื้อโน้ตบุ๊ก-hp-อุบล/,EXPECTED_FROM_ROUTE_SOURCE,SOURCE_EXPECTED_TRUE,EXPECTED_TRUE_BUILD_NOT_FRESHLY_VERIFIED,12,,False,0.0,0.0,0.0,,KEEP_OWNER,HIGH,Source-derived current route; fresh Astro build unavailable in this environment.
/บริการ/รับซื้อโน้ตบุ๊ก-lenovo-อุบล/,src/content/services/notebook-lenovo-ubon.md,services,service,commercial,รับซื้อ Lenovo,,,,,,/บริการ/รับซื้อโน้ตบุ๊ก-อุบล/,GENERATED_CANONICAL_ROUTE,/บริการ/รับซื้อโน้ตบุ๊ก-lenovo-อุบล/,EXPECTED_FROM_ROUTE_SOURCE,SOURCE_EXPECTED_TRUE,EXPECTED_TRUE_BUILD_NOT_FRESHLY_VERIFIED,12,,False,0.0,0.0,0.0,,KEEP_OWNER,HIGH,Source-derived current route; fresh Astro build unavailable in this environment.
/บริการ/รับซื้อโน้ตบุ๊ก-msi-อุบล/,src/content/services/notebook-msi-ubon.md,services,service,commercial,รับซื้อ MSI,,,,,,/บริการ/รับซื้อโน้ตบุ๊ก-อุบล/,GENERATED_CANONICAL_ROUTE,/บริการ/รับซื้อโน้ตบุ๊ก-msi-อุบล/,EXPECTED_FROM_ROUTE_SOURCE,SOURCE_EXPECTED_TRUE,EXPECTED_TRUE_BUILD_NOT_FRESHLY_VERIFIED,12,,False,0.0,0.0,0.0,,KEEP_OWNER,HIGH,Source-derived current route; fresh Astro build unavailable in this environment.
/บริการ/รับซื้อโน้ตบุ๊ก-วารินชำราบ/,src/content/services/รับซื้อโน้ตบุ๊ก-วารินชำราบ.md,services,service,commercial,โน้ตบุ๊ก วารินชำราบ,,,,,,/บริการ/,GENERATED_CANONICAL_ROUTE,/บริการ/รับซื้อโน้ตบุ๊ก-วารินชำราบ/,EXPECTED_FROM_ROUTE_SOURCE,SOURCE_EXPECTED_TRUE,EXPECTED_TRUE_BUILD_NOT_FRESHLY_VERIFIED,6,,False,0.0,0.0,0.0,,KEEP_OWNER,HIGH,Source-derived current route; fresh Astro build unavailable in this environment.
/บริการ/รับซื้อโน้ตบุ๊ก-อุบล/,src/content/services/notebook-ubon.md,services,service,commercial,รับซื้อโน้ตบุ๊ก,,,,,,/บริการ/,GENERATED_CANONICAL_ROUTE,/บริการ/รับซื้อโน้ตบุ๊ก-อุบล/,EXPECTED_FROM_ROUTE_SOURCE,SOURCE_EXPECTED_TRUE,EXPECTED_TRUE_BUILD_NOT_FRESHLY_VERIFIED,187,,True,1.0,19.0,0.0526315789473684,10.95,KEEP_OWNER,HIGH,Source-derived current route; fresh Astro build unavailable in this environment.
/บริการ/รับซื้อโน้ตบุ๊ก-เดชอุดม/,src/content/services/รับซื้อโน้ตบุ๊ก-เดชอุดม.md,services,service,commercial,โน้ตบุ๊ก เดชอุดม,,,,,,/บริการ/,GENERATED_CANONICAL_ROUTE,/บริการ/รับซื้อโน้ตบุ๊ก-เดชอุดม/,EXPECTED_FROM_ROUTE_SOURCE,SOURCE_EXPECTED_TRUE,EXPECTED_TRUE_BUILD_NOT_FRESHLY_VERIFIED,8,,False,0.0,0.0,0.0,,KEEP_OWNER,HIGH,Source-derived current route; fresh Astro build unavailable in this environment.
/บริการ/รับซื้อโน้ตบุ๊กจอแตก-อุบล/,src/content/services/notebook-cracked-screen-ubon.md,services,service,commercial,รับซื้อโน้ตบุ๊กจอแตก,,,,,,/บริการ/รับซื้อโน้ตบุ๊ก-อุบล/,GENERATED_CANONICAL_ROUTE,/บริการ/รับซื้อโน้ตบุ๊กจอแตก-อุบล/,EXPECTED_FROM_ROUTE_SOURCE,SOURCE_EXPECTED_TRUE,EXPECTED_TRUE_BUILD_NOT_FRESHLY_VERIFIED,10,,True,0.0,1.0,0.0,27.0,KEEP_OWNER,HIGH,Source-derived current route; fresh Astro build unavailable in this environment.
/บริการ/รับซื้อโน้ตบุ๊กยกล็อต-อุบล/,src/content/services/notebook-lot-ubon.md,services,service,commercial,รับซื้อโน้ตบุ๊กยกล็อต,,,,,,/บริการ/รับซื้อคอมยกล็อต-อุบล/,GENERATED_CANONICAL_ROUTE,/บริการ/รับซื้อโน้ตบุ๊กยกล็อต-อุบล/,EXPECTED_FROM_ROUTE_SOURCE,SOURCE_EXPECTED_TRUE,EXPECTED_TRUE_BUILD_NOT_FRESHLY_VERIFIED,6,,False,0.0,0.0,0.0,,KEEP_OWNER,HIGH,Source-derived current route; fresh Astro build unavailable in this environment.
/บริการ/รับซื้อโน้ตบุ๊กเปิดไม่ติด-อุบล/,src/content/services/notebook-no-power-ubon.md,services,service,commercial,รับซื้อโน้ตบุ๊กเปิดไม่ติด,,,,,,/บริการ/รับซื้อโน้ตบุ๊ก-อุบล/,GENERATED_CANONICAL_ROUTE,/บริการ/รับซื้อโน้ตบุ๊กเปิดไม่ติด-อุบล/,EXPECTED_FROM_ROUTE_SOURCE,SOURCE_EXPECTED_TRUE,EXPECTED_TRUE_BUILD_NOT_FRESHLY_VERIFIED,12,,True,0.0,1.0,0.0,30.0,KEEP_OWNER,HIGH,Source-derived current route; fresh Astro build unavailable in this environment.
/บริการ/รับเทิร์นไอที-อุบล/,src/content/services/trade-in-ubon.md,services,service,commercial,รับเทิร์นสินค้าไอที,,,,,,/บริการ/,GENERATED_CANONICAL_ROUTE,/บริการ/รับเทิร์นไอที-อุบล/,EXPECTED_FROM_ROUTE_SOURCE,SOURCE_EXPECTED_TRUE,EXPECTED_TRUE_BUILD_NOT_FRESHLY_VERIFIED,6,,False,0.0,0.0,0.0,,KEEP_OWNER,HIGH,Source-derived current route; fresh Astro build unavailable in this environment.
/ผลงาน/,src/pages/ผลงาน/index.astro,static,hub,proof_hub,ผลงาน,,,,,,,GENERATED_CANONICAL_ROUTE,/ผลงาน/,EXPECTED_FROM_ROUTE_SOURCE,SOURCE_EXPECTED_TRUE,EXPECTED_TRUE_BUILD_NOT_FRESHLY_VERIFIED,9,,True,0.0,4.0,0.0,11.5,KEEP_SUPPORT,MEDIUM,Source-derived current route; fresh Astro build unavailable in this environment.
/ผลงาน/รับซื้อ-asus-rog-วารินชำราบ/,src/content/updates/2026-03-asus-rog-warin.md,updates,proof,proof_support,รับซื้อ ASUS ROG ที่วารินชำราบ — เกมเมอร์เทิร์นโน้ตบุ๊ก,,,,,warin-chamrap,/ผลงาน/,GENERATED_CANONICAL_ROUTE,/ผลงาน/รับซื้อ-asus-rog-วารินชำราบ/,EXPECTED_FROM_ROUTE_SOURCE,SOURCE_EXPECTED_TRUE,EXPECTED_TRUE_BUILD_NOT_FRESHLY_VERIFIED,2,,True,0.0,1.0,0.0,22.0,KEEP_SUPPORT,MEDIUM,Source-derived current route; fresh Astro build unavailable in this environment.
/ผลงาน/รับซื้อ-canon-r6-พิบูลมังสาหาร/,src/content/updates/2026-04-camera-canon-phibun.md,updates,proof,proof_support,รับซื้อ Canon EOS R6 ที่พิบูลมังสาหาร — ช่างภาพขายกล้อง,,,,,phibun-mangsahan,/ผลงาน/,GENERATED_CANONICAL_ROUTE,/ผลงาน/รับซื้อ-canon-r6-พิบูลมังสาหาร/,EXPECTED_FROM_ROUTE_SOURCE,SOURCE_EXPECTED_TRUE,EXPECTED_TRUE_BUILD_NOT_FRESHLY_VERIFIED,0,,False,0.0,0.0,0.0,,KEEP_SUPPORT,MEDIUM,Source-derived current route; fresh Astro build unavailable in this environment.
/ผลงาน/รับซื้อ-dell-นาจะหลวง/,src/content/updates/2026-01-notebook-dell-na-chaluai.md,updates,proof,proof_support,รับซื้อ Dell Inspiron ที่นาจะหลวย — โน้ตบุ๊กเก่าได้เงินก้อน,,,,,na-chaluai,/ผลงาน/,GENERATED_CANONICAL_ROUTE,/ผลงาน/รับซื้อ-dell-นาจะหลวง/,EXPECTED_FROM_ROUTE_SOURCE,SOURCE_EXPECTED_TRUE,EXPECTED_TRUE_BUILD_NOT_FRESHLY_VERIFIED,0,,False,0.0,0.0,0.0,,KEEP_SUPPORT,MEDIUM,Source-derived current route; fresh Astro build unavailable in this environment.
/ผลงาน/รับซื้อ-ipad-pro-เมืองอุบล/,src/content/updates/2026-02-ipad-mueang.md,updates,proof,proof_support,รับซื้อ iPad Pro ที่เมืองอุบล — นักเรียนเทิร์นเป็นเงินสด,,,,,mueang-ubon,/ผลงาน/,GENERATED_CANONICAL_ROUTE,/ผลงาน/รับซื้อ-ipad-pro-เมืองอุบล/,EXPECTED_FROM_ROUTE_SOURCE,SOURCE_EXPECTED_TRUE,EXPECTED_TRUE_BUILD_NOT_FRESHLY_VERIFIED,0,,True,1.0,1.0,1.0,26.0,KEEP_SUPPORT,MEDIUM,Source-derived current route; fresh Astro build unavailable in this environment.
/ผลงาน/รับซื้อ-iphone-13-เมืองอุบล/,src/content/updates/2025-11-iphone-13-mueang.md,updates,proof,proof_support,รับซื้อ iPhone 13 128GB ที่เมืองอุบล — จ่ายเงินสดทันที,,,,,mueang-ubon,/ผลงาน/,GENERATED_CANONICAL_ROUTE,/ผลงาน/รับซื้อ-iphone-13-เมืองอุบล/,EXPECTED_FROM_ROUTE_SOURCE,SOURCE_EXPECTED_TRUE,EXPECTED_TRUE_BUILD_NOT_FRESHLY_VERIFIED,0,,True,0.0,2.0,0.0,10.0,KEEP_SUPPORT,MEDIUM,Source-derived current route; fresh Astro build unavailable in this environment.
/ผลงาน/รับซื้อ-iphone-15-pro-max-อุบล-เซ็นทรัล/,src/content/updates/2026-06-iphone-15-pro-max-mueang.md,updates,proof,proof_support,รับซื้อ iPhone 15 Pro Max เครื่องศูนย์ไทย นัดรับเซ็นทรัลอุบล,,,,,mueang-ubon,/ผลงาน/,GENERATED_CANONICAL_ROUTE,/ผลงาน/รับซื้อ-iphone-15-pro-max-อุบล-เซ็นทรัล/,EXPECTED_FROM_ROUTE_SOURCE,SOURCE_EXPECTED_TRUE,EXPECTED_TRUE_BUILD_NOT_FRESHLY_VERIFIED,0,,True,1.0,14.0,0.0714285714285714,9.79,KEEP_SUPPORT,MEDIUM,Source-derived current route; fresh Astro build unavailable in this environment.
/ผลงาน/รับซื้อ-macbook-air-สำโรง/,src/content/updates/2025-12-macbook-air-samrong.md,updates,proof,proof_support,รับซื้อ MacBook Air M1 ที่สำโรง — นักศึกษาพอใจราคา,,,,,samrong,/ผลงาน/,GENERATED_CANONICAL_ROUTE,/ผลงาน/รับซื้อ-macbook-air-สำโรง/,EXPECTED_FROM_ROUTE_SOURCE,SOURCE_EXPECTED_TRUE,EXPECTED_TRUE_BUILD_NOT_FRESHLY_VERIFIED,0,,True,0.0,2.0,0.0,25.5,KEEP_SUPPORT,MEDIUM,Source-derived current route; fresh Astro build unavailable in this environment.
/ผลงาน/รับซื้อ-macbook-pro-สำโรง/,src/content/updates/2026-05-macbook-pro-samrong.md,updates,proof,proof_support,รับซื้อ MacBook Pro M2 ที่สำโรง — ฟรีแลนซ์อัปเกรดเครื่อง,,,,,samrong,/ผลงาน/,GENERATED_CANONICAL_ROUTE,/ผลงาน/รับซื้อ-macbook-pro-สำโรง/,EXPECTED_FROM_ROUTE_SOURCE,SOURCE_EXPECTED_TRUE,EXPECTED_TRUE_BUILD_NOT_FRESHLY_VERIFIED,0,,False,0.0,0.0,0.0,,KEEP_SUPPORT,MEDIUM,Source-derived current route; fresh Astro build unavailable in this environment.
/ผลงาน/รับซื้อ-oppo-ม่วงสามสิบ/,src/content/updates/2026-03-oppo-muang-sam-sip.md,updates,proof,proof_support,รับซื้อ OPPO Reno ที่ม่วงสามสิบ — ตอบไว ราคาดี,,,,,muang-sam-sip,/ผลงาน/,GENERATED_CANONICAL_ROUTE,/ผลงาน/รับซื้อ-oppo-ม่วงสามสิบ/,EXPECTED_FROM_ROUTE_SOURCE,SOURCE_EXPECTED_TRUE,EXPECTED_TRUE_BUILD_NOT_FRESHLY_VERIFIED,0,,True,0.0,1.0,0.0,20.0,KEEP_SUPPORT,MEDIUM,Source-derived current route; fresh Astro build unavailable in this environment.
/ผลงาน/รับซื้อ-samsung-พิบูลมังสาหาร/,src/content/updates/2026-03-phibun-samsung.md,updates,proof,proof_support,รับซื้อ Samsung Galaxy ที่พิบูลมังสาหาร — จ่ายเงินสดทันที,,,,,phibun-mangsahan,/ผลงาน/,GENERATED_CANONICAL_ROUTE,/ผลงาน/รับซื้อ-samsung-พิบูลมังสาหาร/,EXPECTED_FROM_ROUTE_SOURCE,SOURCE_EXPECTED_TRUE,EXPECTED_TRUE_BUILD_NOT_FRESHLY_VERIFIED,0,,True,0.0,6.0,0.0,10.17,KEEP_SUPPORT,MEDIUM,Source-derived current route; fresh Astro build unavailable in this environment.
/ผลงาน/รับซื้อ-sony-a7iv-สิรินธร/,src/content/updates/2026-01-sony-a7iv-sirindhorn.md,updates,proof,proof_support,รับซื้อ Sony A7IV ที่สิรินธร — ช่างภาพขายกล้องเก่า,,,,,sirindhorn,/ผลงาน/,GENERATED_CANONICAL_ROUTE,/ผลงาน/รับซื้อ-sony-a7iv-สิรินธร/,EXPECTED_FROM_ROUTE_SOURCE,SOURCE_EXPECTED_TRUE,EXPECTED_TRUE_BUILD_NOT_FRESHLY_VERIFIED,0,,False,0.0,0.0,0.0,,KEEP_SUPPORT,MEDIUM,Source-derived current route; fresh Astro build unavailable in this environment.
/ผลงาน/รับซื้อกล้อง-sony-a7iii-เดชอุดม/,src/content/updates/2026-02-camera-det-udom.md,updates,proof,proof_support,รับซื้อกล้อง Sony A7III ที่เดชอุดม — พร้อมเลนส์ 24-70,,,,,det-udom,/ผลงาน/,GENERATED_CANONICAL_ROUTE,/ผลงาน/รับซื้อกล้อง-sony-a7iii-เดชอุดม/,EXPECTED_FROM_ROUTE_SOURCE,SOURCE_EXPECTED_TRUE,EXPECTED_TRUE_BUILD_NOT_FRESHLY_VERIFIED,2,,False,0.0,0.0,0.0,,KEEP_SUPPORT,MEDIUM,Source-derived current route; fresh Astro build unavailable in this environment.
/ผลงาน/รับซื้อโน้ตบุ๊ก-rog-มหาวิทยาลัยอุบล/,src/content/updates/2026-03-notebook-ubon-university.md,updates,proof,proof_support,วันนี้ไปรับโน้ตบุ๊กแถว ม.อุบล — ASUS ROG จ่ายเงินสดทันที,,,,,mueang-ubon,/ผลงาน/,GENERATED_CANONICAL_ROUTE,/ผลงาน/รับซื้อโน้ตบุ๊ก-rog-มหาวิทยาลัยอุบล/,EXPECTED_FROM_ROUTE_SOURCE,SOURCE_EXPECTED_TRUE,EXPECTED_TRUE_BUILD_NOT_FRESHLY_VERIFIED,0,,False,0.0,0.0,0.0,,KEEP_SUPPORT,MEDIUM,Source-derived current route; fresh Astro build unavailable in this environment.
/ผลงาน/รับเทิร์น-iphone-14-วารินชำราบ/,src/content/updates/2026-03-iphone-warin.md,updates,proof,proof_support,รับเทิร์น iPhone 14 Pro ที่วารินชำราบ — ลูกค้าพอใจราคา,,,,,warin-chamrap,/ผลงาน/,GENERATED_CANONICAL_ROUTE,/ผลงาน/รับเทิร์น-iphone-14-วารินชำราบ/,EXPECTED_FROM_ROUTE_SOURCE,SOURCE_EXPECTED_TRUE,EXPECTED_TRUE_BUILD_NOT_FRESHLY_VERIFIED,2,,False,0.0,0.0,0.0,,KEEP_SUPPORT,MEDIUM,Source-derived current route; fresh Astro build unavailable in this environment.
/ผลงาน/รับเทิร์น-iphone-15-เดชอุดม/,src/content/updates/2026-04-iphone-15-det-udom.md,updates,proof,proof_support,รับเทิร์น iPhone 15 ที่เดชอุดม — ไม่ต้องเดินทางไปเมืองอุบล,,,,,det-udom,/ผลงาน/,GENERATED_CANONICAL_ROUTE,/ผลงาน/รับเทิร์น-iphone-15-เดชอุดม/,EXPECTED_FROM_ROUTE_SOURCE,SOURCE_EXPECTED_TRUE,EXPECTED_TRUE_BUILD_NOT_FRESHLY_VERIFIED,2,,True,0.0,2.0,0.0,21.5,KEEP_SUPPORT,MEDIUM,Source-derived current route; fresh Astro build unavailable in this environment.
/ผลงาน/รับเทิร์น-samsung-s24-ขุนหาญ/,src/content/updates/2025-12-samsung-s24-khunhan.md,updates,proof,proof_support,รับเทิร์น Samsung S24 ที่ขุนหาญ ศรีสะเกษ — ราคาไม่เปลี่ยนหลังนัดรับ,,,,,,/ผลงาน/,GENERATED_CANONICAL_ROUTE,/ผลงาน/รับเทิร์น-samsung-s24-ขุนหาญ/,EXPECTED_FROM_ROUTE_SOURCE,SOURCE_EXPECTED_TRUE,EXPECTED_TRUE_BUILD_NOT_FRESHLY_VERIFIED,0,,True,0.0,1.0,0.0,33.0,KEEP_SUPPORT,MEDIUM,Source-derived current route; fresh Astro build unavailable in this environment.
/ผลงาน/รับเทิร์นไอที-3-ชิ้น-ตระการพืชผล/,src/content/updates/2026-02-trade-in-trakan.md,updates,proof,proof_support,รับเทิร์นไอที 3 ชิ้น ที่ตระการพืชผล — จบครั้งเดียว,,,,,trakan-phuet-phon,/ผลงาน/,GENERATED_CANONICAL_ROUTE,/ผลงาน/รับเทิร์นไอที-3-ชิ้น-ตระการพืชผล/,EXPECTED_FROM_ROUTE_SOURCE,SOURCE_EXPECTED_TRUE,EXPECTED_TRUE_BUILD_NOT_FRESHLY_VERIFIED,0,,True,0.0,1.0,0.0,34.0,KEEP_SUPPORT,MEDIUM,Source-derived current route; fresh Astro build unavailable in this environment.
/ผลงาน/รับเทิร์นไอที-เมืองอุบล/,src/content/updates/2026-03-trade-in-mueang-ubon.md,updates,proof,proof_support,รับเทิร์น iPad และ iPhone ที่เมืองอุบล — ลูกค้าได้เงินก้อน,,,,,mueang-ubon,/ผลงาน/,GENERATED_CANONICAL_ROUTE,/ผลงาน/รับเทิร์นไอที-เมืองอุบล/,EXPECTED_FROM_ROUTE_SOURCE,SOURCE_EXPECTED_TRUE,EXPECTED_TRUE_BUILD_NOT_FRESHLY_VERIFIED,0,,True,0.0,1.0,0.0,9.0,KEEP_SUPPORT,MEDIUM,Source-derived current route; fresh Astro build unavailable in this environment.
/พื้นที่/,src/pages/พื้นที่/index.astro,static,hub,local_hub,พื้นที่ให้บริการ,,,,,,,GENERATED_CANONICAL_ROUTE,/พื้นที่/,EXPECTED_FROM_ROUTE_SOURCE,SOURCE_EXPECTED_TRUE,EXPECTED_TRUE_BUILD_NOT_FRESHLY_VERIFIED,454,,True,1.0,22.0,0.0454545454545454,7.55,KEEP_OWNER,MEDIUM,Source-derived current route; fresh Astro build unavailable in this environment.
/พื้นที่/buntharik/,src/content/areas/buntharik.md,areas,district,local,อำเภอบุณฑริก,,,,,buntharik,/พื้นที่/,GENERATED_CANONICAL_ROUTE,/พื้นที่/buntharik/,EXPECTED_FROM_ROUTE_SOURCE,SOURCE_EXPECTED_TRUE,EXPECTED_TRUE_BUILD_NOT_FRESHLY_VERIFIED,2,,True,3.0,37.0,0.081081081081081,7.859999999999999,KEEP_OWNER,HIGH,Source-derived current route; fresh Astro build unavailable in this environment.
/พื้นที่/det-udom/,src/content/areas/det-udom.md,areas,district,local,อำเภอเดชอุดม,,,,,det-udom,/พื้นที่/,GENERATED_CANONICAL_ROUTE,/พื้นที่/det-udom/,EXPECTED_FROM_ROUTE_SOURCE,SOURCE_EXPECTED_TRUE,EXPECTED_TRUE_BUILD_NOT_FRESHLY_VERIFIED,31,,True,12.0,221.0,0.0542986425339366,7.16,PROTECT_WINNER,HIGH,Source-derived current route; fresh Astro build unavailable in this environment.
/พื้นที่/don-mot-daeng/,src/content/areas/don-mot-daeng.md,areas,district,local,อำเภอดอนมดแดง,,,,,don-mot-daeng,/พื้นที่/,GENERATED_CANONICAL_ROUTE,/พื้นที่/don-mot-daeng/,EXPECTED_FROM_ROUTE_SOURCE,SOURCE_EXPECTED_TRUE,EXPECTED_TRUE_BUILD_NOT_FRESHLY_VERIFIED,2,,True,0.0,3.0,0.0,3.67,KEEP_OWNER,HIGH,Source-derived current route; fresh Astro build unavailable in this environment.
/พื้นที่/khemarat/,src/content/areas/khemarat.md,areas,district,local,อำเภอเขมราฐ,,,,,khemarat,/พื้นที่/,GENERATED_CANONICAL_ROUTE,/พื้นที่/khemarat/,EXPECTED_FROM_ROUTE_SOURCE,SOURCE_EXPECTED_TRUE,EXPECTED_TRUE_BUILD_NOT_FRESHLY_VERIFIED,8,,True,4.0,71.0,0.056338028169014,7.489999999999999,PROTECT_WINNER,HIGH,Source-derived current route; fresh Astro build unavailable in this environment.
/พื้นที่/khong-chiam/,src/content/areas/khong-chiam.md,areas,district,local,อำเภอโขงเจียม,,,,,khong-chiam,/พื้นที่/,GENERATED_CANONICAL_ROUTE,/พื้นที่/khong-chiam/,EXPECTED_FROM_ROUTE_SOURCE,SOURCE_EXPECTED_TRUE,EXPECTED_TRUE_BUILD_NOT_FRESHLY_VERIFIED,8,,True,1.0,56.0,0.0178571428571428,6.089999999999999,PROTECT_WINNER,HIGH,Source-derived current route; fresh Astro build unavailable in this environment.
/พื้นที่/khueang-nai/,src/content/areas/khueang-nai.md,areas,district,local,อำเภอเขื่องใน,,,,,khueang-nai,/พื้นที่/,GENERATED_CANONICAL_ROUTE,/พื้นที่/khueang-nai/,EXPECTED_FROM_ROUTE_SOURCE,SOURCE_EXPECTED_TRUE,EXPECTED_TRUE_BUILD_NOT_FRESHLY_VERIFIED,9,,True,6.0,140.0,0.0428571428571428,8.41,PROTECT_WINNER,HIGH,Source-derived current route; fresh Astro build unavailable in this environment.
/พื้นที่/kut-khaopun/,src/content/areas/kut-khaopun.md,areas,district,local,อำเภอกุดข้าวปุ้น,,,,,kut-khaopun,/พื้นที่/,GENERATED_CANONICAL_ROUTE,/พื้นที่/kut-khaopun/,EXPECTED_FROM_ROUTE_SOURCE,SOURCE_EXPECTED_TRUE,EXPECTED_TRUE_BUILD_NOT_FRESHLY_VERIFIED,0,,True,2.0,62.0,0.032258064516129,8.18,KEEP_OWNER,HIGH,Source-derived current route; fresh Astro build unavailable in this environment.
/พื้นที่/lao-suea-kok/,src/content/areas/lao-suea-kok.md,areas,district,local,อำเภอเหล่าเสือโก้ก,,,,,lao-suea-kok,/พื้นที่/,GENERATED_CANONICAL_ROUTE,/พื้นที่/lao-suea-kok/,EXPECTED_FROM_ROUTE_SOURCE,SOURCE_EXPECTED_TRUE,EXPECTED_TRUE_BUILD_NOT_FRESHLY_VERIFIED,0,,True,2.0,21.0,0.0952380952380952,8.71,KEEP_OWNER,HIGH,Source-derived current route; fresh Astro build unavailable in this environment.
/พื้นที่/muang-sam-sip/,src/content/areas/muang-sam-sip.md,areas,district,local,อำเภอม่วงสามสิบ,,,,,muang-sam-sip,/พื้นที่/,GENERATED_CANONICAL_ROUTE,/พื้นที่/muang-sam-sip/,EXPECTED_FROM_ROUTE_SOURCE,SOURCE_EXPECTED_TRUE,EXPECTED_TRUE_BUILD_NOT_FRESHLY_VERIFIED,6,,True,1.0,26.0,0.0384615384615384,5.69,KEEP_OWNER,HIGH,Source-derived current route; fresh Astro build unavailable in this environment.
/พื้นที่/mueang-ubon-ratchathani/,src/content/areas/mueang-ubon-ratchathani.md,areas,district,local,อำเภอเมืองอุบลราชธานี,,,,,mueang-ubon-ratchathani,/พื้นที่/,GENERATED_CANONICAL_ROUTE,/พื้นที่/mueang-ubon-ratchathani/,EXPECTED_FROM_ROUTE_SOURCE,SOURCE_EXPECTED_TRUE,EXPECTED_TRUE_BUILD_NOT_FRESHLY_VERIFIED,100,,True,4.0,46.0,0.0869565217391304,7.65,PROTECT_WINNER,HIGH,Source-derived current route; fresh Astro build unavailable in this environment.
/พื้นที่/na-chaluai/,src/content/areas/na-chaluai.md,areas,district,local,อำเภอนาจะหลวย,,,,,na-chaluai,/พื้นที่/,GENERATED_CANONICAL_ROUTE,/พื้นที่/na-chaluai/,EXPECTED_FROM_ROUTE_SOURCE,SOURCE_EXPECTED_TRUE,EXPECTED_TRUE_BUILD_NOT_FRESHLY_VERIFIED,2,,True,4.0,36.0,0.1111111111111111,8.19,KEEP_OWNER,HIGH,Source-derived current route; fresh Astro build unavailable in this environment.
/พื้นที่/na-tan/,src/content/areas/na-tan.md,areas,district,local,อำเภอนาตาล,,,,,na-tan,/พื้นที่/,GENERATED_CANONICAL_ROUTE,/พื้นที่/na-tan/,EXPECTED_FROM_ROUTE_SOURCE,SOURCE_EXPECTED_TRUE,EXPECTED_TRUE_BUILD_NOT_FRESHLY_VERIFIED,0,,True,2.0,12.0,0.1666666666666666,7.25,KEEP_OWNER,HIGH,Source-derived current route; fresh Astro build unavailable in this environment.
/พื้นที่/na-yia/,src/content/areas/na-yia.md,areas,district,local,อำเภอนาเยีย,,,,,na-yia,/พื้นที่/,GENERATED_CANONICAL_ROUTE,/พื้นที่/na-yia/,EXPECTED_FROM_ROUTE_SOURCE,SOURCE_EXPECTED_TRUE,EXPECTED_TRUE_BUILD_NOT_FRESHLY_VERIFIED,0,,True,1.0,9.0,0.1111111111111111,6.67,KEEP_OWNER,HIGH,Source-derived current route; fresh Astro build unavailable in this environment.
/พื้นที่/nam-khun/,src/content/areas/nam-khun.md,areas,district,local,อำเภอน้ำขุ่น,,,,,nam-khun,/พื้นที่/,GENERATED_CANONICAL_ROUTE,/พื้นที่/nam-khun/,EXPECTED_FROM_ROUTE_SOURCE,SOURCE_EXPECTED_TRUE,EXPECTED_TRUE_BUILD_NOT_FRESHLY_VERIFIED,0,,True,2.0,37.0,0.054054054054054,7.49,KEEP_OWNER,HIGH,Source-derived current route; fresh Astro build unavailable in this environment.
/พื้นที่/nam-yuen/,src/content/areas/nam-yuen.md,areas,district,local,อำเภอน้ำยืน,,,,,nam-yuen,/พื้นที่/,GENERATED_CANONICAL_ROUTE,/พื้นที่/nam-yuen/,EXPECTED_FROM_ROUTE_SOURCE,SOURCE_EXPECTED_TRUE,EXPECTED_TRUE_BUILD_NOT_FRESHLY_VERIFIED,8,,True,7.0,63.0,0.1111111111111111,7.587619047619048,PROTECT_WINNER,HIGH,Source-derived current route; fresh Astro build unavailable in this environment.
/พื้นที่/phibun-mangsahan/,src/content/areas/phibun-mangsahan.md,areas,district,local,อำเภอพิบูลมังสาหาร,,,,,phibun-mangsahan,/พื้นที่/,GENERATED_CANONICAL_ROUTE,/พื้นที่/phibun-mangsahan/,EXPECTED_FROM_ROUTE_SOURCE,SOURCE_EXPECTED_TRUE,EXPECTED_TRUE_BUILD_NOT_FRESHLY_VERIFIED,29,,False,0.0,0.0,0.0,,KEEP_OWNER,HIGH,Source-derived current route; fresh Astro build unavailable in this environment.
/พื้นที่/pho-sai/,src/content/areas/pho-sai.md,areas,district,local,อำเภอโพธิ์ไทร,,,,,pho-sai,/พื้นที่/,GENERATED_CANONICAL_ROUTE,/พื้นที่/pho-sai/,EXPECTED_FROM_ROUTE_SOURCE,SOURCE_EXPECTED_TRUE,EXPECTED_TRUE_BUILD_NOT_FRESHLY_VERIFIED,2,,True,3.0,26.0,0.1153846153846153,6.58,KEEP_OWNER,HIGH,Source-derived current route; fresh Astro build unavailable in this environment.
/พื้นที่/samrong/,src/content/areas/samrong.md,areas,district,local,อำเภอสำโรง,,,,,samrong,/พื้นที่/,GENERATED_CANONICAL_ROUTE,/พื้นที่/samrong/,EXPECTED_FROM_ROUTE_SOURCE,SOURCE_EXPECTED_TRUE,EXPECTED_TRUE_BUILD_NOT_FRESHLY_VERIFIED,2,,True,3.0,44.0,0.0681818181818181,7.0,KEEP_OWNER,HIGH,Source-derived current route; fresh Astro build unavailable in this environment.
/พื้นที่/sawang-wirawong/,src/content/areas/sawang-wirawong.md,areas,district,local,อำเภอสว่างวีระวงศ์,,,,,sawang-wirawong,/พื้นที่/,GENERATED_CANONICAL_ROUTE,/พื้นที่/sawang-wirawong/,EXPECTED_FROM_ROUTE_SOURCE,SOURCE_EXPECTED_TRUE,EXPECTED_TRUE_BUILD_NOT_FRESHLY_VERIFIED,0,,True,0.0,24.0,0.0,7.71,KEEP_OWNER,HIGH,Source-derived current route; fresh Astro build unavailable in this environment.
/พื้นที่/si-mueang-mai/,src/content/areas/si-mueang-mai.md,areas,district,local,อำเภอศรีเมืองใหม่,,,,,si-mueang-mai,/พื้นที่/,GENERATED_CANONICAL_ROUTE,/พื้นที่/si-mueang-mai/,EXPECTED_FROM_ROUTE_SOURCE,SOURCE_EXPECTED_TRUE,EXPECTED_TRUE_BUILD_NOT_FRESHLY_VERIFIED,0,,True,2.0,31.0,0.064516129032258,5.81,KEEP_OWNER,HIGH,Source-derived current route; fresh Astro build unavailable in this environment.
/พื้นที่/sirindhorn/,src/content/areas/sirindhorn.md,areas,district,local,อำเภอสิรินธร,,,,,sirindhorn,/พื้นที่/,GENERATED_CANONICAL_ROUTE,/พื้นที่/sirindhorn/,EXPECTED_FROM_ROUTE_SOURCE,SOURCE_EXPECTED_TRUE,EXPECTED_TRUE_BUILD_NOT_FRESHLY_VERIFIED,0,,True,2.0,54.0,0.037037037037037,7.13,PROTECT_WINNER,HIGH,Source-derived current route; fresh Astro build unavailable in this environment.
/พื้นที่/tan-sum/,src/content/areas/tan-sum.md,areas,district,local,อำเภอตาลสุม,,,,,tan-sum,/พื้นที่/,GENERATED_CANONICAL_ROUTE,/พื้นที่/tan-sum/,EXPECTED_FROM_ROUTE_SOURCE,SOURCE_EXPECTED_TRUE,EXPECTED_TRUE_BUILD_NOT_FRESHLY_VERIFIED,2,,True,0.0,30.0,0.0,8.03,KEEP_OWNER,HIGH,Source-derived current route; fresh Astro build unavailable in this environment.
/พื้นที่/thung-si-udom/,src/content/areas/thung-si-udom.md,areas,district,local,อำเภอทุ่งศรีอุดม,,,,,thung-si-udom,/พื้นที่/,GENERATED_CANONICAL_ROUTE,/พื้นที่/thung-si-udom/,EXPECTED_FROM_ROUTE_SOURCE,SOURCE_EXPECTED_TRUE,EXPECTED_TRUE_BUILD_NOT_FRESHLY_VERIFIED,0,,True,1.0,20.0,0.05,7.75,KEEP_OWNER,HIGH,Source-derived current route; fresh Astro build unavailable in this environment.
/พื้นที่/trakan-phuet-phon/,src/content/areas/trakan-phuet-phon.md,areas,district,local,อำเภอตระการพืชผล,,,,,trakan-phuet-phon,/พื้นที่/,GENERATED_CANONICAL_ROUTE,/พื้นที่/trakan-phuet-phon/,EXPECTED_FROM_ROUTE_SOURCE,SOURCE_EXPECTED_TRUE,EXPECTED_TRUE_BUILD_NOT_FRESHLY_VERIFIED,10,,True,2.0,46.0,0.0434782608695652,7.59,PROTECT_WINNER,HIGH,Source-derived current route; fresh Astro build unavailable in this environment.
/พื้นที่/ubon-university/,src/content/areas/ubon-university.md,areas,landmark,local,มหาวิทยาลัยอุบลราชธานี,,,,,ubon-university,/พื้นที่/,GENERATED_CANONICAL_ROUTE,/พื้นที่/ubon-university/,EXPECTED_FROM_ROUTE_SOURCE,SOURCE_EXPECTED_TRUE,EXPECTED_TRUE_BUILD_NOT_FRESHLY_VERIFIED,98,,True,0.0,1.0,0.0,3.0,KEEP_OWNER,MEDIUM,Source-derived current route; fresh Astro build unavailable in this environment.
/พื้นที่/warin-chamrap/,src/content/areas/warin-chamrap.md,areas,district,local,อำเภอวารินชำราบ,,,,,warin-chamrap,/พื้นที่/,GENERATED_CANONICAL_ROUTE,/พื้นที่/warin-chamrap/,EXPECTED_FROM_ROUTE_SOURCE,SOURCE_EXPECTED_TRUE,EXPECTED_TRUE_BUILD_NOT_FRESHLY_VERIFIED,117,,True,18.0,214.0,0.0841121495327102,6.640000000000001,PROTECT_WINNER,HIGH,Source-derived current route; fresh Astro build unavailable in this environment.
/วิธีประเมินราคา/,src/pages/วิธีประเมินราคา.astro,static,utility,utility,วิธีประเมินราคา,,,,,,,GENERATED_CANONICAL_ROUTE,/วิธีประเมินราคา/,EXPECTED_FROM_ROUTE_SOURCE,SOURCE_EXPECTED_TRUE,EXPECTED_TRUE_BUILD_NOT_FRESHLY_VERIFIED,1,,True,0.0,5.0,0.0,3.6,KEEP_SUPPORT,MEDIUM,Source-derived current route; fresh Astro build unavailable in this environment.
/เกี่ยวกับเรา/,src/pages/เกี่ยวกับเรา.astro,static,utility,utility,เกี่ยวกับเรา,,,,,,,GENERATED_CANONICAL_ROUTE,/เกี่ยวกับเรา/,EXPECTED_FROM_ROUTE_SOURCE,SOURCE_EXPECTED_TRUE,EXPECTED_TRUE_BUILD_NOT_FRESHLY_VERIFIED,1,,True,0.0,7.0,0.0,4.71,KEEP_SUPPORT,MEDIUM,Source-derived current route; fresh Astro build unavailable in this environment.
/เงื่อนไขรับซื้อ/,src/pages/เงื่อนไขรับซื้อ.astro,static,utility,utility,เงื่อนไขรับซื้อ,,,,,,,GENERATED_CANONICAL_ROUTE,/เงื่อนไขรับซื้อ/,EXPECTED_FROM_ROUTE_SOURCE,SOURCE_EXPECTED_TRUE,EXPECTED_TRUE_BUILD_NOT_FRESHLY_VERIFIED,1,,True,0.0,1.0,0.0,6.0,KEEP_SUPPORT,MEDIUM,Source-derived current route; fresh Astro build unavailable in this environment.
/sitemap.xml/,vercel.json,redirect_rules,redirect_rule,legacy_alias,,,,,,,,PERMANENT_REDIRECT_PATTERN,/sitemap-index.xml,,FALSE_BY_REDIRECT,EXPECTED_FALSE,0,/sitemap-index.xml,False,0.0,0.0,0.0,,REDIRECT_LEGACY,HIGH,Redirect rule present in current repo; pattern may cover multiple historical URLs.
/บริการ/b2b-lot-ubon/,vercel.json,legacy,legacy_url,legacy_alias,,,,,,,,PERMANENT_REDIRECT,/บริการ/รับซื้อคอมยกล็อต-อุบล/,,FALSE_BY_REDIRECT,EXPECTED_FALSE,0,/บริการ/รับซื้อคอมยกล็อต-อุบล/,True,0.0,3.0,0.0,7.669999999999999,REDIRECT_LEGACY,HIGH,Historical GSC URL; redirect exists in current repo.
/บริการ/b2b-lot-ubon/:path*,vercel.json,redirect_rules,redirect_rule,legacy_alias,,,,,,,,PERMANENT_REDIRECT_PATTERN,/บริการ/รับซื้อคอมยกล็อต-อุบล/:path*,,FALSE_BY_REDIRECT,EXPECTED_FALSE,0,/บริการ/รับซื้อคอมยกล็อต-อุบล/:path*,False,0.0,0.0,0.0,,REDIRECT_LEGACY,HIGH,Redirect rule present in current repo; pattern may cover multiple historical URLs.
/บริการ/b2b-lot-ubon/corporate-pc/,vercel.json,legacy,legacy_url,legacy_alias,,,,,,,,PERMANENT_REDIRECT,/บริการ/รับซื้อคอมบริษัท-อุบล/,,FALSE_BY_REDIRECT,EXPECTED_FALSE,0,/บริการ/รับซื้อคอมบริษัท-อุบล/,True,0.0,3.0,0.0,6.669999999999999,REDIRECT_LEGACY,HIGH,Historical GSC URL; redirect exists in current repo.
/บริการ/b2b-lot-ubon/corporate-pc/:path*,vercel.json,redirect_rules,redirect_rule,legacy_alias,,,,,,,,PERMANENT_REDIRECT_PATTERN,/บริการ/รับซื้อคอมบริษัท-อุบล/:path*,,FALSE_BY_REDIRECT,EXPECTED_FALSE,0,/บริการ/รับซื้อคอมบริษัท-อุบล/:path*,False,0.0,0.0,0.0,,REDIRECT_LEGACY,HIGH,Redirect rule present in current repo; pattern may cover multiple historical URLs.
/บริการ/camera-lens-ubon/,vercel.json,legacy,legacy_url,legacy_alias,,,,,,,,PERMANENT_REDIRECT,/บริการ/รับซื้อเลนส์กล้อง-อุบล/,,FALSE_BY_REDIRECT,EXPECTED_FALSE,0,/บริการ/รับซื้อเลนส์กล้อง-อุบล/,True,0.0,1.0,0.0,2.0,REDIRECT_LEGACY,HIGH,Historical GSC URL; redirect exists in current repo.
/บริการ/camera-lens-ubon/:path*,vercel.json,redirect_rules,redirect_rule,legacy_alias,,,,,,,,PERMANENT_REDIRECT_PATTERN,/บริการ/รับซื้อเลนส์กล้อง-อุบล/:path*,,FALSE_BY_REDIRECT,EXPECTED_FALSE,0,/บริการ/รับซื้อเลนส์กล้อง-อุบล/:path*,False,0.0,0.0,0.0,,REDIRECT_LEGACY,HIGH,Redirect rule present in current repo; pattern may cover multiple historical URLs.
/บริการ/ipad-ubon/,vercel.json,legacy,legacy_url,legacy_alias,,,,,,,,PERMANENT_REDIRECT,/บริการ/รับซื้อ-ipad-อุบล/,,FALSE_BY_REDIRECT,EXPECTED_FALSE,0,/บริการ/รับซื้อ-ipad-อุบล/,True,4.0,95.0,0.0421052631578947,8.26,REDIRECT_LEGACY,HIGH,Historical GSC URL; redirect exists in current repo.
/บริการ/ipad-ubon/:path*,vercel.json,redirect_rules,redirect_rule,legacy_alias,,,,,,,,PERMANENT_REDIRECT_PATTERN,/บริการ/รับซื้อ-ipad-อุบล/:path*,,FALSE_BY_REDIRECT,EXPECTED_FALSE,0,/บริการ/รับซื้อ-ipad-อุบล/:path*,False,0.0,0.0,0.0,,REDIRECT_LEGACY,HIGH,Redirect rule present in current repo; pattern may cover multiple historical URLs.
/บริการ/ipad-ubon/ipad-air/:path*,vercel.json,redirect_rules,redirect_rule,legacy_alias,,,,,,,,PERMANENT_REDIRECT_PATTERN,/บริการ/รับซื้อ-ipad-air-อุบล/,,FALSE_BY_REDIRECT,EXPECTED_FALSE,0,/บริการ/รับซื้อ-ipad-air-อุบล/,False,0.0,0.0,0.0,,REDIRECT_LEGACY,HIGH,Redirect rule present in current repo; pattern may cover multiple historical URLs.
/บริการ/ipad-ubon/ipad-gen-9-10/:path*,vercel.json,redirect_rules,redirect_rule,legacy_alias,,,,,,,,PERMANENT_REDIRECT_PATTERN,/บริการ/รับซื้อ-ipad-อุบล/,,FALSE_BY_REDIRECT,EXPECTED_FALSE,0,/บริการ/รับซื้อ-ipad-อุบล/,False,0.0,0.0,0.0,,REDIRECT_LEGACY,HIGH,Redirect rule present in current repo; pattern may cover multiple historical URLs.
/บริการ/ipad-ubon/ipad-gen/:path*,vercel.json,redirect_rules,redirect_rule,legacy_alias,,,,,,,,PERMANENT_REDIRECT_PATTERN,/บริการ/รับซื้อ-ipad-อุบล/,,FALSE_BY_REDIRECT,EXPECTED_FALSE,0,/บริการ/รับซื้อ-ipad-อุบล/,False,0.0,0.0,0.0,,REDIRECT_LEGACY,HIGH,Redirect rule present in current repo; pattern may cover multiple historical URLs.
/บริการ/ipad-ubon/ipad-mini/:path*,vercel.json,redirect_rules,redirect_rule,legacy_alias,,,,,,,,PERMANENT_REDIRECT_PATTERN,/บริการ/รับซื้อ-ipad-mini-อุบล/,,FALSE_BY_REDIRECT,EXPECTED_FALSE,0,/บริการ/รับซื้อ-ipad-mini-อุบล/,False,0.0,0.0,0.0,,REDIRECT_LEGACY,HIGH,Redirect rule present in current repo; pattern may cover multiple historical URLs.
/บริการ/ipad-ubon/ipad-pro/:path*,vercel.json,redirect_rules,redirect_rule,legacy_alias,,,,,,,,PERMANENT_REDIRECT_PATTERN,/บริการ/รับซื้อ-ipad-pro-อุบล/,,FALSE_BY_REDIRECT,EXPECTED_FALSE,0,/บริการ/รับซื้อ-ipad-pro-อุบล/,False,0.0,0.0,0.0,,REDIRECT_LEGACY,HIGH,Redirect rule present in current repo; pattern may cover multiple historical URLs.
/บริการ/ipad/:path*,vercel.json,redirect_rules,redirect_rule,legacy_alias,,,,,,,,PERMANENT_REDIRECT_PATTERN,/บริการ/รับซื้อ-ipad-อุบล/:path*,,FALSE_BY_REDIRECT,EXPECTED_FALSE,0,/บริการ/รับซื้อ-ipad-อุบล/:path*,False,0.0,0.0,0.0,,REDIRECT_LEGACY,HIGH,Redirect rule present in current repo; pattern may cover multiple historical URLs.
/บริการ/ipad/ipad-air/:path*,vercel.json,redirect_rules,redirect_rule,legacy_alias,,,,,,,,PERMANENT_REDIRECT_PATTERN,/บริการ/รับซื้อ-ipad-air-อุบล/,,FALSE_BY_REDIRECT,EXPECTED_FALSE,0,/บริการ/รับซื้อ-ipad-air-อุบล/,False,0.0,0.0,0.0,,REDIRECT_LEGACY,HIGH,Redirect rule present in current repo; pattern may cover multiple historical URLs.
/บริการ/ipad/ipad-gen-9-10/:path*,vercel.json,redirect_rules,redirect_rule,legacy_alias,,,,,,,,PERMANENT_REDIRECT_PATTERN,/บริการ/รับซื้อ-ipad-อุบล/,,FALSE_BY_REDIRECT,EXPECTED_FALSE,0,/บริการ/รับซื้อ-ipad-อุบล/,False,0.0,0.0,0.0,,REDIRECT_LEGACY,HIGH,Redirect rule present in current repo; pattern may cover multiple historical URLs.
/บริการ/ipad/ipad-gen/:path*,vercel.json,redirect_rules,redirect_rule,legacy_alias,,,,,,,,PERMANENT_REDIRECT_PATTERN,/บริการ/รับซื้อ-ipad-อุบล/,,FALSE_BY_REDIRECT,EXPECTED_FALSE,0,/บริการ/รับซื้อ-ipad-อุบล/,False,0.0,0.0,0.0,,REDIRECT_LEGACY,HIGH,Redirect rule present in current repo; pattern may cover multiple historical URLs.
/บริการ/ipad/ipad-mini/:path*,vercel.json,redirect_rules,redirect_rule,legacy_alias,,,,,,,,PERMANENT_REDIRECT_PATTERN,/บริการ/รับซื้อ-ipad-mini-อุบล/,,FALSE_BY_REDIRECT,EXPECTED_FALSE,0,/บริการ/รับซื้อ-ipad-mini-อุบล/,False,0.0,0.0,0.0,,REDIRECT_LEGACY,HIGH,Redirect rule present in current repo; pattern may cover multiple historical URLs.
/บริการ/ipad/ipad-pro/:path*,vercel.json,redirect_rules,redirect_rule,legacy_alias,,,,,,,,PERMANENT_REDIRECT_PATTERN,/บริการ/รับซื้อ-ipad-pro-อุบล/,,FALSE_BY_REDIRECT,EXPECTED_FALSE,0,/บริการ/รับซื้อ-ipad-pro-อุบล/,False,0.0,0.0,0.0,,REDIRECT_LEGACY,HIGH,Redirect rule present in current repo; pattern may cover multiple historical URLs.
/บริการ/รับซื้อ-cpu-ram-ssd-อุบล/,vercel.json,legacy,legacy_url,legacy_alias,,,,,,,,PERMANENT_REDIRECT,/บริการ/รับซื้ออุปกรณ์คอม-อุบล/,,FALSE_BY_REDIRECT,EXPECTED_FALSE,0,/บริการ/รับซื้ออุปกรณ์คอม-อุบล/,True,1.0,2.0,0.5,3.5,REDIRECT_LEGACY,HIGH,Historical GSC URL; redirect exists in current repo.
/บริการ/รับซื้อ-cpu-ram-ssd-อุบล/:path*,vercel.json,redirect_rules,redirect_rule,legacy_alias,,,,,,,,PERMANENT_REDIRECT_PATTERN,/บริการ/รับซื้ออุปกรณ์คอม-อุบล/:path*,,FALSE_BY_REDIRECT,EXPECTED_FALSE,0,/บริการ/รับซื้ออุปกรณ์คอม-อุบล/:path*,False,0.0,0.0,0.0,,REDIRECT_LEGACY,HIGH,Redirect rule present in current repo; pattern may cover multiple historical URLs.
/บริการ/รับซื้อ-ipad-อุบล/ipad-air/,vercel.json,legacy,legacy_url,legacy_alias,,,,,,,,PERMANENT_REDIRECT,/บริการ/รับซื้อ-ipad-air-อุบล/,,FALSE_BY_REDIRECT,EXPECTED_FALSE,0,/บริการ/รับซื้อ-ipad-air-อุบล/,True,0.0,2.0,0.0,2.5,REDIRECT_LEGACY,HIGH,Historical GSC URL; redirect exists in current repo.
/บริการ/รับซื้อ-ipad-อุบล/ipad-air/:path*,vercel.json,redirect_rules,redirect_rule,legacy_alias,,,,,,,,PERMANENT_REDIRECT_PATTERN,/บริการ/รับซื้อ-ipad-air-อุบล/,,FALSE_BY_REDIRECT,EXPECTED_FALSE,0,/บริการ/รับซื้อ-ipad-air-อุบล/,False,0.0,0.0,0.0,,REDIRECT_LEGACY,HIGH,Redirect rule present in current repo; pattern may cover multiple historical URLs.
/บริการ/รับซื้อ-ipad-อุบล/ipad-gen-9-10/,vercel.json,legacy,legacy_url,legacy_alias,,,,,,,,PERMANENT_REDIRECT,/บริการ/รับซื้อ-ipad-อุบล/,,FALSE_BY_REDIRECT,EXPECTED_FALSE,0,/บริการ/รับซื้อ-ipad-อุบล/,True,0.0,1.0,0.0,12.0,REDIRECT_LEGACY,HIGH,Historical GSC URL; redirect exists in current repo.
/บริการ/รับซื้อ-ipad-อุบล/ipad-gen-9-10/:path*,vercel.json,redirect_rules,redirect_rule,legacy_alias,,,,,,,,PERMANENT_REDIRECT_PATTERN,/บริการ/รับซื้อ-ipad-อุบล/,,FALSE_BY_REDIRECT,EXPECTED_FALSE,0,/บริการ/รับซื้อ-ipad-อุบล/,False,0.0,0.0,0.0,,REDIRECT_LEGACY,HIGH,Redirect rule present in current repo; pattern may cover multiple historical URLs.
/บริการ/รับซื้อ-ipad-อุบล/ipad-gen/:path*,vercel.json,redirect_rules,redirect_rule,legacy_alias,,,,,,,,PERMANENT_REDIRECT_PATTERN,/บริการ/รับซื้อ-ipad-อุบล/,,FALSE_BY_REDIRECT,EXPECTED_FALSE,0,/บริการ/รับซื้อ-ipad-อุบล/,False,0.0,0.0,0.0,,REDIRECT_LEGACY,HIGH,Redirect rule present in current repo; pattern may cover multiple historical URLs.
/บริการ/รับซื้อ-ipad-อุบล/ipad-mini/:path*,vercel.json,redirect_rules,redirect_rule,legacy_alias,,,,,,,,PERMANENT_REDIRECT_PATTERN,/บริการ/รับซื้อ-ipad-mini-อุบล/,,FALSE_BY_REDIRECT,EXPECTED_FALSE,0,/บริการ/รับซื้อ-ipad-mini-อุบล/,False,0.0,0.0,0.0,,REDIRECT_LEGACY,HIGH,Redirect rule present in current repo; pattern may cover multiple historical URLs.
/บริการ/รับซื้อ-ipad-อุบล/ipad-pro/,vercel.json,legacy,legacy_url,legacy_alias,,,,,,,,PERMANENT_REDIRECT,/บริการ/รับซื้อ-ipad-pro-อุบล/,,FALSE_BY_REDIRECT,EXPECTED_FALSE,0,/บริการ/รับซื้อ-ipad-pro-อุบล/,True,2.0,26.0,0.0769230769230769,10.650000000000002,REDIRECT_LEGACY,HIGH,Historical GSC URL; redirect exists in current repo.
/บริการ/รับซื้อ-ipad-อุบล/ipad-pro/:path*,vercel.json,redirect_rules,redirect_rule,legacy_alias,,,,,,,,PERMANENT_REDIRECT_PATTERN,/บริการ/รับซื้อ-ipad-pro-อุบล/,,FALSE_BY_REDIRECT,EXPECTED_FALSE,0,/บริการ/รับซื้อ-ipad-pro-อุบล/,False,0.0,0.0,0.0,,REDIRECT_LEGACY,HIGH,Redirect rule present in current repo; pattern may cover multiple historical URLs.
/บริการ/รับซื้อ-ipad/:path*,vercel.json,redirect_rules,redirect_rule,legacy_alias,,,,,,,,PERMANENT_REDIRECT_PATTERN,/บริการ/รับซื้อ-ipad-อุบล/:path*,,FALSE_BY_REDIRECT,EXPECTED_FALSE,0,/บริการ/รับซื้อ-ipad-อุบล/:path*,False,0.0,0.0,0.0,,REDIRECT_LEGACY,HIGH,Redirect rule present in current repo; pattern may cover multiple historical URLs.
/บริการ/รับซื้อ-ipad/ipad-air/,vercel.json,legacy,legacy_url,legacy_alias,,,,,,,,PERMANENT_REDIRECT,/บริการ/รับซื้อ-ipad-air-อุบล/,,FALSE_BY_REDIRECT,EXPECTED_FALSE,0,/บริการ/รับซื้อ-ipad-air-อุบล/,True,1.0,9.0,0.1111111111111111,8.11,REDIRECT_LEGACY,HIGH,Historical GSC URL; redirect exists in current repo.
/บริการ/รับซื้อ-ipad/ipad-air/:path*,vercel.json,redirect_rules,redirect_rule,legacy_alias,,,,,,,,PERMANENT_REDIRECT_PATTERN,/บริการ/รับซื้อ-ipad-air-อุบล/,,FALSE_BY_REDIRECT,EXPECTED_FALSE,0,/บริการ/รับซื้อ-ipad-air-อุบล/,False,0.0,0.0,0.0,,REDIRECT_LEGACY,HIGH,Redirect rule present in current repo; pattern may cover multiple historical URLs.
/บริการ/รับซื้อ-ipad/ipad-gen-9-10/:path*,vercel.json,redirect_rules,redirect_rule,legacy_alias,,,,,,,,PERMANENT_REDIRECT_PATTERN,/บริการ/รับซื้อ-ipad-อุบล/,,FALSE_BY_REDIRECT,EXPECTED_FALSE,0,/บริการ/รับซื้อ-ipad-อุบล/,False,0.0,0.0,0.0,,REDIRECT_LEGACY,HIGH,Redirect rule present in current repo; pattern may cover multiple historical URLs.
/บริการ/รับซื้อ-ipad/ipad-gen/,vercel.json,legacy,legacy_url,legacy_alias,,,,,,,,PERMANENT_REDIRECT,/บริการ/รับซื้อ-ipad-อุบล/,,FALSE_BY_REDIRECT,EXPECTED_FALSE,0,/บริการ/รับซื้อ-ipad-อุบล/,True,0.0,1.0,0.0,17.0,REDIRECT_LEGACY,HIGH,Historical GSC URL; redirect exists in current repo.
/บริการ/รับซื้อ-ipad/ipad-gen/:path*,vercel.json,redirect_rules,redirect_rule,legacy_alias,,,,,,,,PERMANENT_REDIRECT_PATTERN,/บริการ/รับซื้อ-ipad-อุบล/,,FALSE_BY_REDIRECT,EXPECTED_FALSE,0,/บริการ/รับซื้อ-ipad-อุบล/,False,0.0,0.0,0.0,,REDIRECT_LEGACY,HIGH,Redirect rule present in current repo; pattern may cover multiple historical URLs.
/บริการ/รับซื้อ-ipad/ipad-mini/:path*,vercel.json,redirect_rules,redirect_rule,legacy_alias,,,,,,,,PERMANENT_REDIRECT_PATTERN,/บริการ/รับซื้อ-ipad-mini-อุบล/,,FALSE_BY_REDIRECT,EXPECTED_FALSE,0,/บริการ/รับซื้อ-ipad-mini-อุบล/,False,0.0,0.0,0.0,,REDIRECT_LEGACY,HIGH,Redirect rule present in current repo; pattern may cover multiple historical URLs.
/บริการ/รับซื้อ-ipad/ipad-pro/,vercel.json,legacy,legacy_url,legacy_alias,,,,,,,,PERMANENT_REDIRECT,/บริการ/รับซื้อ-ipad-pro-อุบล/,,FALSE_BY_REDIRECT,EXPECTED_FALSE,0,/บริการ/รับซื้อ-ipad-pro-อุบล/,True,0.0,2.0,0.0,5.5,REDIRECT_LEGACY,HIGH,Historical GSC URL; redirect exists in current repo.
/บริการ/รับซื้อ-ipad/ipad-pro/:path*,vercel.json,redirect_rules,redirect_rule,legacy_alias,,,,,,,,PERMANENT_REDIRECT_PATTERN,/บริการ/รับซื้อ-ipad-pro-อุบล/,,FALSE_BY_REDIRECT,EXPECTED_FALSE,0,/บริการ/รับซื้อ-ipad-pro-อุบล/,False,0.0,0.0,0.0,,REDIRECT_LEGACY,HIGH,Redirect rule present in current repo; pattern may cover multiple historical URLs.
/บริการ/รับซื้อ-iphone-อุบล/iphone-13-pro-max/,vercel.json,legacy,legacy_url,legacy_alias,,,,,,,,PERMANENT_REDIRECT,/บริการ/รับซื้อ-iphone-13-pro-max-อุบล/,,FALSE_BY_REDIRECT,EXPECTED_FALSE,0,/บริการ/รับซื้อ-iphone-13-pro-max-อุบล/,True,1.0,1.0,1.0,2.0,REDIRECT_LEGACY,HIGH,Historical GSC URL; redirect exists in current repo.
/บริการ/รับซื้อ-iphone-อุบล/iphone-13-pro-max/:path*,vercel.json,redirect_rules,redirect_rule,legacy_alias,,,,,,,,PERMANENT_REDIRECT_PATTERN,/บริการ/รับซื้อ-iphone-13-pro-max-อุบล/,,FALSE_BY_REDIRECT,EXPECTED_FALSE,0,/บริการ/รับซื้อ-iphone-13-pro-max-อุบล/,False,0.0,0.0,0.0,,REDIRECT_LEGACY,HIGH,Redirect rule present in current repo; pattern may cover multiple historical URLs.
/บริการ/รับซื้อ-iphone-อุบล/iphone-14-pro-max/:path*,vercel.json,redirect_rules,redirect_rule,legacy_alias,,,,,,,,PERMANENT_REDIRECT_PATTERN,/บริการ/รับซื้อ-iphone-14-pro-max-อุบล/,,FALSE_BY_REDIRECT,EXPECTED_FALSE,0,/บริการ/รับซื้อ-iphone-14-pro-max-อุบล/,False,0.0,0.0,0.0,,REDIRECT_LEGACY,HIGH,Redirect rule present in current repo; pattern may cover multiple historical URLs.
/บริการ/รับซื้อ-iphone-อุบล/iphone-15-pro-max/:path*,vercel.json,redirect_rules,redirect_rule,legacy_alias,,,,,,,,PERMANENT_REDIRECT_PATTERN,/บริการ/รับซื้อ-iphone-15-pro-max-อุบล/,,FALSE_BY_REDIRECT,EXPECTED_FALSE,0,/บริการ/รับซื้อ-iphone-15-pro-max-อุบล/,False,0.0,0.0,0.0,,REDIRECT_LEGACY,HIGH,Redirect rule present in current repo; pattern may cover multiple historical URLs.
/บริการ/รับซื้อ-iphone-อุบล/iphone-15-pro/,vercel.json,legacy,legacy_url,legacy_alias,,,,,,,,PERMANENT_REDIRECT,/บริการ/รับซื้อ-iphone-15-pro-อุบล/,,FALSE_BY_REDIRECT,EXPECTED_FALSE,0,/บริการ/รับซื้อ-iphone-15-pro-อุบล/,True,0.0,2.0,0.0,31.5,REDIRECT_LEGACY,HIGH,Historical GSC URL; redirect exists in current repo.
/บริการ/รับซื้อ-iphone-อุบล/iphone-15-pro/:path*,vercel.json,redirect_rules,redirect_rule,legacy_alias,,,,,,,,PERMANENT_REDIRECT_PATTERN,/บริการ/รับซื้อ-iphone-15-pro-อุบล/,,FALSE_BY_REDIRECT,EXPECTED_FALSE,0,/บริการ/รับซื้อ-iphone-15-pro-อุบล/,False,0.0,0.0,0.0,,REDIRECT_LEGACY,HIGH,Redirect rule present in current repo; pattern may cover multiple historical URLs.
/บริการ/รับซื้อ-iphone-อุบล/iphone-16-pro-max/:path*,vercel.json,redirect_rules,redirect_rule,legacy_alias,,,,,,,,PERMANENT_REDIRECT_PATTERN,/บริการ/รับซื้อ-iphone-16-pro-max-อุบล/,,FALSE_BY_REDIRECT,EXPECTED_FALSE,0,/บริการ/รับซื้อ-iphone-16-pro-max-อุบล/,False,0.0,0.0,0.0,,REDIRECT_LEGACY,HIGH,Redirect rule present in current repo; pattern may cover multiple historical URLs.
/บริการ/รับซื้อ-iphone-อุบล/iphone-16-pro/:path*,vercel.json,redirect_rules,redirect_rule,legacy_alias,,,,,,,,PERMANENT_REDIRECT_PATTERN,/บริการ/รับซื้อ-iphone-16-pro-อุบล/,,FALSE_BY_REDIRECT,EXPECTED_FALSE,0,/บริการ/รับซื้อ-iphone-16-pro-อุบล/,False,0.0,0.0,0.0,,REDIRECT_LEGACY,HIGH,Redirect rule present in current repo; pattern may cover multiple historical URLs.
/บริการ/รับซื้อ-iphone/:path*,vercel.json,redirect_rules,redirect_rule,legacy_alias,,,,,,,,PERMANENT_REDIRECT_PATTERN,/บริการ/รับซื้อ-iphone-อุบล/:path*,,FALSE_BY_REDIRECT,EXPECTED_FALSE,0,/บริการ/รับซื้อ-iphone-อุบล/:path*,False,0.0,0.0,0.0,,REDIRECT_LEGACY,HIGH,Redirect rule present in current repo; pattern may cover multiple historical URLs.
/บริการ/รับซื้อ-iphone/iphone-13-pro-max/,vercel.json,legacy,legacy_url,legacy_alias,,,,,,,,PERMANENT_REDIRECT,/บริการ/รับซื้อ-iphone-13-pro-max-อุบล/,,FALSE_BY_REDIRECT,EXPECTED_FALSE,0,/บริการ/รับซื้อ-iphone-13-pro-max-อุบล/,True,2.0,2.0,1.0,14.0,REDIRECT_LEGACY,HIGH,Historical GSC URL; redirect exists in current repo.
/บริการ/รับซื้อ-iphone/iphone-13-pro-max/:path*,vercel.json,redirect_rules,redirect_rule,legacy_alias,,,,,,,,PERMANENT_REDIRECT_PATTERN,/บริการ/รับซื้อ-iphone-13-pro-max-อุบล/,,FALSE_BY_REDIRECT,EXPECTED_FALSE,0,/บริการ/รับซื้อ-iphone-13-pro-max-อุบล/,False,0.0,0.0,0.0,,REDIRECT_LEGACY,HIGH,Redirect rule present in current repo; pattern may cover multiple historical URLs.
/บริการ/รับซื้อ-iphone/iphone-14-pro-max/:path*,vercel.json,redirect_rules,redirect_rule,legacy_alias,,,,,,,,PERMANENT_REDIRECT_PATTERN,/บริการ/รับซื้อ-iphone-14-pro-max-อุบล/,,FALSE_BY_REDIRECT,EXPECTED_FALSE,0,/บริการ/รับซื้อ-iphone-14-pro-max-อุบล/,False,0.0,0.0,0.0,,REDIRECT_LEGACY,HIGH,Redirect rule present in current repo; pattern may cover multiple historical URLs.
/บริการ/รับซื้อ-iphone/iphone-15-pro-max/,vercel.json,legacy,legacy_url,legacy_alias,,,,,,,,PERMANENT_REDIRECT,/บริการ/รับซื้อ-iphone-15-pro-max-อุบล/,,FALSE_BY_REDIRECT,EXPECTED_FALSE,0,/บริการ/รับซื้อ-iphone-15-pro-max-อุบล/,True,0.0,3.0,0.0,14.0,REDIRECT_LEGACY,HIGH,Historical GSC URL; redirect exists in current repo.
/บริการ/รับซื้อ-iphone/iphone-15-pro-max/:path*,vercel.json,redirect_rules,redirect_rule,legacy_alias,,,,,,,,PERMANENT_REDIRECT_PATTERN,/บริการ/รับซื้อ-iphone-15-pro-max-อุบล/,,FALSE_BY_REDIRECT,EXPECTED_FALSE,0,/บริการ/รับซื้อ-iphone-15-pro-max-อุบล/,False,0.0,0.0,0.0,,REDIRECT_LEGACY,HIGH,Redirect rule present in current repo; pattern may cover multiple historical URLs.
/บริการ/รับซื้อ-iphone/iphone-15-pro/,vercel.json,legacy,legacy_url,legacy_alias,,,,,,,,PERMANENT_REDIRECT,/บริการ/รับซื้อ-iphone-15-pro-อุบล/,,FALSE_BY_REDIRECT,EXPECTED_FALSE,0,/บริการ/รับซื้อ-iphone-15-pro-อุบล/,True,0.0,4.0,0.0,14.25,REDIRECT_LEGACY,HIGH,Historical GSC URL; redirect exists in current repo.
/บริการ/รับซื้อ-iphone/iphone-15-pro/:path*,vercel.json,redirect_rules,redirect_rule,legacy_alias,,,,,,,,PERMANENT_REDIRECT_PATTERN,/บริการ/รับซื้อ-iphone-15-pro-อุบล/,,FALSE_BY_REDIRECT,EXPECTED_FALSE,0,/บริการ/รับซื้อ-iphone-15-pro-อุบล/,False,0.0,0.0,0.0,,REDIRECT_LEGACY,HIGH,Redirect rule present in current repo; pattern may cover multiple historical URLs.
/บริการ/รับซื้อ-iphone/iphone-16-pro-max/:path*,vercel.json,redirect_rules,redirect_rule,legacy_alias,,,,,,,,PERMANENT_REDIRECT_PATTERN,/บริการ/รับซื้อ-iphone-16-pro-max-อุบล/,,FALSE_BY_REDIRECT,EXPECTED_FALSE,0,/บริการ/รับซื้อ-iphone-16-pro-max-อุบล/,False,0.0,0.0,0.0,,REDIRECT_LEGACY,HIGH,Redirect rule present in current repo; pattern may cover multiple historical URLs.
/บริการ/รับซื้อ-iphone/iphone-16-pro/,vercel.json,legacy,legacy_url,legacy_alias,,,,,,,,PERMANENT_REDIRECT,/บริการ/รับซื้อ-iphone-16-pro-อุบล/,,FALSE_BY_REDIRECT,EXPECTED_FALSE,0,/บริการ/รับซื้อ-iphone-16-pro-อุบล/,True,0.0,1.0,0.0,26.0,REDIRECT_LEGACY,HIGH,Historical GSC URL; redirect exists in current repo.
/บริการ/รับซื้อ-iphone/iphone-16-pro/:path*,vercel.json,redirect_rules,redirect_rule,legacy_alias,,,,,,,,PERMANENT_REDIRECT_PATTERN,/บริการ/รับซื้อ-iphone-16-pro-อุบล/,,FALSE_BY_REDIRECT,EXPECTED_FALSE,0,/บริการ/รับซื้อ-iphone-16-pro-อุบล/,False,0.0,0.0,0.0,,REDIRECT_LEGACY,HIGH,Redirect rule present in current repo; pattern may cover multiple historical URLs.
/บริการ/รับซื้อ-macbook-อุบล/macbook-air-m2/,vercel.json,legacy,legacy_url,legacy_alias,,,,,,,,PERMANENT_REDIRECT,/บริการ/รับซื้อ-macbook-air-m2-อุบล/,,FALSE_BY_REDIRECT,EXPECTED_FALSE,0,/บริการ/รับซื้อ-macbook-air-m2-อุบล/,True,0.0,1.0,0.0,7.0,REDIRECT_LEGACY,HIGH,Historical GSC URL; redirect exists in current repo.
/บริการ/รับซื้อ-macbook-อุบล/macbook-air-m2/:path*,vercel.json,redirect_rules,redirect_rule,legacy_alias,,,,,,,,PERMANENT_REDIRECT_PATTERN,/บริการ/รับซื้อ-macbook-air-m2-อุบล/,,FALSE_BY_REDIRECT,EXPECTED_FALSE,0,/บริการ/รับซื้อ-macbook-air-m2-อุบล/,False,0.0,0.0,0.0,,REDIRECT_LEGACY,HIGH,Redirect rule present in current repo; pattern may cover multiple historical URLs.
/บริการ/รับซื้อ-macbook-อุบล/macbook-air-m3/,vercel.json,legacy,legacy_url,legacy_alias,,,,,,,,PERMANENT_REDIRECT,/บริการ/รับซื้อ-macbook-air-m3-อุบล/,,FALSE_BY_REDIRECT,EXPECTED_FALSE,0,/บริการ/รับซื้อ-macbook-air-m3-อุบล/,True,2.0,20.0,0.1,7.7,REDIRECT_LEGACY,HIGH,Historical GSC URL; redirect exists in current repo.
/บริการ/รับซื้อ-macbook-อุบล/macbook-air-m3/:path*,vercel.json,redirect_rules,redirect_rule,legacy_alias,,,,,,,,PERMANENT_REDIRECT_PATTERN,/บริการ/รับซื้อ-macbook-air-m3-อุบล/,,FALSE_BY_REDIRECT,EXPECTED_FALSE,0,/บริการ/รับซื้อ-macbook-air-m3-อุบล/,False,0.0,0.0,0.0,,REDIRECT_LEGACY,HIGH,Redirect rule present in current repo; pattern may cover multiple historical URLs.
/บริการ/รับซื้อ-macbook-อุบล/macbook-pro-m2/:path*,vercel.json,redirect_rules,redirect_rule,legacy_alias,,,,,,,,PERMANENT_REDIRECT_PATTERN,/บริการ/รับซื้อ-macbook-pro-m2-อุบล/,,FALSE_BY_REDIRECT,EXPECTED_FALSE,0,/บริการ/รับซื้อ-macbook-pro-m2-อุบล/,False,0.0,0.0,0.0,,REDIRECT_LEGACY,HIGH,Redirect rule present in current repo; pattern may cover multiple historical URLs.
/บริการ/รับซื้อ-macbook-อุบล/macbook-pro-m3/:path*,vercel.json,redirect_rules,redirect_rule,legacy_alias,,,,,,,,PERMANENT_REDIRECT_PATTERN,/บริการ/รับซื้อ-macbook-pro-m3-อุบล/,,FALSE_BY_REDIRECT,EXPECTED_FALSE,0,/บริการ/รับซื้อ-macbook-pro-m3-อุบล/,False,0.0,0.0,0.0,,REDIRECT_LEGACY,HIGH,Redirect rule present in current repo; pattern may cover multiple historical URLs.
/บริการ/รับซื้อ-macbook/:path*,vercel.json,redirect_rules,redirect_rule,legacy_alias,,,,,,,,PERMANENT_REDIRECT_PATTERN,/บริการ/รับซื้อ-macbook-อุบล/:path*,,FALSE_BY_REDIRECT,EXPECTED_FALSE,0,/บริการ/รับซื้อ-macbook-อุบล/:path*,False,0.0,0.0,0.0,,REDIRECT_LEGACY,HIGH,Redirect rule present in current repo; pattern may cover multiple historical URLs.
/บริการ/รับซื้อ-macbook/macbook-air-m1/:path*,vercel.json,redirect_rules,redirect_rule,legacy_alias,,,,,,,,PERMANENT_REDIRECT_PATTERN,/บริการ/รับซื้อ-macbook-อุบล/macbook-air-m1/,,FALSE_BY_REDIRECT,EXPECTED_FALSE,0,/บริการ/รับซื้อ-macbook-อุบล/macbook-air-m1/,False,0.0,0.0,0.0,,REDIRECT_LEGACY,HIGH,Redirect rule present in current repo; pattern may cover multiple historical URLs.
/บริการ/รับซื้อ-macbook/macbook-air-m2/,vercel.json,legacy,legacy_url,legacy_alias,,,,,,,,PERMANENT_REDIRECT,/บริการ/รับซื้อ-macbook-air-m2-อุบล/,,FALSE_BY_REDIRECT,EXPECTED_FALSE,0,/บริการ/รับซื้อ-macbook-air-m2-อุบล/,True,0.0,4.0,0.0,11.5,REDIRECT_LEGACY,HIGH,Historical GSC URL; redirect exists in current repo.
/บริการ/รับซื้อ-macbook/macbook-air-m2/:path*,vercel.json,redirect_rules,redirect_rule,legacy_alias,,,,,,,,PERMANENT_REDIRECT_PATTERN,/บริการ/รับซื้อ-macbook-air-m2-อุบล/,,FALSE_BY_REDIRECT,EXPECTED_FALSE,0,/บริการ/รับซื้อ-macbook-air-m2-อุบล/,False,0.0,0.0,0.0,,REDIRECT_LEGACY,HIGH,Redirect rule present in current repo; pattern may cover multiple historical URLs.
/บริการ/รับซื้อ-macbook/macbook-air-m3/,vercel.json,legacy,legacy_url,legacy_alias,,,,,,,,PERMANENT_REDIRECT,/บริการ/รับซื้อ-macbook-air-m3-อุบล/,,FALSE_BY_REDIRECT,EXPECTED_FALSE,0,/บริการ/รับซื้อ-macbook-air-m3-อุบล/,True,3.0,6.0,0.5,14.83,REDIRECT_LEGACY,HIGH,Historical GSC URL; redirect exists in current repo.
/บริการ/รับซื้อ-macbook/macbook-air-m3/:path*,vercel.json,redirect_rules,redirect_rule,legacy_alias,,,,,,,,PERMANENT_REDIRECT_PATTERN,/บริการ/รับซื้อ-macbook-air-m3-อุบล/,,FALSE_BY_REDIRECT,EXPECTED_FALSE,0,/บริการ/รับซื้อ-macbook-air-m3-อุบล/,False,0.0,0.0,0.0,,REDIRECT_LEGACY,HIGH,Redirect rule present in current repo; pattern may cover multiple historical URLs.
/บริการ/รับซื้อ-macbook/macbook-intel/:path*,vercel.json,redirect_rules,redirect_rule,legacy_alias,,,,,,,,PERMANENT_REDIRECT_PATTERN,/บริการ/รับซื้อ-macbook-อุบล/macbook-intel/,,FALSE_BY_REDIRECT,EXPECTED_FALSE,0,/บริการ/รับซื้อ-macbook-อุบล/macbook-intel/,False,0.0,0.0,0.0,,REDIRECT_LEGACY,HIGH,Redirect rule present in current repo; pattern may cover multiple historical URLs.
/บริการ/รับซื้อ-macbook/macbook-pro-m1/,vercel.json,legacy,legacy_url,legacy_alias,,,,,,,,PERMANENT_REDIRECT,/บริการ/รับซื้อ-macbook-อุบล/macbook-pro-m1/,,FALSE_BY_REDIRECT,EXPECTED_FALSE,0,/บริการ/รับซื้อ-macbook-อุบล/macbook-pro-m1/,True,1.0,1.0,1.0,30.0,REDIRECT_LEGACY,HIGH,Historical GSC URL; redirect exists in current repo.
/บริการ/รับซื้อ-macbook/macbook-pro-m1/:path*,vercel.json,redirect_rules,redirect_rule,legacy_alias,,,,,,,,PERMANENT_REDIRECT_PATTERN,/บริการ/รับซื้อ-macbook-อุบล/macbook-pro-m1/,,FALSE_BY_REDIRECT,EXPECTED_FALSE,0,/บริการ/รับซื้อ-macbook-อุบล/macbook-pro-m1/,False,0.0,0.0,0.0,,REDIRECT_LEGACY,HIGH,Redirect rule present in current repo; pattern may cover multiple historical URLs.
/บริการ/รับซื้อ-macbook/macbook-pro-m2/:path*,vercel.json,redirect_rules,redirect_rule,legacy_alias,,,,,,,,PERMANENT_REDIRECT_PATTERN,/บริการ/รับซื้อ-macbook-pro-m2-อุบล/,,FALSE_BY_REDIRECT,EXPECTED_FALSE,0,/บริการ/รับซื้อ-macbook-pro-m2-อุบล/,False,0.0,0.0,0.0,,REDIRECT_LEGACY,HIGH,Redirect rule present in current repo; pattern may cover multiple historical URLs.
/บริการ/รับซื้อ-macbook/macbook-pro-m3/:path*,vercel.json,redirect_rules,redirect_rule,legacy_alias,,,,,,,,PERMANENT_REDIRECT_PATTERN,/บริการ/รับซื้อ-macbook-pro-m3-อุบล/,,FALSE_BY_REDIRECT,EXPECTED_FALSE,0,/บริการ/รับซื้อ-macbook-pro-m3-อุบล/,False,0.0,0.0,0.0,,REDIRECT_LEGACY,HIGH,Redirect rule present in current repo; pattern may cover multiple historical URLs.
/บริการ/รับซื้อ-ram-ssd-อุบล/:path*,vercel.json,redirect_rules,redirect_rule,legacy_alias,,,,,,,,PERMANENT_REDIRECT_PATTERN,/บริการ/รับซื้อ-ram-อุบล/:path*,,FALSE_BY_REDIRECT,EXPECTED_FALSE,0,/บริการ/รับซื้อ-ram-อุบล/:path*,False,0.0,0.0,0.0,,REDIRECT_LEGACY,HIGH,Redirect rule present in current repo; pattern may cover multiple historical URLs.
/บริการ/รับซื้อ-กล้อง-sony-อุบล/,vercel.json,legacy,legacy_url,legacy_alias,,,,,,,,PERMANENT_REDIRECT,/บริการ/รับซื้อกล้อง-sony-อุบล/,,FALSE_BY_REDIRECT,EXPECTED_FALSE,0,/บริการ/รับซื้อกล้อง-sony-อุบล/,True,0.0,3.0,0.0,14.67,REDIRECT_LEGACY,HIGH,Historical GSC URL; redirect exists in current repo.
/บริการ/รับซื้อ-กล้อง-sony-อุบล/:path*,vercel.json,redirect_rules,redirect_rule,legacy_alias,,,,,,,,PERMANENT_REDIRECT_PATTERN,/บริการ/รับซื้อกล้อง-sony-อุบล/:path*,,FALSE_BY_REDIRECT,EXPECTED_FALSE,0,/บริการ/รับซื้อกล้อง-sony-อุบล/:path*,False,0.0,0.0,0.0,,REDIRECT_LEGACY,HIGH,Redirect rule present in current repo; pattern may cover multiple historical URLs.
/บริการ/รับซื้อกล้อง/:path*,vercel.json,redirect_rules,redirect_rule,legacy_alias,,,,,,,,PERMANENT_REDIRECT_PATTERN,/บริการ/รับซื้อกล้อง-อุบล/:path*,,FALSE_BY_REDIRECT,EXPECTED_FALSE,0,/บริการ/รับซื้อกล้อง-อุบล/:path*,False,0.0,0.0,0.0,,REDIRECT_LEGACY,HIGH,Redirect rule present in current repo; pattern may cover multiple historical URLs.
/บริการ/รับซื้อกล้อง/sony-zv-e10/,vercel.json,legacy,legacy_url,legacy_alias,,,,,,,,PERMANENT_REDIRECT,/บริการ/รับซื้อกล้อง-อุบล/sony-zv-e10/,,FALSE_BY_REDIRECT,EXPECTED_FALSE,0,/บริการ/รับซื้อกล้อง-อุบล/sony-zv-e10/,True,0.0,1.0,0.0,9.0,REDIRECT_LEGACY,HIGH,Historical GSC URL; redirect exists in current repo.
/บริการ/รับซื้อการ์ดจอ-rtx-อุบล/:path*,vercel.json,redirect_rules,redirect_rule,legacy_alias,,,,,,,,PERMANENT_REDIRECT_PATTERN,/บริการ/รับซื้อ-rtx-อุบล/:path*,,FALSE_BY_REDIRECT,EXPECTED_FALSE,0,/บริการ/รับซื้อ-rtx-อุบล/:path*,False,0.0,0.0,0.0,,REDIRECT_LEGACY,HIGH,Redirect rule present in current repo; pattern may cover multiple historical URLs.
/บริการ/รับซื้อคอมยกล็อต-อุบล/corporate-pc/,vercel.json,legacy,legacy_url,legacy_alias,,,,,,,,PERMANENT_REDIRECT,/บริการ/รับซื้อคอมบริษัท-อุบล/,,FALSE_BY_REDIRECT,EXPECTED_FALSE,0,/บริการ/รับซื้อคอมบริษัท-อุบล/,True,0.0,1.0,0.0,5.0,REDIRECT_LEGACY,HIGH,Historical GSC URL; redirect exists in current repo.
/บริการ/รับซื้อคอมยกล็อต-อุบล/corporate-pc/:path*,vercel.json,redirect_rules,redirect_rule,legacy_alias,,,,,,,,PERMANENT_REDIRECT_PATTERN,/บริการ/รับซื้อคอมบริษัท-อุบล/:path*,,FALSE_BY_REDIRECT,EXPECTED_FALSE,0,/บริการ/รับซื้อคอมบริษัท-อุบล/:path*,False,0.0,0.0,0.0,,REDIRECT_LEGACY,HIGH,Redirect rule present in current repo; pattern may cover multiple historical URLs.
/บริการ/รับซื้อทีวี-จอคอม-อุบล/:path*,vercel.json,redirect_rules,redirect_rule,legacy_alias,,,,,,,,PERMANENT_REDIRECT_PATTERN,/บริการ/รับซื้อทีวี-อุบล/:path*,,FALSE_BY_REDIRECT,EXPECTED_FALSE,0,/บริการ/รับซื้อทีวี-อุบล/:path*,False,0.0,0.0,0.0,,REDIRECT_LEGACY,HIGH,Redirect rule present in current repo; pattern may cover multiple historical URLs.
/บริการ/รับซื้อเครื่องเสียง-อุบล/:path*,vercel.json,redirect_rules,redirect_rule,legacy_alias,,,,,,,,PERMANENT_REDIRECT_PATTERN,/บริการ/รับซื้อ-เครื่องเสียง-อุบล/:path*,,FALSE_BY_REDIRECT,EXPECTED_FALSE,0,/บริการ/รับซื้อ-เครื่องเสียง-อุบล/:path*,False,0.0,0.0,0.0,,REDIRECT_LEGACY,HIGH,Redirect rule present in current repo; pattern may cover multiple historical URLs.
/บริการ/รับซื้อแท็บเล็ต-ไอแพด-อุบล/,public/_redirects,redirect_rules,redirect_rule,legacy_alias,,,,,,,,PERMANENT_REDIRECT_PATTERN,/บริการ/รับซื้อแท็บเล็ต-อุบล/,,FALSE_BY_REDIRECT,EXPECTED_FALSE,0,/บริการ/รับซื้อแท็บเล็ต-อุบล/,False,0.0,0.0,0.0,,REDIRECT_LEGACY,HIGH,Redirect rule present in current repo; pattern may cover multiple historical URLs.
/บริการ/รับซื้อแท็บเล็ต-ไอแพด-อุบล/:path*,vercel.json,redirect_rules,redirect_rule,legacy_alias,,,,,,,,PERMANENT_REDIRECT_PATTERN,/บริการ/รับซื้อแท็บเล็ต-อุบล/:path*,,FALSE_BY_REDIRECT,EXPECTED_FALSE,0,/บริการ/รับซื้อแท็บเล็ต-อุบล/:path*,False,0.0,0.0,0.0,,REDIRECT_LEGACY,HIGH,Redirect rule present in current repo; pattern may cover multiple historical URLs.
/บริการ/รับซื้อโทรศัพท์-อุบล/,vercel.json,legacy,legacy_url,legacy_alias,,,,,,,,PERMANENT_REDIRECT,/บริการ/รับซื้อมือถือ-อุบล/,,FALSE_BY_REDIRECT,EXPECTED_FALSE,0,/บริการ/รับซื้อมือถือ-อุบล/,True,7.0,25.0,0.28,11.96,REDIRECT_LEGACY,HIGH,Historical GSC URL; redirect exists in current repo.
/บริการ/รับซื้อโทรศัพท์-อุบล/:path*,vercel.json,redirect_rules,redirect_rule,legacy_alias,,,,,,,,PERMANENT_REDIRECT_PATTERN,/บริการ/รับซื้อมือถือ-อุบล/:path*,,FALSE_BY_REDIRECT,EXPECTED_FALSE,0,/บริการ/รับซื้อมือถือ-อุบล/:path*,False,0.0,0.0,0.0,,REDIRECT_LEGACY,HIGH,Redirect rule present in current repo; pattern may cover multiple historical URLs.
/บริการ/รับซื้อโน้ตบุ๊กเสีย-อุบล/,,legacy,legacy_url,legacy_unresolved,,,,,,,,PERMANENT_REDIRECT,/บริการ/notebook-broken-ubon/,FALSE_REDIRECT_SOURCE,FALSE_REDIRECT,FALSE,0,/บริการ/notebook-broken-ubon/,True,0.0,1.0,0.0,43.0,REDIRECT_LEGACY,HIGH,Batch 1 closed migration gap with permanent redirect to the existing broad broken-notebook owner; no canonical URL changed.
/พื้นที่/ตระการพืชผล/,astro.config.mjs,redirect_rules,redirect_rule,legacy_alias,,,,,,,,PERMANENT_REDIRECT_PATTERN,/พื้นที่/trakan-phuet-phon/,,FALSE_BY_REDIRECT,EXPECTED_FALSE,0,/พื้นที่/trakan-phuet-phon/,False,0.0,0.0,0.0,,REDIRECT_LEGACY,HIGH,Redirect rule present in current repo; pattern may cover multiple historical URLs.
/พื้นที่/น้ำยืน/,astro.config.mjs,redirect_rules,redirect_rule,legacy_alias,,,,,,,,PERMANENT_REDIRECT_PATTERN,/พื้นที่/nam-yuen/,,FALSE_BY_REDIRECT,EXPECTED_FALSE,0,/พื้นที่/nam-yuen/,False,0.0,0.0,0.0,,REDIRECT_LEGACY,HIGH,Redirect rule present in current repo; pattern may cover multiple historical URLs.
/พื้นที่/บุณฑริก/,astro.config.mjs,redirect_rules,redirect_rule,legacy_alias,,,,,,,,PERMANENT_REDIRECT_PATTERN,/พื้นที่/buntharik/,,FALSE_BY_REDIRECT,EXPECTED_FALSE,0,/พื้นที่/buntharik/,False,0.0,0.0,0.0,,REDIRECT_LEGACY,HIGH,Redirect rule present in current repo; pattern may cover multiple historical URLs.
/พื้นที่/พิบูลมังสาหาร/,astro.config.mjs,redirect_rules,redirect_rule,legacy_alias,,,,,,,,PERMANENT_REDIRECT_PATTERN,/พื้นที่/phibun-mangsahan/,,FALSE_BY_REDIRECT,EXPECTED_FALSE,0,/พื้นที่/phibun-mangsahan/,False,0.0,0.0,0.0,,REDIRECT_LEGACY,HIGH,Redirect rule present in current repo; pattern may cover multiple historical URLs.
/พื้นที่/ม่วงสามสิบ/,astro.config.mjs,redirect_rules,redirect_rule,legacy_alias,,,,,,,,PERMANENT_REDIRECT_PATTERN,/พื้นที่/muang-sam-sip/,,FALSE_BY_REDIRECT,EXPECTED_FALSE,0,/พื้นที่/muang-sam-sip/,False,0.0,0.0,0.0,,REDIRECT_LEGACY,HIGH,Redirect rule present in current repo; pattern may cover multiple historical URLs.
/พื้นที่/วารินชำราบ/,astro.config.mjs,redirect_rules,redirect_rule,legacy_alias,,,,,,,,PERMANENT_REDIRECT_PATTERN,/พื้นที่/warin-chamrap/,,FALSE_BY_REDIRECT,EXPECTED_FALSE,0,/พื้นที่/warin-chamrap/,False,0.0,0.0,0.0,,REDIRECT_LEGACY,HIGH,Redirect rule present in current repo; pattern may cover multiple historical URLs.
/พื้นที่/เขื่องใน/,astro.config.mjs,redirect_rules,redirect_rule,legacy_alias,,,,,,,,PERMANENT_REDIRECT_PATTERN,/พื้นที่/khueang-nai/,,FALSE_BY_REDIRECT,EXPECTED_FALSE,0,/พื้นที่/khueang-nai/,False,0.0,0.0,0.0,,REDIRECT_LEGACY,HIGH,Redirect rule present in current repo; pattern may cover multiple historical URLs.
/พื้นที่/เดชอุดม/,astro.config.mjs,redirect_rules,redirect_rule,legacy_alias,,,,,,,,PERMANENT_REDIRECT_PATTERN,/พื้นที่/det-udom/,,FALSE_BY_REDIRECT,EXPECTED_FALSE,0,/พื้นที่/det-udom/,False,0.0,0.0,0.0,,REDIRECT_LEGACY,HIGH,Redirect rule present in current repo; pattern may cover multiple historical URLs.
/พื้นที่/เมืองอุบลราชธานี/,astro.config.mjs,redirect_rules,redirect_rule,legacy_alias,,,,,,,,PERMANENT_REDIRECT_PATTERN,/พื้นที่/mueang-ubon-ratchathani/,,FALSE_BY_REDIRECT,EXPECTED_FALSE,0,/พื้นที่/mueang-ubon-ratchathani/,False,0.0,0.0,0.0,,REDIRECT_LEGACY,HIGH,Redirect rule present in current repo; pattern may cover multiple historical URLs.
/พื้นที่/โขงเจียม/,astro.config.mjs,redirect_rules,redirect_rule,legacy_alias,,,,,,,,PERMANENT_REDIRECT_PATTERN,/พื้นที่/khong-chiam/,,FALSE_BY_REDIRECT,EXPECTED_FALSE,0,/พื้นที่/khong-chiam/,False,0.0,0.0,0.0,,REDIRECT_LEGACY,HIGH,Redirect rule present in current repo; pattern may cover multiple historical URLs.
